offset,component_1,component_2,component_3,component_4,component_5
2,-0.018737102782086557,-0.042992687591227784,-0.014699930335604995,-0.011245600528050112,-0.0036394585682830174
4,-0.019587143314444857,0.009483061348169593,0.010808919401081193,-0.017601780864173345,0.00017742550983886187
6,-0.006555366453368661,0.0008991184823400185,0.0014887536331174044,-0.0006450790194280313,-0.01722510061705357
8,-0.04011493601673411,0.003979672998846742,-0.024444950419553458,0.01233776425365092,0.013458527124613923
10,-0.004687866849946744,0.008466623594574731,0.008621533416867807,-0.01605090834092042,0.006154110677171698
12,0.0015316516602672694,-0.0005766716178358511,-0.006827435835425703,0.0019365694512550717,-0.017235305972999927
14,-0.012559648296032903,0.05597751820880897,-0.019966216261725334,0.009136737301818099,-5.955925150210634e-05
16,-0.0005862130138393416,-0.005578483926370681,0.0045655264100798705,-0.02110760147401986,0.015410121879816935
18,-0.008020227721957795,0.017422159582370065,0.0009417802607140908,-0.009465860238348863,-0.005113028556248601
20,-0.009387490479826843,-0.013368374735674095,-0.0172490808536546,0.006705610440676863,0.0044347532991756205
22,0.013830478512424405,0.01139775976827844,0.01566146793093255,0.028079753378214656,-0.02329767220660947
24,-0.006489893418547445,-0.015425111166114324,-0.005358557267733715,-0.007892626005228916,-0.011429430519250227
26,-0.00906441378985962,-0.0003126541651826132,-0.00290586232892369,-0.030270180084227077,-0.028058491838572973
28,-0.011242334884259778,-0.010286083951820532,-0.006766921539313705,0.023220563331773553,0.0065689881808902355
30,-0.004918536736619422,0.009522125663175892,-0.005214069467606085,0.012291419316297384,-0.012234731559905994
32,0.01069780095723648,0.008593298674198358,-0.004468148980910323,0.0005629435361221241,-0.005120859733816534
34,-0.02806666928522632,0.008766276280040617,0.02062441993672864,-0.0035044161267786386,0.00036143742376280603
36,0.002561117991723296,-0.0037531995819098953,-0.009538266085344423,-0.017893567806569675,-0.017185740809688904
38,-0.014268574812788133,-0.006359715451496812,-0.001779322921918389,0.00477025679559051,0.015230719205585866
40,-0.01687497950396521,-0.0027430756323051065,0.008307139691055527,0.0066633416655840095,-0.018387950490883355
42,-0.009142272169879884,-0.014242172498649446,0.023663107876419787,-0.013639644279504549,-0.00010570780783970417
44,-0.014480254780354196,0.00090508232288613,0.00711384541136336,0.014569724597530235,-0.015818195223407144
46,0.005142813263649387,0.005169189502567635,0.006121940690346538,-0.016877125505169618,0.004108807252690428
48,0.0010764152266988574,0.01101786394248417,-0.004176948283934541,-0.01867033028267244,-0.005619841757546879
50,0.0019907507277336796,-0.008008379147134457,0.016729298525739688,-0.012806677927972274,0.018863065399822153
52,-0.0059452112730152456,0.0017273087786208298,-0.037182225652575694,-0.003079420596732156,-0.017662151758605783
54,0.0016673658078964493,-0.00611685817234311,-0.007456759266542566,0.0014572016464456158,0.0015067970968997352
56,-0.003544634035087002,-0.017269784558110082,0.00698763669968816,0.002239934938070797,0.019769278092224007
58,0.006559289020078866,-0.0021060068867215813,-0.022259337749629966,0.025039037838263462,0.022524180871515337
60,-0.0030586608472368652,-2.8473525421366493e-06,-0.010386632137030893,-0.0023155923946340936,0.0034157169675303805
62,-0.00806506101959081,0.00016508456235209652,-0.030835743103258026,-0.02591417944178861,0.00010148185337977898
64,0.012317973029931676,-0.009180157116506492,0.0035305373047074618,-0.02808887296598,0.025027805498656405
66,0.0003803242407629987,0.0054172115311502695,-0.015977315960399797,0.0040933875084090176,0.02503380172958532
68,0.019954361423264264,0.004095252670857681,0.05103153079513303,-0.029745354176699535,-0.018247853240486788
70,-0.014427485032360953,-0.01942880125593139,-0.02228038760711231,-0.020714205066162207,-0.005117072946239312
72,0.012423584167566361,-0.005067545892126676,0.00019429884119488548,-0.02728261804637605,-0.000702932722090976
74,0.02182576267555278,0.01905134416775229,0.006372429761014842,-0.02884725626623803,0.019296485864332195
76,-0.024289760768319776,0.0023071492915738958,-0.030279844540786447,-0.005844288890903942,-0.0026630546106568708
78,-0.01021807533216015,-0.015356987810982109,-0.005983234602481909,-0.0035138607962917974,-0.012231912065225127
80,0.007455115932625554,0.0035713444020323386,-0.004780580680783741,-0.005970676368459927,-0.029568994506369347
82,-0.0056014144343114166,-0.013384674681645111,-0.03014821282059251,-0.012701089056832092,0.011817957895743133
84,-0.00935265999534577,0.009078302585751192,0.004197093287932783,0.004672422777156328,-0.003386333390765183
86,-0.004673636552425546,-0.015110527524760123,-0.025206152826295382,0.002737184898299783,0.007044468573117027
88,-0.01131555544477816,0.0005547923448948239,0.005834661939182616,-0.001439903900453243,0.005569599246837963
90,0.004648899092535269,0.014156328791998777,-0.002697385296787148,0.004456631104709864,-0.0028114161513642464
92,0.023853607720583078,0.003219035961525873,-0.0005733382659847357,0.014057423806813983,-0.013572952980262176
94,-0.024384752918947542,-0.006466771585243543,0.000720462973854914,-0.012522621266826297,0.002802162038051163
96,0.006155800786239098,-0.0057373650210046125,-0.0032252653253264834,0.010120056160023554,0.007913972313422947
98,0.005602097048971552,0.004827875664811392,-0.00818261312670593,0.014706967055757832,0.026379304565817375
100,0.005026644804309836,0.0006845086492086648,0.001566083385781863,-0.013398408136965467,0.0061254249132347005
102,-0.004378476372921068,-0.020071652090253047,-0.005640203754703093,0.004283910464978832,0.0054364712277477
104,0.00569082698130019,-0.014672045546476954,-0.010934219082764788,-0.03704829133848085,-0.009323139098301084
106,0.01522676491899061,0.04200559677678108,-0.025066590210299226,0.001742597165641351,-0.030798255888449436
108,-0.01661884854379969,-0.006479925299837282,-0.0003596618783210086,-0.01308095072023885,-0.005567263176974648
110,-0.0019949186522024475,0.004005293960221457,-0.0022017785841825853,-0.022640010546810422,0.00748674705062414
112,-0.005377185469063775,-0.004571400089370484,0.006259416839933151,-0.013386238545412071,0.011525823474110459
114,-0.002584084208796088,-0.019319063950882242,-0.003879888512483036,-0.009122927720467742,0.001605231671555313
116,-0.008155556202874462,0.019735884463184725,0.013903806818527993,0.007097945335860839,0.0027846673505943164
118,0.033317594210706326,0.016802104875871384,0.0017517043200906436,0.015056991670080814,0.007027057985473799
120,-3.667710328515449e-05,0.014090134314021587,0.008826983801844338,-0.006410945251285734,-4.855630900712356e-05
122,0.006937453677242898,0.00634758028956044,-0.0026356555161487242,-0.00671719616877574,-0.012957879429636849
124,-0.041037442373603294,0.009567019793585188,-0.012874323295972658,0.031046899465809012,0.01973365409088217
126,0.006224366405098865,-0.014785132735256227,-0.009812651366919828,0.0035449291834753834,0.017611734978453458
128,-0.010922737619072928,0.00852883715454483,0.0047815924701316015,0.003713119988495865,0.008419059241749417
130,-0.015910549174474303,-0.01601241309596096,0.017987580487655426,0.0035769714491901542,0.020500939060615415
132,0.0016356162954462249,-0.01218133226029269,0.023303527830196173,-0.0036211263133442135,-0.00958903110202674
134,-0.014698897861405108,0.00038531301532091834,-0.02680163755430162,-0.0029507632093647776,-0.0006173688558729574
136,-0.007021446958980216,0.00544973215364776,0.010871458135330369,-0.00364806042970817,0.01384273110488965
138,-0.006985336730220413,-0.020525449996149945,0.01084493759212742,-0.0013195205843569843,-0.026406517779901408
140,-0.0010495553869676732,0.00439343249246261,0.006229193081133501,0.016331000977042244,-0.009174956987059824
142,0.011369538205370806,0.004032595015737004,-0.0009044257618129909,-0.004288396512959831,-0.00013040552782613547
144,-0.017642119465927215,-0.002811108353566878,-0.007948839627996713,-0.0010790991468558413,0.00150963061006571
146,-0.03488619001464497,-0.020750931688458946,-0.0017677231049574775,0.005286911890759173,-0.023490006307512575
148,-0.0023447502357434144,-0.02626025360099892,-0.023341790733791706,-0.02386964421052999,-0.012833330068645597
150,-0.0007564134316347286,0.001593992062625422,-0.001982718361717704,-0.004279244849522727,0.003852649895959357
152,0.007705924302683222,0.02014407715826968,-0.007513906874982989,-0.003923215552512165,0.007299076887982346
154,-0.013795134273522804,0.0051842466113957205,0.008041537250233793,0.020516576043675627,-0.02558870306021234
156,-0.007337840811923486,-0.007321168441263564,-0.017447412874064122,-0.00203732377062077,0.005687286612513752
158,-0.0015702123533005454,-0.019457680365641272,-0.0018877926431025262,0.05373825686775079,-0.03926301808126066
160,-0.017627087343615337,0.016501502457430837,-0.023801905357741716,-0.0045371535496746265,-0.0032373182141699304
162,-0.007228360576223318,0.0019464502180724936,0.012383824765025534,-0.019694068473864436,-0.004166475740492643
164,-0.0219323631706782,-0.007109870473098308,-0.01208769468193534,-0.015816127747717196,0.00417047813317709
166,-0.04143938008295458,-0.010314498711611487,-0.025045855850429975,-0.01466169985459602,-0.011071701470948972
168,-0.0031125582538145172,0.010084492563719086,-0.0017905728337004817,-0.00725075056528845,0.003001825470979042
170,-0.01533868431066225,-0.00018994846116252728,0.012566412485199635,-0.004374471258320215,-0.0021981916108320234
172,0.0070069084541998766,-0.0020069296699709235,0.004480154845259084,0.0382429198284905,-0.0019252232068613967
174,0.012386737145648795,0.014861043454768956,0.002509535800510468,-0.005932105512662318,0.0024585176624141707
176,-0.017470252467540477,-0.011033016949418701,0.018994003882267574,-0.017268045932281623,0.02288667675274886
178,0.0029786894084899507,0.009853129778351353,-0.02297731185025992,0.01915176172972975,0.02151780532053037
180,-0.011713885215804142,0.004905994792751006,-0.0038834949349560847,0.007981266507051882,0.0039022213070338476
182,0.020574057557411686,-0.0020765033103338623,-0.0007805633854605281,0.0037236364575950476,0.032732226943230525
184,0.019084166520128728,-0.005963076517835646,0.0027544172065788464,0.03178028787368084,-0.011496942850695972
186,-0.0006646017762988744,0.014467561608184333,-0.007954121433941454,-0.008737996072760606,0.001716094204069704
188,0.0032276632057348063,-0.013970595995434196,-0.01582513951912692,0.010142989980430006,-0.0006793693604818646
190,-0.012210649918144656,0.027644194905413234,-0.0042951298582850905,-0.005123818099899289,0.0012870528825479417
192,-0.01312659097848136,0.0007782390638955261,-0.00818502106435437,0.011239660684646848,0.014035284819872243
194,-0.029916137172213014,0.004543622342875744,0.019851618311897152,-0.03265536484026634,-0.0016496116686658855
196,-0.02681285756990455,0.003638678719032246,0.0139179630914917,0.001833830371833924,-0.013424857819812754
198,-0.0024348597411733217,0.01405149320481212,0.014494376416102716,0.0012147878489379255,0.005514773532563809
200,0.003083179961840604,0.0217737317999988,-0.009281521887381775,0.010958998973988419,-0.007420462761047074
202,-0.0027066004517485864,-0.0012872510234660007,0.021939429085533754,-0.0023250992797754708,0.002228360437065167
204,-0.010600008435341961,0.012549806847573343,0.005537619583986129,-0.02987593042209693,0.0019744873451670907
206,0.006228495412920552,-0.01364509538418665,0.030152262489349855,0.006204666976093262,0.0018869448172144831
208,0.016493318878648452,0.0038165938357254195,-0.008620282535024506,-0.012766634004433045,-0.0015971088565697087
210,-0.013493230226388918,-0.006707293631416034,0.0053481450897656675,0.0040755353882986015,-0.0230045677020117
212,0.0015149667933916247,-0.020112215042781545,-0.012092709386486185,-0.020828441353901002,-0.02165033375166875
214,-0.006362956798539452,0.009054999646133124,0.00838674002661587,-0.04260296331945062,-0.013417132642846932
216,0.002544139423562353,-0.010888717623117836,0.005774574691523587,0.008992350720599262,-0.007897228775617987
218,0.01544060285217274,-0.00022464665369792365,-0.0018229396210797965,-0.004653976403890084,0.019666518550008966
220,-0.012277381891585774,0.011162241624052195,0.006025937205743168,0.012627885668221461,-0.00985304543337313
222,0.009177528581435656,-0.005501939234569731,0.008274131355936657,-0.014176549923955277,0.011791949820758674
224,0.009837147559537055,-0.006132650117478844,0.011201802146509844,-0.009370730943239954,-0.009873543923566848
226,-0.026682219563303997,-0.005306085370551208,-0.003863343783344676,-0.0195348149490696,0.0056223462454910896
228,-0.006831358162989714,-0.006633976340084655,-0.007528693858156711,-0.018841001412604613,-0.002696420345333491
230,-0.02076353145888527,-0.011586969086512328,-0.002234411062250542,0.014520895088917345,-0.0015985368801501457
232,-0.02172141918470068,0.00025494548251455855,0.0031267978114936034,0.004865190206723149,-0.009486697291330894
234,0.0016945667723887688,-0.0065305354731456594,-0.004682150195735984,-0.00036532724317093183,-0.002665687623391737
236,0.00964633337632376,-0.0073834520418382945,0.01806713089438197,0.009229162535986477,0.03175125710893883
238,0.010644311567426021,-0.006831870514459945,-0.019584499956075557,-0.00798373150306716,0.020452223634731644
240,-0.005552567440951916,0.003984386727549774,-0.004186812171588707,-0.014048086030007564,0.003261357152115834
242,0.02800910232159776,-0.018850757394951123,-0.031273631957443114,-0.0005206493616473811,0.014426586851953667
244,0.008846443987002201,-0.02674987594100524,0.004811668025951491,-0.02485646034768674,0.03829695665658883
246,-0.022597955239670352,0.012933445882514065,0.014245344163299308,-0.024736951508180408,-0.0067893416922119275
248,-0.0011789599273753068,0.002137111639557754,-0.0014207287292130387,0.004432639542983136,-0.0028527147282916185
250,-0.017646724548339085,-0.008815967865383153,-0.009901061151805652,0.004174170324309654,-0.016568411075652583
252,-0.019994103818922998,0.002624328365341498,0.005107455763360367,0.010030948065079462,-0.008126478401426857
254,-0.025007510216713484,0.007187820320886012,-0.006940800989729535,0.005598936961364678,-0.0009235333844583923
256,0.007841784886008946,0.01808709449616799,0.02689247856487766,0.013284251894015497,0.004581254826125632
258,-0.009254071031167795,0.013693375408210601,-0.002639440075220908,0.004097908641984334,-0.0018502953643846302
260,-0.01858302946437679,0.008262049257781422,-0.006401959103256007,-0.01719445525135127,0.008089260029228999
262,-0.019865423704643025,-0.00016043273098233446,0.03350939613449245,-0.01028077589224476,0.0176879788068309
264,-0.01536409085198581,-0.0022574571796525017,0.005697609642700394,0.002701721576702865,0.0015414910430915129
266,-0.015817667884387227,-0.0028050330240938404,0.004692527346684177,-0.0036959870905715177,-0.009063715105504556
268,0.004912604310855585,0.01198416306943712,-0.00397992930936076,0.014462020278476961,0.025627093133176824
270,0.002480640283289385,0.003896943726051929,-0.0011632399839978896,-0.011349843672184726,0.002071133237126747
272,0.0018880060548214458,0.001166406754509542,0.006059937526279633,-0.009441421782571506,-0.03807613388825654
274,-0.02020898481071671,-0.009334287715431976,0.037912041260039275,-0.006381171849995291,0.012221643925912259
276,-0.01221609883592484,-0.005054898690384322,0.00548638878217235,-0.01467314681728539,-0.0010568627192244322
278,0.0012331370028750863,-0.005706301232500036,-0.0007248463654351536,0.005286868699805527,-0.009081943462660225
280,-0.005095316116753131,0.014095585671755244,-0.006306159339490817,-0.02035086666949011,0.0003441016879795506
282,-0.005295532174728918,-0.003930094192219822,-0.0036865264628885342,0.0016252642065066358,0.006567141762899511
284,-0.027904301101877325,0.03135489143150964,-0.005905145473652353,-0.008311245573478702,0.0021807347553312426
286,-0.020123626373212602,0.008778942380540378,0.014894372448017636,-0.013010285984646708,0.0031271196848484703
288,0.0029778092817231944,-0.00270215852494287,0.021038055494571703,-0.007507344068355373,0.0032246019377245656
290,-0.0028951857115667736,-0.0042178516775323825,-0.005540338254886797,0.033780991811800956,-0.016529457257452727
292,-8.609071918639121e-05,0.022246048133196025,-0.008944893214595954,0.006384602548226931,-0.043932207704586
294,-0.02100753305949384,0.008320110368732229,-0.0021940173906445748,-0.01117144577168994,0.0010154399742286098
296,-0.03557847503092653,-0.03758742865896309,0.0025288704875855495,-0.011957579062698839,0.005600227657006311
298,-0.022227764759114997,-0.0013740055132154083,-0.01603462114666703,0.0004875169849740923,-0.022850412573931875
300,-0.018222668414556168,0.011914884997997479,-0.009959018539302169,0.009574363749867825,-0.017519600792086993
302,0.004297125120016619,-0.006595025347725265,-0.0047421490439722965,0.0031928672374608416,-0.001211606101058693
304,0.01606600277259127,0.0060499084023269405,0.01536294050838131,-0.0036733241021488974,0.00987363252168568
306,0.0013603769878034995,-0.01545889978025478,-0.004325505164524916,-0.015551523118903829,0.002132090795726663
308,0.008396979238147638,0.001147207810903033,0.0009170940601458461,-0.017353772739502057,0.023848608483111055
310,0.018362192033198402,-0.014923286782513596,0.0009530767086394799,-0.010895530987993052,-0.012798487809692711
312,-0.012337350812247527,0.005405118005695762,-0.013445977696825678,0.0008802969199003438,0.013572845804118926
314,0.009827181431899408,0.012320975060370122,0.002214683608073766,-0.036424682035424684,0.011085000063198413
316,-0.015899635657482064,-0.006645699449477951,0.013749087095807513,0.0015691304421943555,0.017323924834984048
318,-0.009442559200905604,-0.0068126492237718704,-0.0059662827407374235,0.0065242761712039875,-0.0014025124255129182
320,-0.004949148580919823,0.007315743973456603,-0.020668234228605073,0.019217629400187917,0.013855072537453484
322,0.021839723339857814,-0.005840911665686107,0.01938341516271391,0.01652621832118961,0.016194305273066093
324,-0.009587681453261105,-0.007771531532426812,-0.007728670368332106,-0.0029693962941062984,-0.010036169784476582
326,-0.009585931461179883,0.011871604994417981,-0.021433157476709312,-0.038885622086841876,0.005935479021778809
328,-0.0008999816790062857,-0.023366668239361787,0.0052604845883051496,-0.004287390593315329,0.003456843255196534
330,-0.006275324987600326,-0.004200177776075147,-0.002633130145507619,-0.009008414726125432,0.01875246070078998
332,-0.00041409453982108984,-0.007129117974632215,-0.00818899347200462,0.013405501954272373,-0.026762840027440605
334,-0.026872690573596782,-0.011477750981917395,0.009656258517833964,-0.01146503038321309,-0.0035909175420935193
336,0.017629514274895577,-0.006703984131809135,-0.0033232138854355515,-0.03458494473433512,0.006677393892862191
338,-0.01586340116522711,-0.023874011384893347,0.029514906121213016,-0.017473539421635667,-0.014428086587165061
340,-0.014789032231991461,-0.007503588146958552,0.007114207936000658,0.012044990825892141,0.011314471379268599
342,0.0010185251429042834,-0.013076895913697265,-0.004358340125752671,-0.008353513733970107,0.006971403561815597
344,-0.004179894935540748,0.009171903675264074,-0.016165599870874642,-0.022996354608198318,-0.021833225993821124
346,-0.0006384586617709237,0.0066708844497945065,-0.0049242290768177,0.010457736331910618,-0.01490293387264198
348,-0.013182495275382946,-0.0020316309224419076,0.013298587170040949,0.002765271473889577,-7.79520898806636e-05
350,-0.007591598997308498,0.015043141172021943,0.009753567389312073,-0.0061627414696654404,-0.0002463943370158941
352,-0.018234807941894284,0.012672524013274197,0.03226363741723641,0.0035705129123819583,0.008960072580549348
354,-0.006659281558826284,-0.0011921667569065298,-0.017130455390305426,0.00050062827699925,0.003989044178973736
356,-0.01841320549601014,-0.002013206624052419,0.01815792962291555,-0.014504848236682188,-0.0010120080375508266
358,-0.03674022165991176,0.0004531747368078245,-0.023301602722271723,0.02319459552253042,-0.024567859607478666
360,0.013253252810632332,-0.00024387320197025172,-0.012379642685310346,-0.018557448577547774,-0.0032708288737746272
362,0.02334690591847435,-0.002644852158308545,-0.024921246089923212,-0.028226926064373933,-0.00047869761708249647
364,-0.03043468078987732,0.0013152810814271324,0.025356367386563515,0.000944222398398748,0.017503013846561836
366,-0.005397498324727922,0.0004276482552379133,-0.001524425772144498,-0.0049989636793418436,-0.012511928812765857
368,-0.019577624504873496,0.018475459523390216,-0.028090895358733756,-0.020472924060952313,0.01498081572747265
370,-0.004570250842272108,-0.0010454489666500992,0.01878484202218764,-0.009026446670551545,0.0007411548667983542
372,-0.012494629079291544,0.00741880443951799,-0.012322346821143472,0.003427792579247204,-0.014005669548321846
374,0.0020149534183776974,0.011146197121668614,-0.02074441629542813,-0.018396981513290903,0.0011275819019875904
376,-0.003911679819440707,0.03081954839029161,-0.01829116435966298,-0.015608206262567096,-0.00512458823098061
378,-0.00349856745521265,-0.01102259592727707,0.003353204163523237,0.0062323122073016796,-0.0050987885132445804
380,0.034280719786523826,-0.028788272437886144,-0.003829170377570462,-0.006844338872402271,0.0060373602113304135
382,0.00632969926030192,-0.006799421454947914,0.022393997760534082,-0.015291236281320687,0.03081977012541983
384,-0.016614395068734314,-0.018732334358282237,-0.007291451226228112,-0.01692172552415838,-0.000984517182804204
386,-0.0097711588531639,-0.020325411705849013,-0.02249222480780572,-0.01138429965053056,0.011872638740470797
388,0.01595942318653295,0.0012697532228998787,0.02646917980207989,0.0003860547937570381,-0.004896286698312981
390,-0.003261523743421175,0.006414397510377749,0.0012402095629033705,-0.0027265079848868673,-0.0018718123937452916
392,-0.010087232619312155,0.023729744078701345,-0.012518809926990983,-0.02420977388457881,-0.000920206050977089
394,0.010610337229402397,-0.012136978293950645,0.00041889177611223536,0.015163432369907569,-0.018930494293900292
396,-0.006990043245102361,0.007712919577621835,-0.015422093610814605,0.006431073570509935,-0.004494282480951699
398,-0.004752902017485891,-0.016393128762884134,-0.012914178561766979,-0.007666656105714698,-0.01308102636355011
400,-0.014060561118989904,0.012941094594297889,-0.015699476525245313,-0.0029086308048273516,0.0032881175954621055
402,0.009676455080936796,-0.004163614894870873,-0.0030773228266871067,-0.0024933929384749302,0.021286611668050622
404,-0.02210583061675202,-0.012755023557490228,-0.0067855628202524035,0.0070868452007469,-0.0008008866217213023
406,-0.006206797034104872,-0.01788091953049846,-0.007256534275928117,-0.02076559203379431,0.007871597875314563
408,-0.0024889276454486096,-0.003988064866425234,-0.023314463206772364,0.000308076542565368,0.004959169742304186
410,-0.006868271004902751,-0.015458501502591215,-0.0036020274402600214,-0.02243321608998947,-0.00727123980295318
412,0.014152413682963784,0.004403923473686545,-0.0006476469437766893,0.03833503635693459,0.01084722853105145
414,0.0006925097728276337,0.0015674723966337758,-0.004673130455445868,0.008492834705492723,0.00503822504425063
416,-0.015330343850627953,0.027648832447344587,0.017213515271001976,-0.01725790047038011,-0.021735177788268587
418,-0.010214317880850409,-0.004181971782213505,-0.01849677363838447,-0.01869037220480779,0.015193937913198062
420,0.0012108399916432569,-0.021653692586203616,0.005203772084306899,-0.0030279019713435433,-0.0007305251584937018
422,-0.0037268101374440536,-0.01189958076168802,-0.011705805648487133,0.011385773874910046,-0.007781800833050712
424,-0.01888878438523647,0.01383356492664443,-0.019089465737989354,0.0023770265096384312,-0.029397915355299713
426,0.0002812269283418332,0.007885768255085695,0.0061372957916699675,-0.037689395349718186,-0.0001999054946806182
428,-0.009751053865286314,-0.012736331842007497,-0.0004939400289212558,-0.002571999817421469,-0.008584656612308951
430,0.0007548125594103888,0.028261141102747682,0.00722829107492568,0.01595365493798824,-0.005213261994938094
432,-0.004972339099156426,-0.008356840562507536,0.0073467751361160905,0.011024445506007698,0.001823804580530633
434,0.005967828397687421,0.03549698865432812,-0.025554561286839583,-0.020161012834637317,-0.004712227467298459
436,0.010034846689659578,-0.011183490357280829,-0.027396308790985868,-0.023301682800998386,-0.007809708736058349
438,0.00802981207746093,0.004634803567437258,0.01793093918143403,-0.016999596753384433,-0.0012791121152168493
440,-0.020485492294147926,-0.0020092913290198676,0.007101362228199927,0.007548503642104695,-0.0008088054153593862
442,-0.010650964278411503,0.0014518303561443684,0.012795381957939231,-0.005524089803605713,-0.0024745528647581545
444,-0.019463632474900704,0.008613109926878589,-0.004507716573612062,0.0066055698848856426,-0.006176355069137293
446,0.004327993686892266,-0.013352384636981103,0.0006701422708255835,0.006053474138111649,0.00670207136929435
448,0.009616006850673174,0.014701821410969361,-0.011404422018061362,-0.007897134747685094,0.02879959190143094
450,-0.0036954111856452422,-0.0013503694354468463,0.008481769510647056,-0.014219658113492264,-0.00985648076554735
452,0.02730632663610582,0.009094089978513947,-0.03955561835854878,-0.00782643659512354,0.02329432803602205
454,-0.015117853319681204,-0.03775407164857822,0.026076770758135043,0.00093568321897074,0.027441585016001434
456,-0.0064800162831019584,0.0030371841342458836,-0.013869341542492385,-0.019196009831145184,-0.0010847990409396564
458,0.0035582399891589543,0.009583534188676981,-0.0037313248679595595,0.011417026980250905,0.02546960451746512
460,0.012075027578543554,-0.014698894536581231,0.003002646956524592,-0.002397216090767883,-0.011463460748947744
462,-0.006163855221859604,-0.009337957196550893,-0.01122045601211038,0.0025395726103471018,0.008089398157092958
464,-0.04245584197617125,0.006344349635789385,0.023212744286343838,0.007917188837911662,-0.01675797598042808
466,0.006209878383689591,-0.019569988758696654,-0.012241696857250826,0.022547456257304938,0.015073570510494624
468,0.004242618637443311,0.002749364276649144,-0.0014375309564593143,0.01542900000808963,0.0013762090851524658
470,-0.023757081907238135,-0.014414511040613703,-0.005790517392057541,-0.0027941327576669287,-0.018253442172340022
472,-0.0009017180333437694,-0.008871782289996358,0.01175728031817567,0.0014274579874547747,0.018841030488949605
474,-0.02272067839631733,-0.003830983053021411,-0.00229827822132187,-0.014891454906600094,0.005493477926722796
476,-0.005520305609479951,-0.009655581050943475,-0.007250381598331956,-0.009844523378166064,0.007521058324890434
478,0.004639314062144099,0.001998145232008094,0.008855586606997813,-0.022015754578619064,0.02194737042423253
480,0.0005859245425489926,0.00930955083637034,-0.011249400783274667,-0.005320893456112679,-0.00931620743425916
482,-0.014311860791200578,0.017572475506080244,-0.04299485403327523,-0.023359897183808785,-0.00908836160807175
484,-0.009027759118351856,-0.015664192519960863,-0.005775092289435617,0.009943448880042376,-0.004120413099011397
486,0.0040215158385878535,0.0056937345481417835,0.014543050186886565,-0.015353748777640685,-0.010360280349662352
488,0.02309468226978939,-0.0016465146160614076,-0.026130066164463693,0.008132779221451156,-0.002627570863654344
490,-0.013712388359679325,-0.006690585190761354,-0.014607161424508545,0.020876980774094372,-0.013105758819330625
492,0.0019039804976559965,0.0014355602914751255,-0.002073252966127346,0.0022681343427226174,-0.004761553936992722
494,0.007437968513412828,0.017989522658918216,0.0012429748903259477,-0.018187291199922538,-0.0010330864469029202
496,0.022808676303198508,0.02004437208599344,0.030752252059005628,-0.014485062662392207,-0.01133452655917315
498,0.0022243831311239267,0.01400857429744377,-0.02191974958143437,0.011614934136490567,0.01190917468579825
500,-0.018051399453588395,-0.007168838548849487,-0.01640361033900264,-0.009474846197249394,0.016829707355339518
502,0.003201132381674083,-0.008243763341926003,-0.0008506651052798181,0.005912733998256669,-0.016135260616973433
504,-0.015442211048541933,0.0027670587839005055,0.023194713910261566,-0.008175915066854994,0.006396155877061597
506,-0.018085899261776513,-0.010646160900272407,0.022690529447992474,-0.008885273313301346,-0.008745156730935708
508,0.0008616472206779951,-0.006250853580086156,-0.012522756566650929,-0.02713086994868978,0.01661749891095704
510,-0.0018107892450219868,0.002247957806479371,-0.002114762382745678,-0.008430016669603357,0.015949368529394835
512,0.021717245143593945,0.013866324666740246,0.01623471663646524,0.012386570990087921,-0.01840066057083741
514,-0.024516194291191104,-0.025431851685885975,0.007171978521329863,-0.012379466727760765,-0.007149112994655245
516,-0.004304649032070361,0.001510488815563797,-0.0006407878047397825,0.009140605075494124,0.021235817308213216
518,-0.0021478694719252044,0.006984090510490591,0.004205757010010637,0.016228661300672118,0.017597397202588645
520,0.016203593824113634,-0.005551288532084108,-0.022331820713282168,-0.004247567344012877,0.021866447383120893
522,-0.012627260500737265,-0.015411217791534652,-0.016908979529270195,-0.003316978891415794,0.0007208052427555861
524,-0.004302405764476979,0.03540131214820114,-0.012349934562506411,-0.006345604381246827,-0.01777998700315904
526,0.004914765741572755,0.024106332936948967,0.0004437286704560748,-0.012888173292095396,-0.01186441678124092
528,-0.011186630760631045,0.01258698200674061,-0.0019352847981190966,-0.012010156845501116,0.002791593645772799
530,0.025610050275168206,0.027005727964369078,-1.975848600241656e-05,-0.004440291781386586,0.01675117682584796
532,-0.01600656374272752,0.011274384183683074,0.00028503324078279867,-0.036775042802230776,0.013945343849689693
534,0.006962571613668823,-0.017869034257942947,0.022649910928306607,-5.8404550927657687e-05,0.004961678745812683
536,-0.009814464942798704,0.017123132390029838,-0.008052218454314926,-0.003021610651920804,-0.013550978580477484
538,0.002387626429505023,-0.003382234781256167,0.018251639773595674,0.022356992941699478,0.01268794722797099
540,-0.0031384444119097877,-0.0012970734804191029,0.003407543608490277,-0.006484258337545524,-0.01015876754105373
542,0.015607672982115574,0.021441047831231106,0.0168362284874976,0.0030329980148430472,-0.008694654046716
544,-0.01062360962049363,-0.025796043603611683,0.009529036804797315,-0.0015070004367423717,-0.004502240773025573
546,0.0015199116016815096,-0.01192140460252258,-0.008171374756728583,-0.008734072326113585,0.007102499721008594
548,0.012870311839767966,0.01589894167447047,0.03198249029359342,-0.010096286844586742,-0.011997982561829995
550,-0.013841508307490211,-0.01684103148728854,-0.0005975982077889577,-0.0005975167570224472,-0.005610438352641161
552,-0.012421547621965746,-0.0015187231780138502,-0.010298536104137128,-0.0084342253224011,-0.0205559927917026
554,0.02208156532936113,-0.0018732119312214652,-0.016014131954763595,-0.018489744983094653,0.010091156520753519
556,-0.01735596440799501,-0.03659049468037173,0.0030009574906439676,-0.002147914562402703,0.01242818521928798
558,0.004004897282713487,-0.0066977504507061995,-0.0012463035051730423,-0.004352498852295726,0.004158615463336869
560,-0.003792223904021394,-0.0014420283235091673,0.005593924611107858,0.005705313031514782,-0.009921299133419674
562,-0.02806635391066395,0.024578762534252188,0.01525845049256968,0.009540880862405711,0.005556902528486328
564,-0.0032897032086376256,0.008939535493101707,-0.01738907579832377,0.0024217024532625724,0.00670654312058634
566,-0.005357774136806396,-0.03818316900142279,0.021821492730566303,0.012266715940321055,0.031991047044062505
568,0.023391574771677807,-0.005011797128674012,-0.027906105270223146,-0.010740207656003331,-0.01080258389821103
570,-0.003925561628947927,0.008129482743233114,0.018016347257837618,0.0024871855144551038,0.0038791906584379377
572,0.009444100290441869,0.013616372297704444,0.04713347214239551,-0.005409304660246664,0.0026075555346157125
574,-0.009786154303345299,-0.0007544297063057122,-0.003720596370115602,0.000986868609034615,0.027591660036435203
576,-0.002601683414276074,-0.00912224721502427,0.010647791779030406,-0.0020094033068272666,-0.01816465553434515
578,-0.023124868540082583,0.004153692244809471,0.015937276857290357,0.007991035668893864,-0.011224767756349374
580,-0.012915743593019372,0.014785619434649415,0.02677375595911424,-0.027087054971456068,-0.027532320298001154
582,-0.000584487421570265,-0.006519229606994824,0.006395237870853387,0.009935653936194085,-0.022977687449766932
584,0.011740144743219315,0.013066461847689432,-0.01175387190814883,0.00025396549239452363,0.012384356901211169
586,-0.018768868151023122,-0.01254887297817107,0.005165240344702945,-0.0051043755571479775,0.008348745363553619
588,-0.007087104212270851,-0.0005375439230420482,-0.013000204175311851,0.0028422223009010347,0.00641863109619784
590,-0.01642123435188619,0.012212160455300432,-0.012447226521814129,0.010659897745885138,-0.0007977192792024116
592,-0.020568193747125613,-0.005710502714192141,0.014627903798913263,-0.00951103471339086,0.004977563391851789
594,0.0039098901089418695,-0.005174122653223991,-0.0031331699031797145,-0.009276827727467777,-0.021594629259653345
596,-0.007209188011167426,0.03300878221333071,0.0017227972792385562,0.01049956982081837,-0.0038111687060333895
598,-0.001370353384801186,0.030423695310467645,-0.001832996128372444,0.020137608385411298,0.0327257105721793
600,-0.0005208528374571265,-0.014746168662300106,-0.0036164127684203775,-0.013333694022504925,0.006322646394854393
602,0.0158701313207578,0.005466698935458107,-0.005403232592910011,-0.0071472797866426385,-0.007527854920110066
604,0.003273685953099771,-0.03142204134449043,-0.028260497845157554,-0.03048523418449147,0.017875986450605615
606,0.007067026915533761,0.00011152376206176815,-0.002738848786749153,0.003567043943708468,0.012682390438199138
608,-0.01565198538027911,0.008457238631825337,0.002486862437048578,0.000449513754456191,0.013680554684489272
610,-0.01005036362762382,-0.008387296928760645,0.013122815614830587,-0.0017741847935262899,-0.003998036876212926
612,0.02513199276343267,-0.013289953637945788,-0.010577437172190817,-0.010516481064390033,-0.01779785827707649
614,0.010451363967278188,-0.02258467081155869,-0.0013512949301217258,-0.025112080977500385,-0.02898705603298458
616,-0.005576603437732696,-0.015925522295017407,-0.009115541170961044,-0.01971963431262697,-0.006818676700884823
618,-0.0020422322099587715,-0.015839290795107215,0.00014447564478807325,9.963713840039363e-05,0.0019185980231961317
620,-0.006034267922569624,0.0012668659992396355,0.02278196018422197,-0.01733029927553593,-0.0015740649586117492
622,-0.019469084473244077,-0.014284995629169357,0.01178055182387913,-0.05609472357903016,0.02085150320092137
624,-0.0030909611889514926,0.01483326004723489,0.004708083663582264,0.008249988155089347,0.017523017669774942
626,0.01935200669918736,-0.0030715299134869965,-0.013493541371915463,0.021812229460079356,0.010682672994194406
628,-0.009205530568569674,-0.0012773081048111827,0.0030540926753846185,0.01035305539710407,0.01676588192807771
630,0.003393250851575187,-0.0010399446225983972,-2.16074242546023e-05,-0.007938755467592994,0.004064787084819055
632,-0.006784623739047141,0.0010977738636110898,0.027315960751377426,0.0451373741467921,0.013025232481826627
634,0.013650578967309271,0.009374466911932283,0.043724463461628255,-0.0036164086342960456,-0.03417805956844824
636,-0.00843537512374567,0.004106864205015836,-0.009074036193046336,-0.00668210264875136,-0.008100936672198102
638,0.020270615741239412,-0.009256385301755335,-0.0012553317409917614,-0.008218728409679086,-0.007525312523010469
640,-0.000753576648287305,-0.017285087887807717,0.00874700477736256,-0.021171477421854625,-0.011962048086027608
642,-0.01531724852933574,-0.006579829496539454,-0.012789963821020007,-0.0015989179801014252,0.004411691806134961
644,-0.02612349631285676,-0.008293495305401837,-0.024157777836293814,-0.004088953671325986,-0.007727639339187903
646,0.0016323589361646948,0.014747556605596691,0.004641820586751248,0.0047859412708883275,-0.017767838740012226
648,-0.017702886818383955,-0.00679465234871843,-0.004552346580824597,0.005544257981104562,-0.019058643513467824
650,0.012727406665754268,-0.006360922942013032,0.013667204432050417,-0.0004766492982705526,-0.01646488579751736
652,0.02005224672960033,-0.01755513707659984,-0.008415670748497032,-0.0051180390748460135,-0.002745806700243555
654,-0.009329419771355043,0.00658058506741595,-0.002728129831308826,-0.016901542651704463,0.018127751485472587
656,-0.015538528691925868,-0.006416566313171232,0.0003740454238673336,0.025799037297492822,2.8509502158607354e-05
658,0.01560805532538113,-0.006580569816342373,-0.007047916491895655,0.02397722280805962,0.0009374618863967593
660,0.0011115199767452173,0.000236348101597082,0.00010848255192396836,-0.009754264773310872,-0.01744869116143731
662,-0.015177857653879894,-0.0012495439005237906,-0.0054795953202341945,0.01608996228002778,0.018440612411122943
664,-0.01673594217772116,0.028331786277976174,0.005478648682149548,0.002816761478943054,0.043631657264952876
666,-0.010992332130728361,0.01207277054871805,-0.018216292166887697,0.006491166259177774,0.004854564769872731
668,0.011952515135983433,0.009455319809705725,0.0119359224865513,0.01567685184982442,0.022744752369996794
670,-0.01894845638995281,-0.00934971179616474,0.025147951425754975,-0.00023349005353054075,-0.00022351185773875494
672,-0.006777018552764794,-0.0024951519976183045,-0.005711283350324267,0.007141762718149212,0.004378656443058127
674,-0.013598235746159754,0.005905414458573083,-0.004724029366224155,0.0015087400729245186,-0.02496214847274307
676,-0.008573571804546756,0.013152086761392194,0.0004585999862206889,-0.006111853981269213,0.006122756678040198
678,-0.006067812709020888,0.013045703172970107,-0.0249677630263821,0.002287012200048808,0.019063980624389364
680,0.000932735459420292,0.00334285078531315,-0.009874971683393297,0.0193038356047623,0.010163120764569869
682,-0.030838841584946496,-0.0034418120484600947,0.0014572663163701796,0.01035435027246498,-0.021279725831116966
684,-0.013218470838183142,-0.005229841712785606,0.0042038556136548225,0.0006362136723542771,0.0005091594464939967
686,-0.0027554471890534997,-0.019602539360689907,-0.0024898750215526047,0.007263968284535806,0.0036377783417737364
688,0.0003811404959415843,-0.0030706484478967623,0.006529423397467346,-0.01463975423190989,-0.007680061623128067
690,-0.012855343472342951,0.007869262483667575,-0.0005962498923228557,-0.0046028335596727974,0.012022356923609704
692,0.008148973591077595,0.010462330454660962,-0.032603431135874925,0.00022277638269193838,-0.028799040507604692
694,0.006418664432470012,-0.0115031056948083,-0.0027532685157468737,0.011429753562212293,-0.00015095446174306803
696,-0.015517407556850807,0.013271688485944328,-0.01756770607700498,-0.011356665168842966,-0.014031725957305603
698,0.014791442091999198,0.016578055368791297,0.005825798475866314,-0.022385193826534103,-0.002402027558258008
700,-0.008846240546051161,-0.003314708660497709,-0.010846788659413242,-0.004267665553531995,0.015934819984979795
702,0.014824541268689793,-0.002886049924808631,-0.01852061058383704,-0.00906607443481195,0.015927304373789277
704,-0.00813800832238281,0.027574833788768564,-0.01729187850064095,-0.014658570878581056,-0.00479368566847548
706,0.007572821043649441,0.003149995109770879,0.0013022352462893983,-0.0018442675940371872,-0.019534831762300107
708,-0.014902138785844943,-0.005416304751453782,-0.01508560002536836,-0.011525363222983776,-0.005817486951115683
710,0.02089881988731482,-0.009430283755521199,0.01858509883105856,-0.02935030516844362,0.0009281788045273385
712,-0.006136423953871755,-0.012680644895862755,0.013634215633378357,-0.003826327921631841,0.004110159771480372
714,-0.0016180241648399145,0.0018931397539795108,-0.006721347696100976,-0.00828953572763593,0.0045359691546000514
716,-0.012769432375402685,-0.0006126386600937742,0.024190816496944767,-0.02362940938966918,0.005679458773462214
718,0.014259072144831584,0.02621081886727829,-0.02506806420251862,-0.03373942113018859,0.0024168750107913754
720,-0.01224330739547149,-0.014228143708335262,0.000704099809214189,-0.0062854456310655615,0.004886125876872189
722,0.002808542622633617,0.011824703164581443,-7.986322857154181e-05,-0.01641063064071284,0.0023562653599669037
724,-0.00519734204865847,0.0090309059182355,0.01693821398221805,-0.01278782723695246,0.029455363424679692
726,-0.0005994171666015835,0.012653891956806192,0.009383000636768168,-0.011153549439327632,-0.011603270531788782
728,0.0003188080860543919,-0.019461194499720898,-0.005357988784910651,-0.0029437578475814273,-0.012032076922902882
730,0.0026505919566297393,0.0057802324048585535,-0.004373447108001575,-0.007061308756629086,0.007302863431519732
732,0.004257414067562119,-0.0023485932664938968,-0.005762809490474969,0.014192899829145478,0.011125988486866488
734,0.004073819783635926,0.015128502877220848,-0.0038242987634627204,-0.016235365708060542,-0.02576219594902831
736,0.019079525534877673,-0.008651958970511787,-0.0008784488371673936,0.01207802697238603,-0.032922583783406956
738,-0.006721293639255843,0.003099208754696496,0.010397341297407128,-0.012468379979558273,0.006636904115763678
740,-0.008952397076959717,0.0009291604794929827,-0.020980812381220064,-0.0015697619758835914,-0.0014929299874205854
742,-0.01983739702419434,-0.027742215596425375,-0.02262464778594556,-0.006407988862510977,-0.016442082428518766
744,0.008367052110685095,-0.0013957217815507158,0.00819455098893188,0.0026228643735965226,0.00741451134928106
746,-0.003656728245312701,-0.005591064765937395,0.006863132443927071,-0.019213759221294334,0.0038516328856454045
748,-0.012266213124682632,-0.0024946832371060073,-0.012867995357945552,-0.01981283305583627,0.015120983021210036
750,-0.004846044220331369,-0.00942316489725764,0.021007042476342375,-0.0143746078211263,0.011041280253106972
752,0.016687578049021188,0.0006025073640693328,-0.0064436728180230175,-0.026846421039457793,0.014467621429818826
754,-0.0266989627190945,0.01505412710967171,0.04373534178425546,-0.012455422674013315,-0.02012282762835476
756,-0.004051576266076998,0.015590220954831684,-0.014141196656682228,0.0048701850813115625,-0.004981693815167396
758,-0.027174497881509267,0.008351683359360765,0.0019198425266667746,-0.014341171054378356,0.0005257425416347619
760,-0.01167947647596592,-0.0046679935607125385,0.0051722574067785835,0.002075604857196825,-0.008333550144525118
762,-0.012183090174153022,0.012333281008400157,-0.029203080959927716,-0.0005092372056493203,0.02404454278978258
764,-0.0032858563005667514,-0.0036011688131476144,-0.020047876368744343,-0.021172040788398547,0.011448913882760746
766,-0.025923938647641406,0.029346111976332072,-0.028770742476041146,-0.021787386686352075,-0.0005611353960746719
768,0.0005727115779014275,-0.018858910093714272,-0.0028001498930410075,-0.011360842563955146,0.015590648191200986
770,0.02172568773546064,-0.02065129085108366,-0.005278336277736765,-0.012114686924868947,-0.0012728462301179726
772,-0.02556931379662855,0.013090823915311318,-0.005794357864504254,-0.008767340045527757,0.02388065686591362
774,-0.00024531285427481,-0.009598361175367219,0.0020163751439682435,-0.00019495134336163463,0.016999917491970724
776,-0.009911971366724871,-0.0021887753295930464,-0.004770916860312334,-0.016677689705199797,-0.025944583121398797
778,-0.014756956075857188,-0.01506006439445247,0.012330534935394937,0.010714520603568282,-0.02120262978286982
780,-0.01678050660772652,0.0032352659823281374,0.0001900017094741166,0.0017468302659857703,-0.00906832605653343
782,-0.004844909299869786,-0.007385992574744947,-0.02400146842288507,-0.004937470288915843,0.015516631995768063
784,-0.024079418102565073,-0.02382346020352797,0.016346021618176537,-0.0029752674602018326,0.01711847683041526
786,-0.005644590594028636,-0.013160937717862945,0.004345620619136964,-0.005839774534457631,0.0033962347790304076
788,-0.05893467069975492,0.01547932250596256,-0.031908423022418704,0.009932459589472874,-0.0036337624498081183
790,-0.015777639605680432,-0.005463234151773475,-0.01012075222823145,-0.0042698851923467255,-0.009724973866237356
792,-0.00836346444961882,-0.0040034180767408115,-0.01220335524671893,0.003924435238449438,-0.0004453447701748524
794,0.01166560985581976,0.007027630581757557,-0.009132250108784353,0.014156230220192993,0.0032122701071107297
796,-0.01669660257403525,0.022351258472576768,0.03794623201569383,-0.002764040458296817,-0.011465989101418609
798,-0.01259739138468927,-0.014432028355797656,-0.008075323576787072,0.002488674950475981,-0.007406910963702945
800,0.0014397044879242164,-0.005632293469248478,-0.017487113794418613,0.006905897812164716,-0.005871855689507408
802,-0.01240322481152121,0.021982141872428227,-0.0018486523661600633,0.00477887183189388,-0.0010826886866162138
804,-0.019431623023788338,0.010324553018812493,0.005392829968762379,-0.01056200381883162,-0.009752956241150093
806,-0.007519650483611213,0.01551993978043659,-0.009625332500967235,-0.010957690464027127,0.017423992910420284
808,-0.006311994758679263,-0.012026040084793275,-0.0025181892204100766,-0.025740936920547373,0.03341795719074099
810,0.0018149887048669897,-0.013510447480686189,-0.005585843659542227,-0.003525377578878195,0.0068229819947092365
812,0.01082506554098108,-0.0007561721596733548,0.0038079498558025032,-0.020794742511285266,-0.035850015510750496
814,-0.002789870676400377,-0.041067060948399625,-0.027682388536706282,0.009078968769711144,-0.024515009948528836
816,-0.010783889102991908,0.010946108951191936,0.003739887815825932,-0.017966429388442312,-0.011644676650318713
818,-0.009386360718585519,-0.012493216314818352,-0.007314539271281521,0.029285460762917877,0.003356247879080055
820,-0.01659536377687549,-0.02077722543534051,-0.011772929836456893,-0.02638660084598082,0.016664994079540602
822,0.0009909795287464953,-0.006804652286920989,-0.018998093745420556,-0.003161970591890828,-0.003493233537275188
824,0.008338525155616361,-0.0008523239001829279,-0.005678306099327829,-0.012165312221241745,0.020213831733286572
826,0.006018776233917639,-0.0003056189969205131,0.004780220067025256,0.0017822110730448817,0.012076936908601845
828,0.019069545086034177,-0.024552110510577766,0.010272613036155424,-0.009077812122102511,0.0035076422541304576
830,-0.019793157883440136,-0.004696506082233299,0.004967528147257477,-0.021647406651691493,-0.0050242925393221664
832,-0.018714095724671104,0.012007473104171136,-0.013975083808585535,0.0055910061042324195,-0.004221889594134693
834,0.0007488136307769764,-0.0072337236008447724,0.0018616530573925079,0.003699616344302475,-0.018672505843540122
836,-0.0026066655846079304,-0.006789192986353366,-0.011035350995784215,-0.028081901915286776,0.022203921159825227
838,0.007600524288804283,-0.027011155331605634,-0.0029063100358176267,-0.005286452709839091,0.005709165479934076
840,0.00036314249974063543,-0.0026065896381665538,-0.009369313669737069,-0.008013711366914724,0.0005968392082177918
842,-0.009015086616009764,-0.023713221805099462,-0.02144953819691903,0.008294136989010508,0.02049825311219606
844,0.016035009035013648,-0.0008344138669691163,0.011556757852458105,-0.01128560268611222,-0.013973670490922489
846,-0.009398850607539762,-0.023648926861023455,0.008363276748530343,-0.007244748157064932,-0.023616513278532338
848,0.005077918925137695,0.022256123004930146,0.005281865706843317,0.009935054521484249,-0.00932729541472708
850,-0.003081019915629818,-0.0004175015279663775,-0.012624715512704927,0.009697177257565848,0.006070020625081051
852,0.018500149541179022,-0.010999924853226952,-0.0013142875708410755,-0.013874205956590184,-0.027371066940477237
854,9.35150501330422e-05,-0.005387428333320219,0.009540041632335546,-0.037037022282799495,-0.016247262401679837
856,0.017150089149517777,-0.0017890038499587485,-0.015410539374686288,0.015206733729187648,-0.029561871533528836
858,-0.000151509758479352,0.014022491626437946,-0.006163094931586423,-0.008565759762069839,-0.007375264469334893
860,0.016687084837131605,0.013710185172353135,0.010265392224333413,-0.016740554045375416,-0.003986702617454263
862,-0.021390768411298288,-0.0004647364809242111,0.013955502321541509,0.05450558317419261,-0.011892304517198719
864,0.0023323064183053657,-0.013565373065412448,-0.022048152794168743,-0.01798357243843342,0.0028523088541416502
866,8.367260162246137e-05,0.017258454367690215,0.01570042215150858,0.047578863208633394,0.026697944378403095
868,0.017357325665234728,-0.013455092059742968,0.014489231974523838,-0.0014771359324056918,0.001746338492196122
870,-0.0090680233766753,0.018690027986427875,-0.006450280135023108,0.00874107414896245,-0.013054496539073248
872,-0.029999361107168127,0.026789010115331757,-0.03671509696901368,-0.00782308430315007,0.0011234001937060528
874,-0.0035704955932574427,-0.0068279495640896064,0.008417873003450248,-0.018099594932343307,-0.0029652146521758262
876,0.0025010511171023038,0.0068143084924052015,0.0009964489660392807,-0.00531268589663698,-0.0010255783070050482
878,0.008990685384515484,-0.007471374568122209,0.007105028523041873,-0.003404686309607625,-0.023598613152731936
880,0.0036327352788514205,-0.01614076481980831,-0.010602357826862707,0.007540213256984681,-0.018228900869555788
882,0.0036582566360347664,-0.007521511077474135,-0.0065898908074585455,-0.010070294162783808,-0.006919826023379394
884,0.005261135231172557,-0.005414610413823128,0.016940897255001346,-0.008907990529581373,0.008762015084268937
886,-0.006483036759542808,-0.014772103458515411,0.022478827542633414,-0.018978147754022148,0.013173685885377514
888,-0.0024381647150680283,-0.011913978305102529,0.011995138611280055,0.0030916730539177102,0.01265019634808017
890,-0.010928932550378547,-0.005093175690070158,-0.0008223574060358733,-0.006867247986019855,-0.004051647252510302
892,-0.0160106377932663,0.021404362765218496,-0.013926046089242255,0.013760763694212261,-0.0006678033909727726
894,-0.00584928670612754,-0.010162036794560004,-0.0034326447078293605,-0.019668432583659322,0.0037875596440781253
896,-0.004581140746198692,-0.025508872454857986,0.02762080486125405,0.014593606006479964,0.001234779345497724
898,-0.00804289979346949,0.0037786941830244857,-0.009387006243584024,0.013593196539329553,-0.03367418103059695
900,0.01712124561683805,-0.010994697525403403,0.012470632531709684,0.0010198185175620306,0.009753523146860987
902,0.0036177012323472825,0.01161549790871938,-0.011231520019745563,0.013588176723503776,-0.008262188119043869
904,0.017748389862942922,0.022746971517734884,-0.009764456065275932,0.0028549056212283964,0.00995196403396819
906,0.026828930203312153,0.009277094837923463,0.007351236483752938,0.009212611890650375,-0.004119658690666733
908,0.016256171061140107,0.006117325024306152,0.008853023663731457,-0.019732287165863973,0.0015817353212793082
910,-0.011524463690773895,-0.0058287184983943545,0.0031933980309621552,0.00425257203133561,-0.004496178454791279
912,0.01502827239885735,0.005060393840034212,0.014542121871484938,0.011641484450016386,0.0049108446212757315
914,-0.026596658048691227,-0.006140303889221335,-0.012279597861169732,-0.017032629650546107,-0.009973860107721392
916,-0.007331185982454386,0.044025911182034284,0.026600183307259082,-0.027629875901586953,0.0192165139672186
918,-0.007085662395046706,0.0027927536676005775,-0.0003428534869305679,0.0023412677025422004,0.008132398416356846
920,0.0018281838818754858,-0.00950988046493941,-0.027670465180279477,-0.0179760039957007,0.020288015115601084
922,-0.006787660179757372,0.025782995470839676,0.0006785868935244481,-0.006254536935964217,-0.032213396005412016
924,4.238304251241395e-05,0.0067584010217416985,-0.0055095859206734975,0.006499513639483805,0.0027153462994581744
926,0.001292445004706933,-0.008423100058750662,0.013679495382207772,0.00012076024630713523,-0.028006119876408338
928,-0.013976099481787494,-0.012243429471309186,-0.0038013501814223366,-0.019489944866262255,-0.017436195070036863
930,0.0006810652198218422,-0.0002003321677727196,-0.007662069131978166,-0.008205552078551611,-0.004308733340478599
932,0.012553299110372243,0.02420545961111131,0.004102632856694719,0.006264480245320949,0.005391273008284925
934,0.014315560468794172,0.006958122834929359,0.010560259976973562,-0.006319701990557705,-0.013645185483180323
936,-0.014347183611581191,0.009103768476264854,-0.0023500815288325537,0.0067834962841770135,0.01599208390294961
938,-0.008194766097639541,0.004089661088620569,5.2269947512549876e-05,-0.009951634450275389,-0.04273935650677581
940,0.0008645937219792424,-0.00021274268689191173,-0.011839561456273335,-0.022549539799273353,0.01530695961099338
942,0.012040743695866583,0.005028249483467989,-0.002767369658279348,-0.0023598619250349544,0.008438226337864618
944,0.0026702189379669483,0.0026518261691420857,0.004248203607995079,-0.037382154889434756,0.038804173728815124
946,-0.019714001582661532,-0.01652410651186004,-0.012184342155387764,-0.029256183934970082,0.013017215058882528
948,-0.004428638453818259,0.014887987795155103,0.026332954653317538,-0.004089655848810665,0.0066616699451825245
950,0.004296469934377568,-0.004222109420928846,-0.021819524371283334,0.004700467525185751,-0.011661179611526639
952,-0.009215246642591848,-0.010463289948675732,0.017894144476567488,-0.0018138691707192363,-0.036519298717287506
954,0.012861476221485368,-0.008389572601255724,-0.00128511320903032,-0.0016202157512599951,-0.003074565489843878
956,0.010243338840152822,0.003363471156786936,0.029242955298433404,-0.008611462510874312,0.034010298636918374
958,-0.008853836146760724,0.00334063813983712,-0.019702692971982256,0.006854253818785674,0.011882318184891941
960,0.0004309050039802386,0.003080394351851328,-0.011032014313785192,-0.003669818638402199,-0.0009543342138276458
962,0.0007611255601865488,-0.025117306186316284,-0.00967881041108694,-0.021159799734602074,0.0011936219514571025
964,0.00407516138781846,0.010810640472749163,0.005759236967020093,-0.00021462658344540453,0.0089809992315032
966,-0.0035814605138317418,-0.003662745383332073,-0.004820927681237184,-0.0035016302951357413,-0.0007341323739806486
968,0.004184425430952624,-0.006458110499043663,0.017130732592462842,0.02502646532230131,0.006756071371394506
970,0.011739411938180285,-0.004960735534505193,-0.012090635385567882,-0.021296752991920288,-0.015040006263659141
972,-0.0101257916991899,-0.011140346930560622,-0.03372998764888506,0.0041626250542079555,0.010777384058131221
974,-0.002487737508397594,0.02323827215764043,-0.027365010049788016,-0.0002336263983601374,-0.007575060135709967
976,-0.010053393337865804,-0.000731882183297384,-0.035848456628045984,-0.004169304172437095,0.01599812942893963
978,-0.0009205124137930674,-0.0023344863152061105,-0.025610845916673373,0.015863580406253176,-0.016129125506182458
980,-0.00041614571007294725,0.025628912944894708,-0.017643242588878262,0.006638398803808826,-0.0003409660945764618
982,-0.005079921112459348,-0.002927904832796205,0.03512660130292668,0.004440490269578045,0.026872314791879175
984,-0.0025183405545847505,0.008169818328968768,0.012238101279087595,-0.0055719163511496585,0.011431424191546795
986,0.011403792089258409,0.009729048437497945,0.030125505697151417,-0.013554819515379905,0.018600663924371638
988,0.03588182403239848,-0.011956077099835927,-0.009699343537347827,0.0005477970943296041,-0.0012494630992941915
990,0.002881796197641922,-0.009799273466232408,-0.0012132544475974133,-0.004760613505730896,0.0035647730386539575
992,0.021316172862136742,-0.00516811573193279,0.00020063308680627997,-0.014066405079894513,-0.018638315985524716
994,6.171397848321539e-05,0.013095249897146274,0.0020427054010132015,-0.012492924198704413,0.03274200252851539
996,0.0026341052718475196,-0.010049863683638652,0.0021921579392457386,-0.0024342935341972525,0.01813857242895018
998,0.006429199416479044,0.027598755706343087,0.04174578416919046,0.008914816732357573,-0.008055851003674215
1000,-0.0276143951953434,-0.024980268397257158,0.007602790630457591,0.023729170893547556,0.006324186558564702
1002,-0.006824038269170899,0.006622508746887848,0.009724348829470833,0.0013246934621160568,0.005436973593926898
1004,-0.009234774495159763,-0.005506131878664842,0.017381817873018516,0.0012145675349803321,0.0030497098059015146
1006,0.020011861025290234,0.018120884612093383,-0.0085240131100116,-0.029240448637466134,0.000973395046538553
1008,-0.008252206126943955,-0.01397858301914192,0.0011344922552750719,-0.005926652577771895,-0.0031218290239761366
1010,0.015798172163824224,0.004044826406925046,0.00076600798048737,-0.019253745087592918,0.030537384034876925
1012,0.02139160239384144,0.035360531939555975,-0.016999237897859926,-0.007748771900460749,-0.010488635514102354
1014,-0.005038153407948751,0.00033672509421109076,-0.004351525661473662,0.006452856562369618,-0.0009702632781806816
1016,0.002923546218586886,-0.012257611611026505,0.029848421637827548,-0.007332500418417268,0.004115029024131738
1018,0.013931749412275948,0.023017778764173793,-0.012177433586617634,-0.019355493178621317,0.023821424824089135
1020,-0.003376891228248453,-0.0009178392073698026,-0.0030233203277025664,-0.004098966725371387,-0.00209604137362153
1022,0.0054221778348523715,0.02372089164486211,0.002933734344347325,0.018575009213601435,0.014790217349546013
1024,0.008010635097305076,0.014033629800039787,0.014595548550019415,0.027145909696709,-0.006289927779161927
1026,-0.019707621864416984,0.021298159739716674,0.0002685178566080464,-0.015409399659644886,3.0491623592479696e-05
1028,-0.03340702713749505,0.0009521805645840608,-0.027215545571651675,0.011824390847822991,-0.006822828252404383
1030,-0.007928352784438214,-0.01982145562715542,-0.007220575676359962,-0.0073357022569904735,0.0017097870134000054
1032,0.0004476083857146206,0.008284904263209315,0.021671194372750894,0.0015743357813641848,-0.0020102055591605414
1034,0.008291673467140515,0.012525841983993924,0.023490853096958014,-0.021536343073243192,-0.0024072355898249556
1036,-0.0024667052167649975,0.005897809265174879,-0.0227616436692348,-0.009932995622135187,-0.011327283099449605
1038,-0.0016388175929037269,0.0031248813713110886,-0.0023164233763969,0.01656150603812583,-0.004561882732774674
1040,-0.005254257984454224,-0.014624461011911605,-0.007293006604269127,0.0059267861390492884,0.008799135615440245
1042,-0.02160600236804495,-0.0029238559656440495,0.023494480731602315,-0.01285070897227538,0.027970462403165065
1044,-0.010870687971935264,-0.019487196022832512,-0.009777738074580747,0.009066677478919365,0.02402181972435706
1046,0.020195134164704833,-0.007414643389019066,0.016157195430018603,0.0009583380090382715,-0.012145178894510897
1048,0.023227898808302165,-0.006277231609793441,-0.00815954605854851,-0.013922218997201273,-0.025190688184952077
1050,-0.016491197366977062,0.003349848985599769,0.0028152879781023475,0.017019117310031657,-0.0040866472945129875
1052,-0.02352598378511663,0.014128412549168317,0.007649936803016224,0.003931207063286604,0.0028904984545340177
1054,0.009817255567293884,-0.011499427563427905,-0.003358106124137273,-0.02322247266133237,-0.01702544619635178
1056,0.01123754042091103,0.002065979786576913,0.008968507051197401,-0.0038781107214927854,-0.00334447135535875
1058,-0.008751889219426136,-0.023923761438604984,0.02316680752399654,-0.0012077915320533935,-0.013869861339418116
1060,0.0025495746897398904,0.03216696212912077,0.00877451214210175,-0.02333359342677906,0.02693282020866907
1062,0.008978646810296333,0.0030274679056297876,-0.010010223525670046,0.004586920618764594,0.004531493395526569
1064,0.011106010973891762,0.0030387356320590226,-0.028301200528967632,-0.0014929132830423556,-0.014786506051402514
1066,0.002246244109367782,-0.027360641724561915,0.008196962673916649,-0.02171797473377582,0.0005623181540492595
1068,-0.016456646791229917,0.0008898209990151084,0.005103830901588377,-0.016222531338062243,-0.008351574747784533
1070,0.014697366186027974,-0.005548136080100264,-0.003995123586076488,-0.0009978045595038236,-0.025456360695789156
1072,0.014215001308020834,-0.00411255705619674,-0.0100110400848477,0.01903739333948627,0.00216583975101079
1074,-0.011954696599391195,0.010855665024129027,-0.009879472782299123,-0.0053536252614202265,-0.020618011126657763
1076,0.003048702418414547,-0.022212040329771643,0.02307362426694429,0.02110856704131548,-0.030891368411115547
1078,-0.005670061711850216,-0.021706682378832876,-0.021484658211739078,0.016658318529206295,-0.0021831886266041713
1080,-0.009277827698416313,0.0061196763654826885,-0.001861576493249465,-0.007333634962848905,0.0016822881140491162
1082,0.016033659803739345,-0.004396555608919951,0.026692283476529948,0.01829191695963223,0.014007797052364044
1084,-0.0036690304598504747,-0.024405106991067523,0.016041351822899765,-0.030624440512668678,0.01967857423410767
1086,-0.0005453186068954706,0.0047027309728219805,0.012405078480771369,-0.00896040642016749,0.0040330826459384584
1088,0.024097234746655205,-0.009118306958482454,-0.018936539089529667,0.011279851643035107,-0.03850939198474245
1090,-0.017083767840893046,-0.02279001501174564,-0.006208954295487731,0.002698013151034895,0.012698489082131148
1092,0.0009987304516043025,0.014340801549462061,0.013751061281344774,0.02137067375167256,0.012393919896570462
1094,-0.028337881514998584,0.028521582887973577,0.01471134248220819,-0.02516917890958678,-0.00951232518117416
1096,-0.013238606630831491,-0.009952456236578519,0.026810241423130533,-0.022363679630282192,-0.010408933514277853
1098,0.007495628497225172,0.012789084906287636,-0.019738560803402593,-0.018687213351415616,0.005956770945871279
1100,0.003953531983041343,-0.0011655247174519575,0.030438158468294188,-0.004777523072429069,0.03832156190935216
1102,-0.006409015792068043,-0.008427669858210914,0.005436050099984904,0.03368136217078389,0.004488705448244143
1104,-0.002114143886854924,0.008459835648225946,0.012461574662856158,-0.0017782448323335855,0.013176105111097798
1106,0.005430172959187155,0.002678570407906009,0.018717962067163182,-0.0013434524464219738,-0.011876645103169442
1108,-0.015907725052034964,-0.018596513981825602,-0.011648401553312374,0.010131083468116796,0.019280957552062855
1110,-0.0035141709547747034,0.015358404971517652,-0.01373305506700947,0.012689334229908287,0.010586626891541202
1112,0.0033783288798130864,0.0197613519320333,-0.015038913195058868,-0.024583706018066958,-0.0186267565239612
1114,-0.02192416946315312,0.016750411522019722,0.03700865947435591,0.00624162492506298,-0.015530459583119197
1116,-0.024090226186485635,0.007758230629406735,-0.0008822684307044378,-0.018628227526569268,-0.010278864448662554
1118,-9.716065715062015e-06,-0.006555064460059986,0.004966268659284698,-0.018757519240800997,-0.02496795264065882
1120,0.007642348832062315,0.009427656574814916,0.00440886519982203,-0.01964373518578016,-0.008929958544510348
1122,0.009541414551784387,-0.004758873062453337,-0.005034507645752638,0.015427053142120792,0.018783034906758797
1124,-0.01637146975106179,-0.006878508432898262,-0.022761187583641523,0.0004603357017528554,0.0019464702315385206
1126,0.03055853803710083,0.023137896193783553,0.019514734922584685,0.0126854575446507,0.008403198470633587
1128,-0.01359648844629277,-0.006566477176887288,0.002913725888672903,0.009473518869773127,-0.005094318757831566
1130,-0.027722137241386474,-0.0031509846939888927,-0.00957129449478514,-0.008570960692291478,0.011512202745044645
1132,-0.006158338748044902,0.007242946094332515,-0.014156898557356397,-0.005137866250506999,0.024435503947675234
1134,-0.02169439282463685,-0.0062857033391312,-0.014941542328879613,-0.006518013417032054,0.007263713979298966
1136,-0.029283134615003335,-0.0015524368042404313,-0.013562200871267076,-0.012186042465196025,0.012074797349658217
1138,-0.0030868778739863837,-0.019528469540846888,0.005366402722228104,0.02853554819296583,-0.02516093015942501
1140,-0.0014542589668560652,-0.0014574654815966259,0.005978645878158613,0.004145538991232169,-0.00397677304460872
1142,-0.002133774335930451,0.018976526538516576,0.016153044026968683,0.0018819105730008704,-0.008723445076683682
1144,-0.024868045974217837,0.00791597496039628,0.007823057254317117,0.005998088748074219,-0.02055735196756778
1146,0.018231177232067554,-0.002497556609151979,0.00015342543884647473,0.004191054769707086,-0.01564769601730528
1148,-0.002302957601647076,-0.0004505648914285014,-0.005454878441277035,-0.009783173449867736,-0.007621300347040422
1150,-0.024021634340515935,-0.0028428605035001006,-0.005062265869244431,-0.010716515377370455,0.0025785879395448567
1152,0.02409815174715603,0.006536239591700272,-0.010376153017174022,-0.01132873432314462,-0.0004333925724713201
1154,-0.007571317371867436,-0.011771903532864104,-0.014250788991523647,-0.05256736338525718,-0.008036329453354356
1156,-0.015815511359049655,0.03798187364077829,-0.027203628537804843,-0.05882489642796868,0.0067589052006785276
1158,-0.016518272277905435,-0.01144948792862222,-0.011219114761231372,-0.0014133825531189384,0.010976389476956684
1160,-0.002667562113290098,-0.011274076348775636,0.006877567714157845,-0.009854519659685512,-0.008699943224337332
1162,-0.005637766693533291,0.0158876300307819,0.0317847866067429,-0.025643339201710053,0.0020669548331266057
1164,-0.011023533349423655,-0.006302887849772997,0.010207445450613839,0.0013616579495713055,-0.0013684498867963593
1166,-0.01135344889550527,-0.007073458228390073,-0.012559758020739458,0.010208475504045442,-0.0019405753963699394
1168,-0.005660781456761597,-0.001260960266527781,0.006413434687552138,0.0013355910165126432,-0.007989730782395111
1170,0.003927505160448346,-0.01733073981382534,0.0009542088826059367,-0.024675873497014316,-0.015835153722939758
1172,-0.0032282869133359897,-0.013025037661233904,0.018874678359997094,-0.014000012371613744,0.005517311164584076
1174,-0.050081137943423906,-0.01097791690314735,-0.019069131128164205,-0.0079455074722209,0.016486001613198284
1176,0.00021030340171717941,0.006265740554277502,-0.009904921886354525,-0.011369166811122924,0.002994310075172102
1178,-0.02845682251426146,-0.00936486450455494,-0.008402907909426301,0.03668208799706614,-0.01415066882659439
1180,-0.001446113105175366,-0.013790505025357617,0.005958756741856008,-0.007259495138774544,-0.001912883271825931
1182,-0.007790062724079523,0.0015454307621049594,-0.0010923785513158367,0.0005958305948962149,0.006908942892292729
1184,-0.05131179901539872,-0.025586075912267667,-0.005518666146371087,-0.00334283120801945,0.019964933817253564
1186,-0.019475522509406297,0.020354100964428464,0.02430536143272395,-0.009599403307738546,-0.0205024357157724
1188,0.0011037945699846456,-0.008283892164713856,-0.020918247759483727,-0.00571596143571034,-0.00647920363210935
1190,0.004613990044864115,0.006346613385990646,-0.015198078153908726,-0.017410908120230512,0.025041241574284886
1192,-0.019190447751374594,-0.032395617280187416,-0.016948917939854865,-0.007074333102421857,0.011374726097288283
1194,-0.001794045667680622,-0.019725940306462086,0.00032367195572867045,0.01064476684686663,-0.001074095114434867
1196,-0.02959558316519056,0.008610512692129783,-0.0019991052459373067,0.009433207382361551,0.0004578308537233845
1198,0.010142532404886861,0.00308851351407917,-0.021723049983129652,-0.027052621114546368,-0.010896868025334839
1200,-0.002372791883910549,-0.016644871359039304,-0.006752861177765154,-0.00860366660214549,0.025519627557215343
1202,-0.015853734263594484,-0.0021231722757121944,-0.005785424018367182,0.021046756747957567,-0.00449770604997326
1204,0.027972691822069046,-0.0012532946184581068,-0.009695145013737763,0.007897363599456343,-0.004689104482772514
1206,0.011988291982656631,0.0033257415595253866,-0.01382821462979802,-0.00596720146689943,-0.007066780729990659
1208,0.014766008979302456,-0.007938837563956263,0.006806536344097666,-0.00843921072753747,-0.009087680540944793
1210,-0.02019175193655673,0.008863858008779703,-0.0005243087841683407,0.008130597259454359,-0.01828821288494722
1212,0.007039572994311534,0.018129084933111092,0.009084664820986904,-0.00937962316251839,-0.0043291506202242135
1214,0.01781111182568677,-0.02717196305048154,0.010968209130766649,-0.023696189716695043,0.003159414397926222
1216,-0.009260179981404494,0.03234207268010666,-0.01846197120641203,-0.006959435108552845,0.012185606852899846
1218,-0.014748263597763505,0.0032002163719080747,-0.01010049772380062,-0.0017141592213776903,0.008591358595685602
1220,0.00567950314928741,-0.01036120145991736,0.001903907262347618,0.00584138414093307,-0.01675653916593456
1222,0.005295269327063886,0.0010744125364130436,0.019197027938418026,-0.007548633155370763,-0.009142649489931643
1224,0.004709726222936911,0.013086678067084648,-0.0032788944174735727,-0.01873537934005967,-0.005400946830364654
1226,-0.020130757181893034,-0.009870330783552346,0.017139703343582127,-0.03145010891761718,0.03304544074205502
1228,0.011859001180369588,-0.0024761297908178167,-0.004217244608244715,-0.010119315472626993,0.03141555794378486
1230,0.006265874226446236,-0.008284309295766255,0.0048226198179895435,0.001634805959278267,-0.008926585795981132
1232,0.0018581376319979092,0.00841895184089076,0.004844034160938672,-0.0008128413738481334,0.024013010710157094
1234,0.012759629314995342,0.0047431456456818255,0.005540821465962148,0.006832783290459527,0.024832680796580294
1236,-0.01864190442905838,0.014340050195257557,0.017457581804535903,-0.012878410458032421,-0.00085662217138415
1238,0.05057123376643565,0.0038484851244559447,-0.025202472019910382,0.0015600261796689641,0.009280781148556802
1240,0.001335943787506944,0.01966061841660036,-0.011200524727941337,-0.003180233756585644,-0.009840506741539497
1242,-0.011782801440380661,0.013578416248817022,-0.010038693913589426,0.004605221189120226,-0.0036799873021578864
1244,-0.0031100421268085324,0.011406835195401676,-0.029524168271774044,0.012936575105821272,-0.005864140877430372
1246,-0.015264263517953906,0.0324887482085057,-0.02899467437645228,-0.012604013092451597,0.0017337499557810753
1248,0.0018367634439077243,0.0008342148365464362,0.002226755894057446,-0.006720509417074738,0.015516421946043133
1250,-0.0071296019616942305,0.016625458368985203,0.013206919055195679,0.013183834035524152,8.873908941204582e-05
1252,-0.019245002702794688,-0.0012324503486003263,-0.012066102544773234,-0.005227453825376241,0.0029906242270271994
1254,0.0027748661711280414,-0.00941209058933446,0.019690315085344898,0.011632953442215384,0.008756032576732813
1256,0.01106141670008322,-0.004399110197482198,0.017865489601918968,-0.02448984762766597,0.028797690254411562
1258,-0.010390046209059655,-0.005632334249785406,-0.021949809319649745,-0.020784630706704246,-0.01461288194205254
1260,-0.010339166648247682,-0.003803970372483555,0.0059941871486623565,-0.018441827560888167,-0.007438076242378486
1262,-0.01079752470227301,-0.0015331891823801736,-0.004402768546250012,0.006174363840490833,0.024035075059519264
1264,0.0051134067329447,0.00534913803688967,0.03303253933586474,0.020358790145656405,0.0017497995597839419
1266,-0.004938908438917427,0.0021205849742993764,-0.01179697952842732,0.007290320910194045,-0.002184011776739591
1268,-0.0167179545599916,-0.02739955088082598,-0.00971973959629334,-0.029667446117517936,-0.0047887889300503705
1270,-0.02380559375518615,0.003510749276665478,0.003589285513926767,-0.026032153511896174,-0.007867950442275473
1272,0.013444143671238522,-0.004673094392653749,0.0014168744958765493,-0.00014029855369916163,0.0015060236978104323
1274,0.004265888114031345,-0.0020775455604701166,-0.006510286447922084,0.004599732315972959,-0.010674801018275464
1276,0.004934697699768857,-0.006689194096223471,-0.013835168212219195,0.008488994175027596,0.02492708424115535
1278,-0.008521241954184407,-0.0037426131726101585,0.005994361524745714,0.006826681112415082,0.00027595695877331665
1280,-0.0036228432296236297,0.010741140211298288,-0.01215891764627026,-0.012108735471378062,-0.019365288403630304
1282,-0.0009584085862044121,-0.030299740851414268,-0.0262860136886003,-0.00018439451739807935,-0.027189026313285975
1284,-0.0227346289666305,0.0018982944551112358,-0.01771660567600113,-0.024462262717431547,0.0007938313832452096
1286,-0.015879608501867055,-0.013730070632632756,-0.020066949336826106,0.004245148143209526,-0.0047097100339319855
1288,-0.023642685230552376,-0.006693193972845974,0.008573762895599428,0.019295198098471873,0.003949074108867933
1290,0.004089266780039875,-0.016816276281659343,-0.0039938207815951535,-0.009813046894216922,-0.0030503384720908704
1292,-0.007916166766909694,0.005983308350026808,-0.01982316022370707,-0.00012406576070089005,0.02358102153050718
1294,-0.02855968135485814,-0.02928704890150014,-0.015790186429947513,-0.05312671833928976,-0.0149765086325911
1296,-0.015632372856863048,0.0073298113078018486,0.003175825787378354,-0.01123853618536056,0.005937323233917263
1298,-0.019377952116613594,-0.010216236530086159,-0.0027411567513476237,-0.0061159815361861705,0.02201550561834531
1300,0.011400366426581234,0.0027240716928102404,-0.0004962744532406334,-0.0032994995175390698,-0.004556142387545821
1302,-0.010334027436773608,0.007943622224597796,0.0022020369744419075,-0.0006897714312322964,0.01586512435231976
1304,0.014470190705171224,0.007234458291306728,-0.026217735725075728,-0.032575320753021116,0.005196406649186551
1306,-0.006682430849167725,0.0029795429705753128,-0.03427584866567137,-0.01288545986869,-0.035257634343918376
1308,-0.005509181324642867,0.00790553038593469,-0.014169424630909762,-0.007714791803758515,-0.003276312358056882
1310,-0.012247428283037312,-0.01253821887792641,-0.003448357844044008,-0.0008992536111300987,0.01563574962972336
1312,-0.01594163542237295,0.0031205244967590735,0.034507601096600955,-0.012473457528554171,-0.015690157222308158
1314,-0.006974088564591627,0.007533840734212484,0.0014433732565715582,-0.022721249915217016,-0.02485496798933268
1316,-0.006641208813744297,-0.00479719999622951,0.007620838685531291,0.00014948236359884202,0.009042801296920916
1318,0.009300346825909418,-0.013640308961793345,-0.03911607155464539,-0.006629804765160729,0.01519196193993544
1320,0.0033454892207679878,0.0046522687200774996,0.005761305129129873,0.0005822823533838625,0.007400681501458619
1322,0.0035948239489135923,0.027961749834556605,-0.004111046056814983,0.014998122800684844,-0.007296803623220977
1324,-0.01646933272096682,-0.028127954023959303,0.011169996976626016,-0.009232941705389602,0.004857759762869758
1326,0.006569603177440847,0.0002068924205353005,0.005992997022390661,0.0021923956395312892,-0.011427722570214275
1328,-0.002477225227003165,0.005439334124550932,-0.024482004644836897,0.034955936232141924,-0.002956461914185263
1330,0.007607662077650307,0.007858693747522337,0.008086773405201949,0.0019241118778021778,0.011975853251748492
1332,0.005445072747040748,0.0006415930373745608,-0.02125728680466887,0.0009443037848149864,-0.016793342445904764
1334,-0.0003760586927974578,0.005462626176026087,-0.009492730749348583,0.025593205939336824,0.011606641445971342
1336,0.01747598871603298,-0.007320486296223607,-0.026516323746093327,0.0015834687710145259,-0.00976621973179211
1338,-0.0027008848263604646,0.010329466979853283,-0.021624942070540238,-0.015507053367020771,-0.009256188833935166
1340,0.017845878388417682,-0.007119023738145074,-0.036371433078374024,0.009024543662931504,-0.011631259179061115
1342,0.011777183933773283,-0.005099038452254313,0.006243625338719216,-0.005925886198413171,-0.0004369890811326404
1344,-0.001676562883486454,0.014429220447209748,0.014430747321466547,-0.010184947191176519,-0.016164854212045
1346,0.01581336973702325,-0.00012565597588495457,-0.006964042250952991,0.020553305868728958,0.021939835321055576
1348,0.0037968145263368963,-0.01097133766741967,-0.03324220427177806,0.013265489874229243,-0.008684297983311978
1350,-0.012653391757141953,0.0014511446603373006,-0.0037377846906901085,0.0038467234744911454,-0.004456146806772309
1352,-0.03362689870750493,-0.02329724537640493,-0.0005118196932089384,-0.0009474310221304492,0.019769056660386582
1354,0.0018184702339811617,0.0024013911691270176,-0.012374521239453038,-0.03678458023222595,-0.0022047577207858545
1356,-0.014172333002881489,-0.005208757515320152,0.007054450707072043,-0.008005737777193272,-0.006295468667793841
1358,-0.023088392718688705,0.012516068448624518,0.03424363181064012,0.019197945383501627,-0.0003646950369389567
1360,0.02312846558188205,0.019351409116959532,0.0052184026308991485,0.01394233287334924,0.004227941600107222
1362,0.0027476713935767174,0.007438485033820214,0.010325425276532563,0.0016231365788300833,-0.0030255558406216904
1364,-0.019368782918192155,0.01061043005523691,0.0016915220226378445,-0.010251606087876688,-0.012854430819440783
1366,-0.005854189204832804,0.03574027241488436,-0.024168424276287775,-0.016449291689405055,0.03407846362585251
1368,-0.003256840923256989,0.0012928234537765706,-0.002675936574848262,-0.004520432257788875,0.010805245306601399
1370,0.0018887779017802621,-0.027529616347462933,0.018842512875482265,-0.0034682330025459646,0.005658406913849342
1372,-0.013822326616631676,0.019303270743764835,-0.025222227083716953,-0.009408917860595398,-0.012313914760340897
1374,-0.010481821354247524,0.0012993799784306993,-0.010119859965300161,-0.0011261683757801816,-0.005227290531579651
1376,0.022759788398499986,-0.00781744870798204,-0.0008972579085475493,0.015014016443425177,0.004395702122953319
1378,0.010161431143625128,-0.006283756940169127,0.000557133606668289,0.003560960937229551,-0.006887586580473521
1380,0.007337588477859721,-0.019034171349292466,-0.003079663354685181,-0.023569092910209602,0.0062674840056760345
1382,0.02030878101565278,-0.015301547310761653,-0.008705771970606194,-0.00703933131425262,0.008141994589753425
1384,-0.004136384206228558,0.0017282189900011857,0.02016554176964364,0.029445934777461536,-0.008061946658264289
1386,-0.0037207298642045208,0.014039165642410653,-0.004908556023398484,-0.020243632539524565,0.01547367518917588
1388,-0.013229157479527414,-0.015023333500433266,-0.004123542519948118,-0.023804178692107398,0.0301284082923665
1390,-0.0035010143250982354,-0.012719681713537748,0.017064854094756353,-0.006817297842084421,-0.008568849555215429
1392,-0.02296539023182507,-0.011744849172642216,-0.0014447828934943889,-0.004379524801204135,-0.019147488801106442
1394,0.008154983057984212,0.012107352302954365,-0.02268341784721808,-0.006525087655095943,0.016989827438859857
1396,0.01839622000119023,0.0010863075497459839,0.009954557417235964,-0.006796194070188445,-0.01056564452418466
1398,0.00926254223564264,0.006885353580909497,-0.00450247073197337,0.0015113793782412898,0.007652404213011167
1400,-0.009557445093436676,0.010894378630434557,-0.025345194714520694,-0.0151156080756485,0.02121184267579489
1402,-0.010484410332055326,-0.02229457850757954,-0.002810159296241179,0.03410553648551432,-0.005626895389553378
1404,0.008498732398085351,-0.006690132306374367,-0.015218459689230926,0.0020430414056334793,-0.01964964166832588
1406,-0.0020708767478429153,0.003061649424281132,0.0115153326635002,0.010961964859802952,-0.010559608574399233
1408,-0.0015730105086041405,-0.007795132585958857,-0.012165999005013667,-0.023157510988487087,-0.03279395564383166
1410,0.00598475608403299,0.004674771276308406,-0.01564944282084387,-0.012443956840941702,-0.007466892856554523
1412,0.018578739216360406,-0.044484659593215264,-0.0288375479456748,0.008278966654711407,0.001997032739766185
1414,-0.013922362700025972,-8.173900304233915e-05,-0.007987340637497826,0.013239186181047599,-0.012661810664847234
1416,-0.013990896743320888,-0.012502528819427577,0.006773272978958651,0.014432285652223317,-0.02132511880898698
1418,-0.004504572714347362,-0.016600662131185946,0.015642572601370783,-0.00587143065490331,-0.014305317544877912
1420,-0.00593809102104999,0.00941458792679546,0.003587271725573359,-0.02257286074463136,0.005487024885240745
1422,0.00104623490351519,-0.006892072853376836,-0.012652687612226479,-0.019062637878094493,-0.019712990096925804
1424,-0.006650654617257287,0.007115737129913991,-0.01166558018221979,0.0045019267711168725,0.0006525061169772888
1426,0.011093774236701888,0.03113985758721694,0.009612277538834167,2.0004498932762188e-05,-0.038323690305442165
1428,-0.008353885294132314,0.009824144968147737,-0.011908282154593917,-0.0004262265659015809,-0.0008414642802972441
1430,-0.005190073809206969,0.014460296304345269,-0.005791799933245357,0.011342960228024694,0.01923948286222729
1432,0.007955731482008758,0.0014885823859066745,-0.013040847703026595,-0.003628903636533276,-0.011820678287606294
1434,-0.014218963317728641,0.0011743943654107375,-0.0030487923366911444,8.736090410736289e-05,0.01499299154610448
1436,0.0013716619219770847,-0.010820076891250035,0.009233857058765496,0.0008627090459640708,0.016453911756255015
1438,-0.006295946283001716,0.018982008710410656,0.004017513330362001,-0.016445964086414796,0.004749410810021348
1440,-0.015289844470502007,0.005071523207288513,-0.0053590127251414744,0.014395029293692194,-0.00040857922300894823
1442,-0.018618986692947755,-0.010506415112356629,-0.026405339716506545,-0.002318968087889878,-0.003776632947084728
1444,0.023583299207415923,0.0034783342790928647,0.0034604083830374853,0.031160033104475633,-0.010434273561865935
1446,0.006134497304146054,-0.007253595128462782,-0.008117792696231323,-0.0034895518862557537,0.003924508753495599
1448,-0.020389046851610165,-0.01144729542349552,0.014210134411862904,-0.005111402196575229,-0.01472810618245461
1450,0.00038892790556970355,-0.028969954967562946,-0.00714656524784619,0.00358337753594891,-0.010597080747602312
1452,0.002294177325103597,0.0047066888859755365,-0.004463581178197861,0.011525609054858794,0.015421886636983352
1454,-0.018466489288507134,0.011314511553521334,0.0020521818940400765,-0.0007940660423869734,-0.007363817521266745
1456,-0.011721478419486607,-0.008055406336613554,-0.007062026841917713,0.004176920994494229,-0.0002059434081501174
1458,0.010715085399668225,-0.016612579596317394,0.016701593073893708,-0.0035391105823650085,-0.0022108072897755963
1460,-0.009969552533464194,0.010871393656649223,-0.004362439455336513,0.005705537414581025,-0.011033808386382482
1462,-0.019205329437598714,0.0038236839811237548,-0.010264007042992507,0.0033989959676741528,-0.008334226992219657
1464,0.005608962805205108,-0.008106062918450604,-0.0027701839195739915,-0.003458390012421215,0.00031299751358155204
1466,-0.013540895598572201,-0.005782995369723579,0.004622607049309496,-0.02850476552235347,-0.0020270322124371406
1468,0.0023890723743565535,-0.0023591116349512774,-0.011971481103398894,-0.018028286070442708,0.002339412930963402
1470,-0.014096605576499052,-0.0001540061666688896,0.010331751415766623,-0.011040814506453465,0.0028364611022960637
1472,0.00329041773679785,-0.02157689740881111,0.015456435789216714,0.006957397251484521,0.0010238170685388517
1474,-0.006910724055435476,-0.009377279058717098,0.000271391818687025,0.0016566385061991186,0.002198349732412484
1476,-0.001474852583386565,-0.004749236624660996,-0.005652533396961735,0.0008743912855729405,-0.0028080933732198238
1478,0.015228647943011502,0.0002409139149584,0.014415533632822554,-0.006022429445546916,0.02411606944137395
1480,-0.006530739779832788,0.014417423043314519,0.019315962209367786,-0.006148403511123188,-0.01122594910500737
1482,-0.013749109925730169,-0.003401555957047445,0.006839236430389643,-0.0097829787251094,-0.005918481783649096
1484,-0.015748681247493655,0.002763398843958037,-0.024509109662632374,0.007696408358627781,-0.012557393405518173
1486,-0.0010330989683643215,-0.0019196160237494352,-0.00832665709646548,-0.03721235754111454,0.03195185738578264
1488,0.001745755166384291,0.021899112207823087,0.0038178851904117975,0.0015336569389491487,0.00023325508764623465
1490,-0.004124956146046119,0.009505385406928909,-0.011991281007658772,-0.02617400596748565,-0.0006652417669527206
1492,0.007128843827553306,-0.00012437643977788104,0.012622995309331544,-0.005257801319067713,0.004123626308400609
1494,-0.014763264648494943,-0.005359521791477575,0.016093928367586458,0.0037160171839943842,1.5345716381934384e-05
1496,0.01849283468570242,0.009872519653687734,-0.006933941966180746,-0.003970542292000825,-0.003497930130398002
1498,0.0018830676975710972,-0.005605960712390871,0.019026428391134016,0.002699248581665945,-0.013673991310470824
1500,0.004252393702146911,0.0016199084750267525,-0.0027935125319597355,0.008321856229950455,-0.007140175887350943
1502,-0.004845188171766765,0.0020341158771273456,-0.0008242299706638414,-0.012218303504906027,0.013602304508737591
1504,-0.023833219389640645,0.03441405349318043,-0.001543299345931363,0.01215516320252211,-0.009113844885728974
1506,0.008754605146502715,0.0036100547014301537,0.011466598648105826,-0.013794300379824315,-0.0038087139979278897
1508,0.01140282374818825,0.007727993354882132,-0.009781958034720763,-0.01828276977175191,0.015101607100140486
1510,-0.0032742725372292437,0.0030673979025214668,-0.018357154264670897,0.011629797599713089,-0.004494448064238593
1512,-0.0007750134784527623,-0.0028727662495569295,0.006030246536837239,-0.0218203686698741,-0.0007223041242663332
1514,-0.031315866438451426,0.03463202954060739,-0.026479484452453857,-0.025372350056554516,-0.027484481266903022
1516,-0.0015397756369938385,0.021532005929625765,0.012324734128298076,0.00551046846320058,0.01354927820548008
1518,-0.002456663699925454,0.0032468981337087743,0.005370893605002937,-0.0035482538365109724,-0.012374036997406657
1520,-0.012582673298752343,-0.013397020529773682,0.027790803482583018,0.004097429171884877,-0.0034876344440892813
1522,-0.0072525591860097246,0.022056877597005326,-0.013473715498519537,0.004671593255587828,0.007657455376301564
1524,-0.0023085713321384102,-0.00463273507234839,0.01529615738231582,0.021973755186901398,-0.0015182843036866654
1526,-0.0069375953353334645,-0.023219594358594046,0.008037553019185394,0.011664039490578119,-0.013274001102236815
1528,0.022018391552977405,0.02744365526956644,-0.020085083030299548,-0.016796274847570923,-0.019289767692161997
1530,-0.011115239662482046,-0.006167505215979135,0.008665989789796108,0.019997959479017655,0.0015770732571638933
1532,0.011588992689016342,0.005130559675514109,-0.009042091391019082,0.020512168231138064,0.015207161405666872
1534,-0.004783470900038536,-0.01566610094377898,0.024165534184442533,-0.023981628808477682,0.007835327863033512
1536,-0.013770301778302534,-0.0010605162766448581,-0.010269165535435684,0.0027060387181424054,-0.004636460952338778
1538,0.014222945919319411,-0.0036231031157211353,0.019150954176887634,0.0013207965645965622,-0.0002601532750417147
1540,0.01787320085961724,0.016680741253754915,0.01436853147648836,0.00020341658590097462,0.01728651398376908
1542,0.005945047806042343,0.005571310998757549,0.004803623825496808,0.004138505609809509,-0.006908808009273368
1544,0.015237368890437171,0.017997961174979187,0.020645363992243888,-0.006753770160557117,0.009659636572712349
1546,-0.0026659793933555037,-0.02439018625675361,0.011774829852775502,0.006784273181198212,0.012517499490424654
1548,-0.015190536610560355,-0.014712508468839649,0.014350181265271083,0.007674391997356425,0.02648927011724875
1550,-0.017889501054259314,0.01318175853872704,0.008066378310841237,-0.01749074004479836,0.019557440422318016
1552,-0.004893256841785852,0.0029966555019375245,-0.02468697477436306,-0.004135743685113831,-0.016433045675777747
1554,0.0012174122575764864,-0.002592304715580525,0.006936799726211672,-0.001662698685722177,-0.0028993607617749956
1556,-0.04397444886724686,-0.029728237572781986,0.011110074654463653,-0.0244922365406493,0.007739867805330559
1558,0.014732824302951515,-0.0069654357694062495,0.006897181539471557,0.016845717640042338,-0.005733805408022525
1560,0.0029211190766030987,0.007506407594149862,-0.01610733033572952,0.009647414300209902,0.012996987343968777
1562,-0.012912039929438623,0.030763788097087744,0.026195045751484194,-0.006956389043276039,-0.025821509702816645
1564,-0.020782983094111612,-0.01277595801327814,-0.0050581879979390895,-0.014633856650782859,0.013283962053805562
1566,0.0016299793515361675,0.017687305189443968,0.001601030497431633,-0.013697079868854444,0.004161834437461681
1568,0.010391629106543848,-0.009533606927913647,0.011444115125619223,-0.02614956698510479,-0.02133538119160154
1570,-0.025827101983920492,-0.009859290901730119,-0.021193546965884224,-0.0036947191289886704,0.00016055254214037876
1572,-0.02852457946676631,0.010015778362777904,-0.0025903930897270134,0.021764160324785484,-0.01955119128870646
1574,-0.0008435288855492807,0.03148119806650445,-0.004396949108926064,-0.026410544752307582,-0.013767037240236141
1576,-0.007232653677007986,0.00889352491319239,-0.02271846228222013,-0.02928767237790058,-0.019327073976902625
1578,0.001176290663248022,-0.014573554622830276,0.009455890452954273,0.001532021808589182,-0.009588651802692073
1580,-0.003584582843740557,0.0018594180060583355,-0.012617957257936874,-0.008511131106504317,3.430074326306385e-05
1582,0.007084612412395927,-0.005613253605821116,0.018953667828172482,0.008385035582546514,-0.00041643251965958354
1584,0.0034758042543326386,-0.007566774235877264,-0.0024435089984533235,0.0014969909401327936,-0.01552700737370417
1586,-0.011923224548738343,-0.0004799272901446336,0.020323596341809497,-0.0020310604209068752,-0.01355389869461554
1588,0.0012391271979849462,-0.0043560980971944245,-0.028292980276751103,-0.018051266905379938,0.005700396335955723
1590,0.00048470263432417543,-0.012911425403808999,-0.025670112223063767,-0.009081421412786318,-0.005147744125905298
1592,0.004163949603575037,-0.010985709882046646,0.01737389192717625,-0.033889748980816425,0.01663422102290923
1594,-0.026736162303638695,-0.015314892280534563,0.02267055869816346,0.02220816487160379,0.0069863264863547145
1596,0.001667989951090536,-0.0006717856955595691,0.011937964986671839,0.000850827748288471,0.01616321835732842
1598,0.0003915800844701516,-0.003985833002532174,0.0013340495376740486,0.004227065838752345,-0.015875437522546276
1600,0.009708235769576858,-0.005433347101165162,0.009525969228564251,-0.03162871244777493,-0.0027512611991067264
1602,0.014265787377996799,-0.025686608110668852,0.0044768038068892435,-0.0025890884434383583,0.00872968296493332
1604,-0.020011530237747512,-0.014357354842634677,-0.01667593291795721,-0.00877230268354047,-0.0006329413390131404
1606,-0.02703592149388035,0.029171257041489717,0.00858631516712125,-0.031365277037823505,0.02068460907081935
1608,0.0025972416672627747,0.0070241584580845295,0.0186106496072141,0.006028438721333315,0.025835858873760418
1610,0.005951774433080247,-0.0012624377525436053,-0.011854227104206755,-0.0029934287868387606,0.0034703041733409067
1612,-0.014084168297713171,-0.023914623988689845,-0.020140957152021285,-0.018914084738795148,-0.00370694964250835
1614,0.00521523625029664,0.004728205469273593,-0.011233880105899822,-0.007162503062324356,0.018072208662523594
1616,-0.01634231607480768,0.014086154236946324,0.004327845369732289,0.016186313536556893,-0.00613493029929078
1618,-0.005074363233290564,-0.022358499103560393,-0.002073941323873987,0.010839594943735301,0.0005688937923169076
1620,0.005630326906983547,0.013295984859590557,0.00037896876545298255,-0.004094093036990386,0.012277548628391479
1622,0.008394808419313485,0.013587886957592476,-0.0059917342720310325,0.020471753468909577,0.023380709483337373
1624,-0.005517091659827489,-0.013490499529701955,0.015983713704488492,-0.0022151272587655753,0.006048200820630739
1626,0.003164561747835826,-0.004336743330021837,-0.004750361425777274,-0.008130637172733542,-0.012151074886720072
1628,-0.003648179218759088,0.011671872825613142,0.01784705896295889,-0.01907526039986022,0.014379901293921598
1630,-0.005877919577421178,0.029784789666207383,-0.010915670477838493,-0.014189487576599033,-0.006410473739021668
1632,0.0009817992345668794,-0.004645156214931431,-0.009160811662854809,0.007507032377335915,0.007615885160585746
1634,-0.03713043966654453,-0.013640530714909335,0.01162875618936301,-0.007765694109912395,-0.004386674872727156
1636,-0.0182626438656993,0.0007737746716425528,-0.022718628545563814,-0.02751962584258966,-0.020901464562207966
1638,-0.0082010526128617,-0.010004783793645205,-0.014007206189659378,-0.009752206356581639,-0.010114173093424923
1640,-0.0274575556268931,0.02504341704531524,-0.00625811852558509,-0.011201206884856879,0.0007870354636063591
1642,-0.007950315174626016,-0.008716134749721856,0.016612212578604884,-0.004705731028399458,-0.01257066178685594
1644,-0.005902554507582706,0.011212133391449988,0.01562946889239154,-0.005592290327972134,0.005494411873687359
1646,-0.027241111903677912,-0.009807403485598117,0.006161635294542168,0.0023735491990391155,-0.0063224314328133415
1648,0.007796502418573309,-0.004759721854162278,-0.04544755043174755,-0.016143425451048084,0.004948171877213794
1650,0.0011965793615607463,-0.015934423516728146,-0.006530528492940142,0.00031775907857948155,-0.013093132021216706
1652,-0.005129256863557722,-0.01624858684839782,-0.021923235443581816,0.0020080485715902948,0.019993809874510514
1654,-0.013938814689612795,-0.008131604050642628,-0.03727714548365167,-0.004977539677955003,0.00729606637087916
1656,-0.0022086093807846346,0.01600333657611711,0.00967928835524102,-0.005785122949543479,-0.010813402422114525
1658,-0.017841838172145016,0.029991776861528863,0.00027308027030413425,0.009179804226742382,-0.010041354663670593
1660,0.004886098241733354,-0.003543797383638717,0.004285400181649855,0.011369720462365483,-0.02054851681434274
1662,0.0014558332939075766,0.010437007834103777,-0.016318580996849456,-0.011550112043624244,0.000344625014645383
1664,-0.039450779768134644,0.02815880405309417,-0.002514176636009396,-0.004822828994331218,-0.022304780022782113
1666,-0.0015340333664592633,0.0016828604851429657,0.05306858279445821,-0.002650378800597146,-0.014750082249285883
1668,0.005155000160974365,-0.00014770949204544895,-0.019733348559237182,-0.02037338774620463,-0.000822903730791222
1670,-0.003809617504455154,-0.012617156159049698,0.02678805984380464,-0.03587850867269438,-0.004131636393995346
1672,-0.0037345125201446484,-0.012296562054578537,0.017577555677297674,-0.009048952824639963,-0.012870260016921115
1674,-0.014222617687596048,0.006424937966799312,0.00928254618908793,-0.0073292307109152285,0.01371852067460267
1676,-0.001947591476975731,-0.024511910148791,0.005752874443017977,-0.018052788011384536,-0.031156342600205073
1678,-0.017878009259987882,0.010922522378742753,0.019842393395579166,0.0013878533219138923,-0.008938131039640437
1680,-0.0029771824244281216,0.004630171696978452,-0.0004668443707544101,-0.00824110825175751,-0.0038689625470545164
1682,-0.003893269058157518,0.03111334962094541,0.005198413435484663,-0.0031384615691189477,-0.008532628371393633
1684,-0.007477660083455537,-0.009715119526469817,-0.016033337033199313,0.013589290331230337,-0.01663482731763281
1686,0.00413025492236958,-0.0002215265908464118,0.005707123438135638,-0.005450517121277292,-0.0005261780808694046
1688,-0.013945749237774453,-0.022165501030754195,0.006772749202122212,0.018578951826836224,-0.0072432242363095044
1690,0.003928676312182854,-0.013533610971932942,-0.020610124994829823,-0.004272915964455619,0.0013333417731530104
1692,0.02389894443978021,-0.007097989552231716,-0.0022493615632899785,0.006389403286668239,-0.01960811237883338
1694,-0.003836493999154895,0.005652318897593013,-0.0039036422591949434,-0.011097874391380083,0.013155981656059924
1696,0.022904542250360514,0.023452349474472608,0.016802907615800687,-0.006199699135443691,-0.028022194543653428
1698,-0.009357729787366728,-0.004127718374861224,0.011075262639413665,0.016104429081893027,0.004654495027184528
1700,0.01104232730875116,-0.000646878089789915,0.00951399873464583,-0.0033827012938657773,-0.004272975497984407
1702,-0.002107660969916709,0.009797963938686026,-0.013579870792999368,-0.002732543601526221,-0.015753101054895607
1704,-0.0019281873666930265,0.031388305537649944,0.014326823427154741,-0.007433008831675771,0.00037581560783986974
1706,-0.005920961493133271,-0.023766919944326836,0.010414644167372806,0.010635311975288525,0.0031134761131026314
1708,-0.010540924269691204,0.022711148592740777,-0.010571226572764129,-0.0012980485388242424,0.0019588865904321424
1710,-0.008099944193655225,-0.02034687743563708,0.0034979946672034955,-0.00640551935359602,0.00020690642303415214
1712,-0.0008464888057064797,-0.023878523788123412,-0.03841638702526431,0.01131616016997499,0.0021687345893456234
1714,0.018248951819697233,0.007698893046815707,0.021339708157275535,0.0058454171191356374,0.04043128375522643
1716,-0.001692076003235209,-0.003123169724103381,0.007942309721755742,-0.018641468366311302,0.0013104196970223833
1718,-0.023601147863172002,0.02243953622348696,-0.009159432168580131,0.00800858700770774,-0.012971061828997805
1720,-0.013257160344799004,-0.022129533226891443,-0.01773879786476685,0.0168950030497352,-0.005612506760247213
1722,0.0001432465907574087,-0.015126344422822903,0.003559779669334708,0.013464390532555586,0.018872555467071686
1724,-0.015188367932975835,-0.026572199929130635,0.0010325075055619105,-0.02626622924407896,-0.03476267343910615
1726,0.007863662116628275,0.014713052330983524,-0.012362386887873562,-0.013644235107542603,-0.0016567033420521338
1728,0.002053749766792676,-0.008870510461072905,0.004836186581853266,-0.006728021973572203,8.232916375834775e-05
1730,-0.022155047795359723,-0.01034277867175144,-0.0018724098409876148,0.010570612031781933,-0.017147380294958558
1732,0.016090838586131737,0.010435044458016206,0.033875484608761684,-0.004752362093326578,-0.02872714791314335
1734,-0.025814927063563066,0.00183313974999442,-0.0074359557705213995,0.005231860618335146,-0.009664817861460406
1736,-0.004843593523598879,0.017246957582645505,-0.021826314484168552,0.00018655497946888216,-0.0017916865900333724
1738,0.016120721180628475,0.016178114618309015,0.007543806873252026,-0.00123554748391646,0.0027995326492102138
1740,0.004489062589480308,0.00922080131433841,-0.008429564836001775,-0.013846204613639177,0.0024387748323988013
1742,0.011965968587073553,0.014842350289435651,-0.0029328568826979097,-0.01727585700192139,0.0053752860838535855
1744,0.019900215734923368,0.01646684439545342,0.019566661103173753,-0.015736876614271998,0.03143653181319397
1746,-0.01621798305177071,0.011385429955693485,-0.012527301521771778,0.0033443329851679444,-0.008822118286357983
1748,-0.004351379680191377,0.010572382347026597,-0.004666625877445556,-0.0020823037884136575,-0.022581194770054037
1750,-0.015250191149693719,0.02279794946816807,-0.01994638902971032,0.0018261571854105325,0.010903671377008187
1752,-0.009495629865861516,0.01894884237155036,-0.003295223256775292,0.0027607593179711266,0.0029764366207184027
1754,0.003324881579829699,0.029820771719831628,0.005640789001193794,-0.009009447935601234,0.026153091934145372
1756,-0.012005798808341114,0.008501714998155606,0.0205567829524804,0.021762490569728423,0.01684052662426462
1758,-0.0006335165222528952,0.018358108582630955,-0.010383141908010943,0.011560170564737482,0.01905691666581384
1760,-0.003114466848193633,0.011879637054829636,0.018399236009292663,0.003039585955284899,-0.0016521566369572694
1762,-0.020378186351240092,-0.03612019694317163,-0.015369648271778188,-0.008278405143350607,-0.0033924738732982224
1764,-0.009620939289591441,-0.005589588733298934,0.006318645262274099,-0.004485886658721395,-0.002482268378834052
1766,-0.010450691070263581,-0.03978443916962567,0.005248580217735357,0.009539076056532095,0.020277526172555165
1768,-0.017192492118057567,-0.007237881163117102,-0.0243707647088912,0.033534043126023365,0.011582219012662969
1770,-0.009417552009279639,-0.0009043599149619618,-0.0020878747199366806,-0.009866119391199482,-0.011437143540181495
1772,0.010156455714183086,-0.029388960780721632,-0.017040501866018104,-0.01123942567653441,0.01546224978681528
1774,-0.011871216113940777,-0.02059189026943688,0.007033736526741778,-0.01848505160128867,0.004497678600026882
1776,-0.00093100201527382,-0.009209783096415474,-0.0012698192329661877,0.00526134306246238,0.0187557290595406
1778,-0.007188826902280189,-0.01847547998477019,0.004018806021047189,-0.006588141421440792,0.002629267219501706
1780,-0.012450602394632346,-0.015748152271788062,0.013014067890311815,-0.00016550345050225413,-0.00420121440739553
1782,-0.015092526177156642,-0.0053606154159033335,-0.016556880021313097,0.00161971109619964,0.004335738555435795
1784,-0.03698148752831844,-0.009828270694077351,0.009772572251178703,-0.013123201865403633,0.023493434870379283
1786,-0.0169302669670693,0.016612981941557466,0.014931440233412033,-0.01996760834651066,0.009153239921119542
1788,0.006832361433007643,0.008038077811871942,-0.0006935884915599979,-0.02211752494402968,0.001095771830393603
1790,0.015546097250090736,0.018073057334628023,0.006772278527235401,0.012819375369396374,0.006212453949810547
1792,-0.013702799276576203,-0.01636808174692507,0.0024195434716532344,-7.534097022331808e-05,-0.01735301192552483
1794,-0.0027318600731757233,0.004181866245728559,-0.01015488803917604,-0.0035210690272410414,0.0140887981251957
1796,-0.043348361848878594,-0.014359498899569577,-0.018432520786035758,-0.015541110745096514,0.02375211320000851
1798,0.00401908153419345,-0.009734209590175394,-0.01067586742028193,-0.007612613184902856,0.004369672600990054
1800,-0.016379117298634425,-0.005096919732801864,-0.004661718351277397,-0.0011024922158317217,0.008937574231274592
1802,0.02563322056325471,-0.0074089294793908845,-0.01825002993637254,0.0009342375303230025,0.011531206425047989
1804,-0.02389903940439355,0.02160666793122026,0.021827447356157034,0.0008748284429908017,0.01406075904137818
1806,0.004750123113191281,0.018632994411407883,-0.003048075499781696,-0.006545090105079341,-0.02198544355177336
1808,-0.015416129728749887,0.003941165442477273,-0.0185398673834694,0.017408880404491386,-0.037260916471703084
1810,0.005180021279324059,-0.009293939655632586,-0.019053761355454113,0.005838763904462627,-0.0024158258692719204
1812,-0.023596649667627864,-0.010951447075452531,-0.00783782697283166,-0.0028856919876613205,-0.007005066604416779
1814,0.01037107870395922,-0.0023378647638604665,0.01206246020608382,-0.01882654617457274,0.0024142959796383187
1816,-0.015621865525492516,0.018269838972146454,-0.01699335457408777,0.012495086531912445,0.009222580017829975
1818,0.0006153447727468256,0.0009278431239946698,0.0010765619185690986,0.011929206720665725,-0.006410753824524197
1820,-0.0030153344952326424,-0.004731135965020132,-0.002956304932284395,0.0033871588999046217,-0.0008108552765367766
1822,0.014846327337702208,-0.008298864016749051,0.02788709445137413,0.034693263738970484,-0.01964429402451558
1824,-0.0012050153565653931,-0.0025514125625681,-0.020168467439559638,0.009800674289716088,0.00406255706261911
1826,0.010672485319482535,-0.012972840090624839,0.011819518581321917,0.029125547245442786,0.021601841244510565
1828,-0.002442778606272453,0.0059567552932160445,-0.02526728045388832,-0.007805649941582629,0.013787960730232212
1830,-0.0013776462598122624,-0.00682884985608702,0.014299853865931427,-0.010957729156344416,0.0023397131271217487
1832,0.0009338189629065943,-0.002492381787385942,-0.022036375978408223,0.013960675516520062,0.0168831573826729
1834,-0.0194564048442958,0.012772670875165182,-0.004001172052986377,-0.0046768854379194025,0.016873319194671426
1836,-0.02403401706984578,-0.001283536454448615,-0.005291737239394756,-0.005987749889362379,0.007321447137606222
1838,0.01039365972274429,0.025162604069864945,0.009236047834132306,-0.037820889852753545,-0.002295406190629744
1840,-0.012242596686457252,0.006660173392457684,-0.0031620652514745317,-0.030105831846075196,0.005085295663737917
1842,-0.002168227124585093,-0.0018485291775581123,0.00585764848828699,-0.0068130072301154,0.011542941806501705
1844,-0.00207896996082677,0.01641502237619162,-0.002226204033646175,-0.0056910162757500046,0.005551694264138995
1846,-0.018205317352267096,0.007902270375667392,-0.0009120833682337507,0.009338342546565265,0.03525414575002442
1848,-0.0059733951112801095,-0.0018179597167845842,-0.005775350040217193,-0.007909515812666905,0.002573997954503746
1850,0.0023904164270032754,-0.006922260560738749,0.024299978614346046,-0.0016736154690008356,-0.02404479169063785
1852,-0.00971432654784,-0.008966509837686694,-0.014930858498961353,-0.005966549257245885,-0.012331489153782621
1854,-0.003363505401998266,0.001049816500573677,-0.0016777742956114734,-0.004835435742989439,-0.006465429324889797
1856,-0.02635738169647941,-0.009228715429859306,0.010060458595183435,-0.013051374793590554,0.01652243025110698
1858,0.0052582170950682796,0.024663316868852182,0.0007870323641542296,0.025322226218650976,-0.006685542765917141
1860,-0.007374434995221924,0.0034676179884798675,0.010942054380759635,0.002563719132263902,-0.005422749613156352
1862,-0.0018000701980211017,-0.02172948168466011,-0.007157475197180922,-0.010913979700463036,0.0018177237893643751
1864,0.01493526671311378,-0.016405606244397963,0.00830891787465754,-0.006283352774999127,0.0064894541815325715
1866,0.005562397300221489,0.010341976700610513,0.0010636801920990112,-0.014482898269327032,-0.0041486975715607595
1868,-0.01841150000914504,-0.014983471703520936,0.005404662667091588,-0.018493487971542235,-0.01605122575340415
1870,0.02078126398431471,0.016148945742017317,0.01868059864844969,-0.015831010483041304,-0.012468495640280203
1872,-0.01309529585991162,-0.0003835838045860368,-0.0018755288161158051,-0.013990548617487658,-0.010782904452201049
1874,0.015791007584053246,-0.004843256107968066,0.042957580830808466,0.012552147210584085,-0.019564026288344052
1876,-0.007235654776567172,0.013378755666030185,-0.014728286301913467,0.009539439676349223,0.001709600898796158
1878,-0.005518433592463549,-0.007641314985120054,-2.4399511889252718e-05,-0.009806425762478217,0.008188687466243991
1880,-0.007880392496025655,-0.026227000175862443,-0.019725793827719506,0.0031463652416881052,-0.019995942473063213
1882,-0.007996518872294937,0.01883959248675937,0.008696057478553577,0.00409807569309591,0.015372054459410285
1884,-0.017078491535988772,-0.008866071480854469,0.009899790021250928,0.009234367382765408,0.00827940809259318
1886,-0.001089934140784365,0.004842659124678199,-0.0010161244991256017,-0.0055622898857581645,0.0049381569829843
1888,0.03200795726906209,-0.025176209756660514,-0.03558553865864804,-0.0034614895207226975,0.012195660370604587
1890,-0.008318664607872688,-0.016162161268976065,0.002878675249729211,0.008077888560833659,0.005199884055997128
1892,-0.01891706689879226,0.004971046024421239,0.006767674029046718,-0.0006825759609929554,0.012244707940114985
1894,-0.00020119938186486581,-0.006658454849191657,0.03772437277967113,0.013514811827391329,0.0016866668578657705
1896,-0.007217945403160567,-0.014925007832302124,0.007609660379090846,-0.00587860313701467,0.010969394288844244
1898,0.002936820340394636,0.023111450784161793,0.017380648784811124,-0.01280826745352596,0.007608175544438581
1900,-0.02072607918141736,-0.003483485327821127,0.0037835932603422686,-0.015550466473026608,-0.010993162276491593
1902,-0.00087296291564816,-0.00541997449410376,0.007989524020483777,0.01070946345220204,0.004932858264318108
1904,0.012538803753817865,0.005024348403560763,-0.011894747368544262,-0.008797286796570204,-0.0065344589797688025
1906,0.026509130685491815,-0.010764739033179524,-0.009520881293465596,-0.0018614776237880649,0.0003668678138439019
1908,0.0035299364591658156,-0.013127849441717946,0.004492490107092648,0.006329960105503586,-0.0147594304086715
1910,0.0026424891324745717,0.02951093757040141,-0.020991960082700958,-0.006459368495409148,0.018663429360825573
1912,-0.005596741736636431,-0.00040728543450708283,0.016686577507548674,-0.029096982592556265,-0.01156817364232617
1914,0.001495643633555454,0.014261076674996072,-0.0011107669371119323,-0.01732086595483874,-0.0010812049475405169
1916,0.012253540447079164,-0.01605386834830751,-0.012251421264617353,0.021332237088748204,-0.017719561607217094
1918,0.005615496530559842,-0.01145725918373201,-0.02498762084967576,-0.0027300521940373406,-0.0029077911258231066
1920,0.007190909629059165,0.0029967118832132334,-0.01794364114265318,-0.022998719989606474,0.008795859214370184
1922,0.01113467031890351,0.00580073005734782,-0.015913684380323076,0.008188234942893252,0.014220656127435031
1924,-0.01887792882271423,-0.025783789520358123,0.0038517899298786233,-0.0067239144329025126,0.0049305724363665855
1926,-0.005024110407558051,-0.00560227701635424,-0.006989175721895338,0.008648450179464718,-0.005747396095041443
1928,-0.007809359403975708,-0.011164520427786763,0.008581409892266504,-0.010454102698952788,-0.021696972981454624
1930,0.00101779009056147,-0.013337697268959283,0.014368749122072817,-0.008841887249067272,-0.002863058821530165
1932,0.005422747554255429,-0.007656735436216513,-0.003571909467692302,0.0023656709352557594,0.009941717175760886
1934,-0.03438123009532295,-0.011174184900008195,-0.008597349268845022,0.012151683881480281,-0.02187224804142565
1936,0.020987162661334182,0.02423846096204356,-0.006183582794203579,0.012678433979367947,0.009744796984343041
1938,-0.02003162122750906,-0.007583379761501931,-0.012080267922192873,0.006607240677380046,0.0026017118548382844
1940,-0.005410870108831283,-0.00021254710103037276,-0.00466718440996783,0.0010015064520155423,-0.0016058104486701577
1942,-0.025987686413823086,0.017582665632612827,0.02472719213859308,0.009437908488806601,0.01166253326204447
1944,-0.01796153357414134,0.0038322852473150417,-0.010678190932289227,-0.012211056837940068,-0.011828077474520169
1946,-0.016683756436262534,-0.0015066649509419769,0.004354696405608729,0.0053683064243336305,-0.0182698399616259
1948,0.03750626859908116,0.008719025144202704,0.014567420012041829,-0.016931206324609836,-0.030813245716774323
1950,-0.006385644743723567,-0.0028488819289992032,-0.004188827849284084,-0.009246879453627885,-0.007471588343116327
1952,-0.009521906084355656,-0.02556435478540279,-0.001469418353712406,0.015690325268562257,-0.007920956312881375
1954,-0.005554883179899988,-0.008832358372417807,-0.013419874104491095,0.006831162971182771,-0.0005515902025617991
1956,0.013471394284214585,0.013069513189812173,0.0001881704678719145,-0.017164728924551072,0.008520819463214552
1958,-0.0051742821437585065,-0.004280339416389561,-0.012171410831822582,0.0015319391435584474,0.018891223305316084
1960,-0.015157743246069237,0.018210679207285866,0.011910981342026622,0.004123277578680905,0.010186192243327601
1962,-0.0012973795654269323,4.798540718324921e-05,-0.019237075376702616,-0.008395049902991059,-0.007676039174469317
1964,-0.027958005165112834,0.014169113334585476,0.02270943644711933,0.000666837179340792,0.010000560265268263
1966,-0.002819854624579742,-0.01043107167592922,-0.01891513293659735,0.011916064555851666,0.017455320245047447
1968,-0.012198502892038238,0.006665759024043756,-8.522544042084562e-05,0.00928064358732224,0.00675967629024483
1970,-0.0054802240170486564,-0.002988655341523785,-0.0074489705865088025,-0.015026962743676561,0.011034097254709475
1972,-0.01667809087051164,-0.019581530648758633,0.016638565755631347,0.01985663886736716,-0.013853403896603717
1974,-0.013082971706748978,-0.004397138457017659,0.017732394968882265,-0.022186080884568277,0.00663754607537717
1976,0.008852818603048975,0.0006088754859541838,0.009722085285318465,0.003715406447886448,-0.016679987375014103
1978,0.012747836933642441,-0.006642841332113561,0.025867931725818222,0.013920241092294665,0.006079594217567552
1980,-0.014340692706771716,0.00045397964682246226,-0.008952449808442495,0.007887673264744315,0.0021125847497388264
1982,0.003732038234507044,-0.00641621402082306,-0.00184979792911567,-0.019366049845085553,-0.01619535650645645
1984,0.0010650828173134393,-0.010518313371371522,-0.003080051304200617,0.012709629695835663,0.0067780703017824625
1986,0.012443460106630411,0.006567614651709438,-0.007917665537415772,0.001992047751796326,0.008195421582760551
1988,-0.0024203815349689377,0.021382539856428056,0.008702463651557232,0.0036769756111165917,-0.0029681364825906455
1990,-0.00836657705985519,-0.014754262731058673,0.009296798512050744,0.0020795158689542394,-0.009436751637324759
1992,0.01435172554339591,-0.004003322273534275,-0.004969905694904605,0.012331955872044971,-0.026596562824426802
1994,-0.003471167653754514,0.0014978936916372945,0.01488578548616438,-0.0031494369280508894,-0.03403851630724802
1996,-0.012173888760670885,0.011637204191017582,-0.01290273042151132,-0.012200557973490855,-0.04096007676503377
1998,0.006926831961068595,-0.006623364474359772,-0.0023357681045368286,-0.012469582047962157,-0.00044378815308803235
2000,-0.013679033414486928,-0.016165760428390942,-0.007273937489597263,0.0064268974539398414,-0.016348209038181436
2002,-0.022426368771428354,-0.011164110003530955,0.010974073878956062,-0.008002749507303503,0.01647287656267208
2004,0.003377828008158696,0.004651143503746518,-6.509214992529158e-05,0.017476263118868945,0.008129650112501463
2006,-0.010995994930692499,-0.0061799257557714855,0.012129521069448007,0.0013885182697072817,-0.017604435588850935
2008,0.005648882086840625,0.00993838681353296,-0.017711716509417812,-0.002117042602134388,-0.02682874786716472
2010,-0.007751642767052498,-0.00565972147734314,0.00130868443890961,0.0002906865261899958,0.013034809914159865
2012,-0.0018591934659950658,0.01396284608413516,-0.005168041966033151,-0.020094062418622157,0.009754617759327686
2014,-0.029759314076586458,0.009959029054407731,0.018711640161099146,0.03308037037630423,-0.015345773570651266
2016,-0.02147132279565197,-0.014357417417964818,0.0026222431284153836,-0.005588728564766223,0.008121203317270882
2018,-0.00250427943144468,-0.00982596078385281,0.0171889510690463,0.018011934931023533,-0.0025526585517220766
2020,-0.016857268770702635,-0.0015579915296125499,-0.009947053932701335,-0.020413375248614217,0.026924356812443026
2022,0.011720040877953898,0.010244994148475513,-0.014801770344145499,-0.011675943148140475,-0.006232650667109907
2024,-0.02079302936082313,-0.010012683419691807,0.003544380634406889,-0.016349516345826022,-0.01150065924340498
2026,0.015344306043585552,0.022034843869783625,-0.004781385551663363,-0.03485144792433759,-0.013462572744440593
2028,0.0034784289976216125,-0.0111670216005634,0.0030470037746379527,0.012752252438390779,0.012589666015191911
2030,0.021907936882817745,-0.0016882350315901055,0.028144712409631876,-0.004521853899292186,-0.018425081213445292
2032,0.004259225046359039,-0.00227803271616295,0.012839267352320572,0.009833389391166838,0.02983991712055464
2034,-0.030075096376511463,0.02114807905790226,0.009761864712770529,-0.0014231860075282821,0.0015648685495863288
2036,0.018991317012379667,-0.0046715050317938395,-0.009917460339734086,0.020399240210239648,0.003160546201294118
2038,0.021107813239043278,-0.014007332440542605,0.02246401253381374,-0.0010184326093235613,-0.007070444217632706
2040,-0.009943949558736113,0.0009966587077482015,0.001767564531429785,-0.010605050159536434,-0.007933764488620662
2042,0.008075182058631808,0.026475703823235906,-0.01046192194790324,0.002763981459677533,0.0178604580661505
2044,-0.010695733338158672,0.007860528649812031,-0.011864518847153456,-0.01349846005124616,-0.00017093322623737043
2046,-0.0166628662799514,0.0003722616334213971,0.012452203610196848,-0.0018450233067382096,-0.0150604141909018
2048,-0.003833827905970169,0.02398719445042052,0.015327252781448133,0.008791565001756492,0.01629519923251782
2050,-0.0015810060496776123,-0.029120451646083303,-0.018326314917157232,-0.009202924482446617,-0.00038102352648870173
2052,-0.0107291232810077,-0.015309746769664932,0.0043998561837633125,0.011300350111574216,-0.013079034783879114
2054,-0.003418226980361255,0.028970722944436606,0.020078142641983765,-0.010970645265243672,-0.009484549345212848
2056,-0.00740138896586247,0.004592228114867273,-0.004306335501788572,0.00012387914700382242,0.006872433942135838
2058,-0.017698300415827213,-0.02716003288745664,-0.011577981454507101,-0.008109796636510853,-0.01063865319680429
2060,-0.019594638488801497,0.012135235239643603,-0.021991080892158368,0.020901229116259447,0.009934858837819867
2062,-0.020107000027174082,-0.015623180313311759,0.016726424500547916,0.012676216282474744,-0.05659505900289911
2064,-0.010997326980671813,-0.01793940612404711,0.0072520127899902585,-0.020953807574206618,-0.012937831301237119
2066,-0.010885386968199557,-0.015970887057862253,0.0006205018458049054,-0.023534753436057747,0.016942013147290123
2068,-0.014476849388648199,-0.00012574259149598612,0.0025983363793592217,-0.0219574740761262,0.012175314679786515
2070,0.008111777417303777,-0.0010419156066065435,0.010455610681841306,0.007149353434944562,0.011286254837071028
2072,0.018774206066041858,-0.0037196154351010154,-0.014364677014488396,-0.010889457705990133,0.0055241023222562125
2074,-0.005172663921015394,-0.021602806338162348,-0.0019050363509655252,0.010432236698034,0.016193341321481747
2076,0.00374152077845884,0.01728352626074149,-0.015481709630863922,0.003436464575368233,-0.0011688682127124247
2078,-0.021770619004137015,0.0026506979996933537,0.006566657524564086,0.010203860978761133,-0.013725591102295808
2080,-0.012259321532026766,0.021066417674140685,-0.020280598471421944,-0.002735162442376471,-0.0010092798174386108
2082,-0.004472112654305786,0.009191248604358717,-0.002772102751844058,-0.002830682988405841,-0.020746667523846733
2084,0.005097861970860155,-0.01192827137033864,-0.015496643937106347,-0.02545081885414654,-0.012214990784046883
2086,-0.03779194556210679,0.01384645400885562,-0.002621307176075155,0.01729285918548832,-0.010820840047903933
2088,0.019159623138647514,0.004128339130510703,-0.0029512707721469624,-0.00019852628030824176,-0.007201287050160989
2090,0.0029345859985638787,0.013026748758502,-0.003240167962697886,0.010784267229167727,-0.0036680231274346625
2092,0.007917444250380256,-0.014396000946748843,0.031598821601136605,-0.008359127704913627,0.016927565206473434
2094,-0.022720605724783776,0.007627859333559878,-0.008855001871512575,-0.002551329173245784,-0.010320917708735375
2096,-0.028268146643452927,0.008599774672005147,-0.004496122940418827,0.02057404534342114,0.00310228391880413
2098,-0.014720094289960562,0.016466786078839626,0.00816770745901649,0.016080927575028024,0.010468506973749183
2100,-0.003348708247663551,0.00839647235109611,-0.0072100511461428325,0.0010356992806619815,-0.0020636659677828874
2102,-0.004429537776213171,0.0003758219106374301,0.0011530299393621068,0.008982331152420647,0.003065785512829212
2104,0.02387279889188989,0.008032508247940048,0.010975347647605374,0.019780362949763045,0.02659710988263473
2106,-0.017993110598970786,-0.008457926020385703,0.00904748151342373,-0.021652529905920603,-0.0003812004589410506
2108,-0.0023407467965515763,0.007630956386425346,0.0009380703902443928,0.018597739361411125,0.010590686526411073
2110,0.013447147592855972,0.006229759130311042,-0.008137055138326243,-0.0060385734989717756,-0.00040947849147507327
2112,0.005309496839242466,0.017706434246829234,-0.0024098695634113625,0.005418876770351551,-0.0018654120183547345
2114,0.0017856270311802514,0.0013090579648452351,0.001079683940499064,-0.02031009128990148,-0.009848907817951684
2116,-0.015098536132020302,-0.011214915887819024,-0.012751099134100085,-0.012216666740418124,-0.0012886306413434757
2118,0.003503681915160301,0.008271757216508701,-0.00018588909880547054,-0.008909935370659532,-0.0167264405675326
2120,0.031235378074920484,0.007796341643331685,-0.0003582215248766167,-0.0015315543690418393,-0.014124394943876692
2122,0.009263638227284644,-0.01959914898411635,-0.0034848428069459325,-0.009397723247919392,0.0012192791035917957
2124,-0.011416688376471341,0.003068480061796796,0.0021665147512531257,-0.02205152651802471,0.006532269548402889
2126,0.006414683815408794,0.000348550822960003,-0.0043117189934209045,-0.006661988037766472,-0.020305512048396476
2128,0.0023304647855720193,-0.009938358539843446,0.005297656180260327,-0.004126681109807504,0.011908666590220862
2130,0.010691901862513915,-0.006923940154295969,0.0005511110684673222,-0.0010261347018976413,-0.010949910597581484
2132,-0.005036725399846725,0.032121587575409595,-0.01978050702691331,0.022576538000542323,0.008945422297575353
2134,-0.007246304883467612,-0.009055163000020523,0.020206838516299938,-0.010914496124392962,0.028502791499027316
2136,0.0016637068360396674,0.0033311615810429048,0.0017157836951872515,-0.003484322261931101,0.0023109815324543377
2138,0.00810261911789239,0.020089734526265567,-0.020951829259484068,-0.005589849932769054,-0.0057811111919911316
2140,-0.007218701800527983,0.004541805856922967,-0.0032397998388241423,-0.04715344974849697,0.019193569877278823
2142,-0.00738812820712639,0.0006063134436394022,-0.008312241612411777,-0.004131633771272688,0.0005517005627940535
2144,-0.035677698452069743,0.020678502686346505,0.012350526711294073,-0.016069632920252017,-0.004187384019251004
2146,-0.002645813876236972,0.0014196636142437761,0.0021845946192581263,-0.00305153158227762,-0.029128956544862705
2148,0.017452734561244684,0.0017437891572943108,0.01530799007377798,-0.007048694130575113,-0.0031515741247051103
2150,0.015278997815148696,-0.003558013191699037,0.008916446839953438,-0.00541645665188166,0.0183458984153833
2152,-0.008805515715772143,0.009679152927333375,0.008416152675431936,-0.012667111256097024,-0.01792283334995268
2154,0.00388228769592953,0.0012867097695118959,0.009344691727393965,0.005870781333293764,0.006502613352985564
2156,-0.0029709052755260154,-0.009572579571471786,-0.00623876601400625,-0.001167315391462262,-0.0015380893501028027
2158,0.00816986168329844,-0.009154375522515813,-0.008115503958100593,-0.02545200184933946,0.026307845411391924
2160,-0.01298830198233451,0.007591638943552146,0.010514840671925565,-0.011285621786869513,-0.006114299733033656
2162,0.006198718425115712,0.005878180338147825,-0.008779615172206264,0.018102277259962985,0.007811475949024117
2164,-0.008631422027462527,-0.004355036338870296,-0.0015790675408467677,-0.03471651001404899,-0.0055142708553212886
2166,-0.011962828446314796,0.0005484893744861313,-0.022082189962374033,-0.009149656512393141,-0.005154030329890989
2168,-0.0028970314932975374,0.02139196306503944,-0.005958574006254553,0.006518098766836485,0.012664192328423285
2170,-0.017703550232602054,-0.003134409138527651,-0.005627149149868493,-0.0007745258082138982,4.1529177496359145e-05
2172,0.005064171890677502,-0.014178539646145646,0.000333173689772149,-0.011248215129383446,-0.015961341217311336
2174,-0.02618494794746112,0.021269029824028507,-0.0071667958214709495,0.007966356443373806,0.01342520253729326
2176,-0.012290481882836091,-0.004059255665363712,-0.006960906626089687,-0.004195864442836517,0.00495291806747349
2178,0.00048508543114623656,-0.00020038106834172856,0.0038102301269623646,-0.00811403614707415,0.00353172876617431
2180,-0.006532559486928266,0.01238526256127637,0.009015016498895929,-0.0015290350599463855,0.0031733915537978346
2182,-0.009615555310024552,0.02237518644328546,-0.01804442841849159,-0.01981296379836584,0.011522911532421354
2184,0.002966209828816166,-0.015942957595036136,0.008235845107017989,-0.01671787026125954,-0.005036677345897715
2186,-0.016207169684931164,-0.017880885379536294,0.01249121431610612,-0.006554702127745006,-0.008503619132330005
2188,-0.0229612553408729,-0.013913442709230598,0.010206217170974675,0.0004441512583353882,0.008103167613326669
2190,0.0019576614021547065,-0.0068844691715879165,0.003578018022386587,-0.016564887132803054,-0.013911124291726164
2192,0.0026776316509875054,-0.03940220150649792,0.0018761003442175211,0.010404860687370896,0.027676486507088205
2194,-0.00669216539759099,-0.007414119548141357,-0.008382752710194312,-0.017969185672433167,0.019897131569289246
2196,-0.013733372756117438,0.01385595076250884,-0.014406478300177753,0.0013375527475858967,0.002535130617766643
2198,-0.028681509711852946,0.012451953265208714,0.025726172347994663,0.02307796000794856,0.0026447339177353016
2200,-0.00401323289290208,-0.009113795063998184,-0.005336310514320204,0.0028985100526150364,0.00875384448612527
2202,-0.0097060850168032,-0.007179813290108341,-0.028343411011916363,0.0008132548989575976,-0.01608596723185635
2204,0.02440596710707205,0.0002990177204978912,-0.014127189903228516,0.002632010818370122,0.02780725449385531
2206,0.0037988765147594626,-0.0021555994529438155,0.008834787297458015,0.01472668321964803,0.026059499759134953
2208,-0.010953691836285348,-0.004158361793947614,-0.01346096747360014,-0.014085331569131235,0.00029872092070855046
2210,-0.010742264512233415,-0.0193555565867517,-0.010856604324021987,0.011250523075564801,-0.005100164708563565
2212,-0.026751712132350603,0.001048547787459207,0.004947912834028426,-0.004342441960158211,-0.0014187924010863311
2214,0.002238471286524525,0.004639675903242725,0.017718279962542455,-0.010174155077238341,0.021910420932867342
2216,-0.0034534333161160362,-0.00838407588529938,0.024666244312008864,-0.010147399938833915,-0.006881907210994037
2218,0.02592933105577052,-0.023036464757681334,-0.01678410485673142,0.003398375524165195,0.03604658193204116
2220,-0.002152542774762657,0.011539732821754887,-0.005605783347005247,0.0014706691996637805,-7.018069879032016e-05
2222,0.0011795074051926657,-0.009676587476032016,0.018155331108622944,0.016713939363615687,-0.0061683722483845856
2224,-0.029489275896669515,0.0018182322206078318,-0.0073446966835795865,0.016654643847460314,-0.01725665654029083
2226,-0.0030721318569369737,0.007111136443729676,-0.00436142810435154,-0.01736884693163078,-0.0030341561740739606
2228,-0.007945971523036006,-0.0007706892268510675,0.0019125188694459469,0.0003302662306441813,-0.03678842915680613
2230,-0.00786262869173082,0.0043317356553997585,0.032519337203741804,-0.009123827144432618,-0.0062904155255379
2232,0.0017226780260951055,-0.0030512164829732025,-0.013967701955534607,0.005523837481161848,-0.01066916265247719
2234,0.0013615295177046133,0.017653854773938406,-0.011517848597755655,-0.017517342412220877,0.015989026777922032
2236,0.005429705100888084,0.04184592646313449,-0.01930266106262237,-0.018684479248326048,-0.008788405606202927
2238,-0.001073549496334238,-0.010372803421254705,0.01317718032971479,0.005844321558432558,-0.004110310250776308
2240,0.004919276539788402,-0.014721528125696264,-0.0021187361360296376,-0.012334166195229194,-0.01050035450420533
2242,-0.018132092135102192,-0.023211789193837026,-0.0011777696137688293,0.004213797433331283,-0.00549635700820547
2244,-0.0011130926080444097,0.006763354020033746,-0.00732685231144185,-0.017622645881581064,-0.005610816037772027
2246,0.0069230517662873334,0.005349329025191511,0.01153011419950824,0.016522777770646313,-0.008486508841757718
2248,0.0006768975312442161,0.027703283179469847,-0.007159668400249377,-0.0037717850952814886,0.004101675003651838
2250,-0.01040366927936341,-0.010645435356113026,-0.011043168792368623,-0.0067271089656494205,-0.01243883566610284
2252,0.009464895886743934,0.013890742970486416,-0.005566877781992346,-0.006802644352299347,0.027112696968274678
2254,-0.020191089670283158,-0.0013983287187780157,-0.003041885615152108,-0.004530562770026946,0.011980740456796998
2256,-0.012189348460835475,-0.017264997649725593,0.024202442579387064,-0.005274870260508808,-0.006461614575270176
2258,0.01313013510359808,-0.004634603962651724,-0.012898558057993727,-0.01569269142487162,0.010661043165600412
2260,-0.016073036672869818,0.01718180640539258,-0.015376034145398537,0.016165976873996023,-0.0020344051269584195
2262,0.0065169285558548,-0.0008717807351492127,-0.007474937333376776,0.002295463233377287,-0.0009337831312094811
2264,0.01151275171847677,0.025792378882812293,0.008636427723774135,0.006942928868562454,-0.024176000131279844
2266,0.004178590224449775,0.011037658165850386,-0.0064379446338287205,-0.04559104824450271,0.0005700316413144906
2268,0.00872917933295903,-0.01135887511046653,-0.00013280294677666874,-0.014550713754157948,-0.0018965067710395255
2270,-0.005668463864247278,0.02080284425980079,0.007611267303529042,0.008664984465290852,-0.003879582602405502
2272,-0.00193886928289542,-0.00307291366885662,0.005293264381128947,0.01871852905549345,0.016437790861221564
2274,-0.014586649817170758,4.4868363185663975e-05,0.020629439621954116,-0.031606645718879285,-0.014164090199223996
2276,-0.0019754545739766195,-0.0012489912600288128,-0.0028914512466987775,0.016738574792024764,0.017908412090633742
2278,-0.007178948115160691,-0.009028734806694033,0.027843319803529144,-0.020937201432717528,-0.005713351149784586
2280,-0.009995012657296567,-7.506970139986615e-05,0.007168877922300715,0.005169376928281152,-0.003321511466010239
2282,-0.01570508854645961,-0.007876999820894737,0.010876702508426716,0.008949861116563833,0.005786890571783291
2284,0.011900748696747463,0.005237497538126187,-0.018073169207471443,-0.004403313415923283,0.02640558208446541
2286,0.0010451802363761972,-0.0027438533498450437,0.0073297829720113785,6.523775786266885e-05,-0.014585229571375887
2288,0.014076393787710821,-0.0032475637067780716,-0.008568802382379162,-0.00023863944392467273,-0.016173099525325495
2290,0.0101225253322617,0.00022757802178768736,0.018429763431618916,-0.008462785972962092,-0.011910280077299929
2292,-0.009491338264009774,-0.009979341581783275,0.0024444650710719234,0.007499240081737099,0.015802189283969266
2294,0.013942272698580687,-0.013617049516656208,0.012565168893664576,-0.006203971767603459,-0.015399120324792483
2296,0.007231102756808572,-0.006011131317522012,-0.016656236281938824,-0.028239376362288418,-0.0018462885161300599
2298,-0.005475906613715267,-0.002244064362394504,-0.02786780833836637,0.01117624860707438,-0.013268613416075187
2300,0.005087606350276528,0.001832998713724958,-0.0018614210505869526,-0.014225026288263679,-0.02276700062855327
2302,0.000338223043727199,-0.003284276890981467,-0.010136126351729835,-0.01382686020433579,0.007956591877563824
2304,-0.0006487084951258962,-0.005281540284754944,-0.004171166214826273,-0.017101946356346275,0.024828161038144215
2306,0.011657674385490611,-0.005720258382252773,0.0044637213219878395,-0.03937040691912413,0.0027439232634433436
2308,-0.017775964782768574,-0.03419427800705693,0.0038992964446768843,0.030406018582589574,0.025304785125340457
2310,-0.010469621085772993,0.00436318117022972,0.008063066430874531,-0.020119325027170846,0.006230110659481341
2312,0.010011107808774494,-0.0028632479514222376,0.0018135203964488305,0.016724887018608983,-0.007462884693194045
2314,0.007715626361001906,-0.0004436022033097438,-0.007449439898907768,-0.02511529911486297,-0.012872172860741299
2316,0.0069914848957147255,0.0049817656767036965,0.006265561409628294,-0.02092085593696466,0.006091374024564773
2318,0.011695046693883942,0.013150065732471695,-0.010392368732840588,0.01695534876270762,0.016549806069069768
2320,-0.005561463885960975,0.0006049222425470836,0.0011656418410887245,0.028795934610642372,0.006036002269381802
2322,-0.01823683991653835,-0.007239060447654466,0.005686081558817259,0.0012124849541681835,0.004512725223082976
2324,-0.024844391757536662,0.01809223594835541,0.0123814965372804,-0.0040429956654113855,-0.02034222872156451
2326,0.023055813697290154,-0.0006745332914953592,-0.00014906744872638194,0.0017251960637849214,-0.05170850630512614
2328,-0.0044056008437029365,0.01681929087637332,-0.004230267587826005,-0.004688433736853622,0.0026605623546140877
2330,-0.004887867403953392,-0.005861889535367124,-0.020819118469642628,0.006749832854957429,0.028362198696309557
2332,0.02347460013850987,-0.018262506179144863,-0.018369045394497605,-0.0040998156846653614,-0.004268828639423908
2334,-0.008807511170192558,-0.011685587497223137,0.007736529396864588,-0.00022866111241705617,-0.0019328908019407166
2336,0.0027590266770157208,-0.03936983931214971,-0.0044957836587277075,-0.004727771453869013,0.014776994761449157
2338,0.004524973195939398,-0.008791121289001495,-0.025867403236150967,-0.022742912785922643,-0.0006280619563066838
2340,0.00039059964351538274,0.0072949750072859145,-0.004191463466107936,0.0036790884365416714,-0.011413195019170206
2342,-0.023020743107099763,0.018246630893701415,-0.03750743962817548,0.0013399592466209656,-0.007029998729087953
2344,0.003023627750148621,-0.00729371921876236,-0.003981194444852923,-0.005252356538332054,0.019603152733254633
2346,0.005123574946790702,0.015216764344242989,0.008625498262795236,0.00017255929024780856,-0.015465734147072438
2348,0.0270583932064188,-0.0057184720884734955,0.04562703921043242,0.011166044695690757,-0.00044143387441755293
2350,0.021113839382908825,-0.009342814583569534,-0.005828386569969303,-0.0029101329318283286,-0.0025235946668870934
2352,-0.009594439490373707,0.027353335312832103,-0.012603454120415039,0.009441552202358552,-0.010520318409672045
2354,0.0019060205245320086,0.02070760049999826,0.029325611554125684,0.00602085080062385,0.010903005153818934
2356,-0.016331366028468026,-0.012342498145738828,-0.028637337275698827,-0.022339139367169223,-0.0036580552018756146
2358,-0.0022884284428788906,-0.01023912001628428,-0.013802871713276883,0.027771740845880223,0.009799292289042737
2360,-0.02140655310873814,0.00556785701686364,-0.014039219368843232,0.005213980610224876,-0.011164112085914488
2362,-0.016290867494280638,0.006240645728886277,-0.017441912983974718,0.004322575349916263,-0.004812711956653486
2364,-0.00781349512954063,-0.0030960267577353146,0.009670145238651956,0.02248560960245149,-0.008586370711773416
2366,0.02451344709885585,-0.02849290175468031,-0.011652611902753034,-0.016112767888585205,-0.00013935796899549577
2368,0.04344664641133501,0.009025620130266195,0.015659067318448745,0.004650739805633687,0.02065732734481688
2370,-0.022227322388593807,-0.00035093888408279506,-0.01520314460613629,-0.005788234845143504,-0.012103458420334962
2372,0.009744310023370258,0.01193292606073431,-0.007378165867366679,-0.00024310345180544892,-0.009852880300172803
2374,0.020010692692134513,-0.021199398043730087,-0.009875316361828323,0.014771977586430517,-0.006342059185976171
2376,-0.0038000205674454724,0.016634688432993212,0.013301709295786415,-0.0016859668584629354,0.04346805711564676
2378,-0.006197378183986786,-0.0072356052778760945,0.013181687666221364,-0.0013736643578226729,-0.03605009560551225
2380,-0.0016957311817353653,-0.0035330100043786143,-0.0055054430067659685,-0.029951397292624818,0.0010345118980432037
2382,0.002748752383885719,-0.0020164526634424457,0.007314537443831532,0.010954216463035786,-0.02346181376211894
2384,-0.002336826639035917,0.030533391857332358,0.02513361455818938,0.008932099345256104,0.020742482264013245
2386,-0.0019253627579993056,-0.009003268106485881,0.006407925398815661,0.0069734640509777675,0.007655023373307977
2388,-0.009155387233861174,-0.009654412977655721,-0.008013260200122392,0.01971125305602717,0.0007890375628126822
2390,-0.00973772429566754,0.0019399943123726744,-0.009592831224099594,-0.009929183781577632,0.003178305434694718
2392,0.001165053496445064,-0.011287881224949841,0.01797402566184578,0.00987934904959639,-0.009835288586298934
2394,-0.006164822224141813,0.005457386519823692,0.011256571923730066,0.004284872965856523,0.009991244441780702
2396,0.003039796851007608,0.007041901901337049,-0.022473442144842308,-0.014490931844041805,0.001568297661065775
2398,0.008895022547095646,-0.024528383825993545,0.0037946077274709886,-0.01198656711510959,0.0027784849321491095
2400,0.0008146889070174811,-0.009823909183945236,-0.0059218294786376165,-0.009867734986511447,0.007533769711721852
2402,-0.018950552854644472,0.0011072460509181704,0.016683409590027325,-0.024199623109620743,-0.016726715941011227
2404,-0.008864537196814567,0.009149394538557941,0.014406975964898887,0.02587508064162377,-0.0012308342692147346
2406,-0.008395674592029514,-0.001363301449982247,-0.006280245766535269,-0.001369614952969391,0.0059787707036438945
2408,-0.006148347960893605,-0.006196165521794751,0.00927803780967878,-0.0028571368028542645,-0.006598758818337489
2410,-0.004839795188817584,-0.004047878494273525,0.005443149052440989,-0.027909208325469653,0.0062300837367664
2412,0.0020418439510633906,0.0016244646933826073,0.020026457725979288,-0.012227114847299613,0.018224845656523568
2414,-0.010856819942987928,0.03704201047284573,0.011634755712641182,-0.039882166312581534,0.004694190900957305
2416,0.0014339499899605995,0.0429056744145749,-0.009102974051378844,0.003505781115840559,0.004580961020248104
2418,-0.007645641538770462,-0.008279439547671434,0.008416448851202383,-0.014832871003533102,-0.005698954833593302
2420,0.002331510272129507,-0.0043513969090895445,0.017585300970874924,-0.03575186237007191,-0.008677185830801121
2422,0.01088203030817961,0.01610115224571156,0.003372629030802373,-0.02078280926122747,0.003589181584750606
2424,0.010094515470629072,-0.008533114265599844,-0.010896253387620857,-0.014490684055044452,0.0174184988454388
2426,-0.013463757959023102,0.004401359334541511,-0.007419535604406591,-0.007319344235878802,0.002049810455383956
2428,-0.004893034117849706,-0.00979713305081551,0.033339543283894615,-0.00804961324320843,-0.004402203610141945
2430,-0.0035892051418804694,-0.0057608035285414754,-0.00309711596179188,-0.007633865195935487,-0.004569301408582502
2432,-0.03403943118664127,0.03066309945863371,-0.0032426795625865525,-0.013386949845545433,-0.002414850519034867
2434,-0.020340710569269185,-0.0037251225832628113,-0.010495111320305468,0.012267110817316794,-0.006920330536322607
2436,-0.0020926662540788326,-0.008507592905446476,-0.007106464960259166,-0.007248586521013089,-0.015581035657017496
2438,-0.02485461572480352,-0.016337447625155165,0.0053396815100486906,0.006147887143245849,-0.014523082949054862
2440,-0.005378656701242449,0.0188762968876588,0.005334015181538472,-0.006095530872752984,-0.00061467722067918
2442,-0.004530920445433071,-0.015249149177085053,0.0016453602605715004,0.0029271302500236828,0.02402282128800055
2444,-0.012635142325366219,-0.003817538424134955,0.0029173213825150596,0.0036345093830184726,-0.009511540165048798
2446,-0.00737431277554105,0.031073801872566104,0.0060606878480184345,-0.003704173038026651,0.012566807218957452
2448,-0.006323366364059569,-0.006214718036479251,-0.009032661380470482,-0.011512653802315998,-0.011125928021707518
2450,-0.0022587929507209745,-0.009781249210146637,-0.009509888401310106,-0.010512560745434508,0.008956238641388442
2452,-0.0023532078246089544,-0.0021430847271825394,0.0011669423251947377,0.02816013531162625,0.00021832847937148673
2454,0.002101677075348154,-0.009462960693661608,-0.0012015933298834144,0.002482051651271971,-0.0069001454145873
2456,-0.013913322208038639,-0.010774942048386646,-3.2295585922259145e-05,-0.04320149987833163,-0.020400435032942133
2458,0.0034378142397240453,0.0018860184781428638,0.011936827682933538,-0.011740338255179887,-0.005973838399166921
2460,-0.019519258520233007,-0.014700750097794485,0.0009231249555214246,-0.010836160697470055,-0.010195089962682783
2462,0.011824468051072996,0.01789068448595348,-0.017018384049352575,0.015771305580590013,0.027350854567946566
2464,-0.024307178324331657,-0.034266187833636316,-0.01966044636349696,0.012568106315936885,-0.00812868361278081
2466,-0.009186826186396421,0.003930201862727305,0.024055432303877418,0.008115910277274133,0.009971206832579217
2468,0.001563968019865061,-0.01566872186464057,-0.0021349997165879073,0.025658493373402036,0.026136372439041093
2470,-0.019694869944512822,0.00411453864445598,0.0002724977083713641,0.0059268168081467055,-0.011726367331417709
2472,0.0010927843499495221,0.011113268311289264,0.013609490637454804,0.008298499063888656,0.002462313807136763
2474,-0.016464904105574774,0.014275170867793835,-0.019312255364186903,0.020124296458963242,-0.00820355155577599
2476,-0.014014097850497072,0.009495563503762206,0.0024849330330136525,0.006348344071063373,-0.001173655676925306
2478,-0.002603791367259797,0.007437704897859329,-0.0038441258504471614,0.018831205709104678,-0.007090945584490845
2480,-0.011458603142413136,-0.01386452363352497,-0.01223497715753501,0.00016203568947707097,0.0016961346138780952
2482,0.015735883608806782,-0.008457755992530437,0.004466993989430523,-0.026186517487045077,-0.011883761886537243
2484,-0.003696698438054409,-0.008133141765116729,0.0025802632289405425,-0.013148518043665762,0.01585660800568401
2486,0.0018863995516862713,-0.007542043960622108,0.025065044188732954,-0.023230625766890403,0.03214021232382033
2488,0.0036556761239272054,0.009321903470469751,-0.008890727597307893,-0.008081993359805336,-0.014059417603142863
2490,0.0024300445055528202,-0.009990918347278194,0.0033497590199024494,-0.015523995176788666,0.008243639826667079
2492,0.002140519583484798,-0.015099087643515773,-0.00369973766615957,-0.031968650330700524,-0.0033329554355569263
2494,0.014656871762438784,0.0005625839589251323,-0.0035578242305805276,0.03171919318870676,0.0032454387529451557
2496,-0.0021488113742331467,0.016801613988323152,-0.011340245848057016,0.006530037331838092,0.014585923660665122
2498,-0.006037078004149234,0.010743273717248767,-0.01462886303882496,0.010284341228058606,-0.033145059029527656
2500,-0.010727902671439497,0.027370725440033068,0.0027092798895637293,-0.0014505360898399145,-0.026085039557689097
2502,-0.012087484124776485,0.003644589021409149,-0.0023284602868755846,0.018132153296929528,-0.012635642712731033
2504,-0.013030350249810382,-0.008266646672452962,0.029930238224214298,-0.01711337840294682,-0.01216363408934222
2506,-0.009978364219015835,-0.011441898754263283,-0.02478974052755004,-0.007704209821104708,0.004755479349105852
2508,0.007990963114736132,0.012089543602148369,-0.02079252450055798,-0.017766899778908902,-0.0004719613192058051
2510,-0.006286560489136307,0.018902908658843396,-0.00885455743459642,0.017437820366673646,-0.0018620960397276033
2512,-0.004650443831552615,-0.01365622187525383,-0.00882965940889423,-0.019047719386991187,0.006210521630398269
2514,-0.0206811603471045,0.00296961963139686,0.01146395044598307,-0.01201382151039804,0.010284147887993155
2516,0.013752301286965968,0.0032555172062775912,0.0002431369185000986,0.006999973382201545,-0.010869324670767044
2518,-0.008990494455416567,-0.006482426382591715,-0.015832493066288107,0.04939175828371458,-0.027501136028859573
2520,-0.0046341623286614226,-0.0025637398326360233,0.001593188916863338,0.007697720084330979,-0.003893020573634862
2522,-0.0022386846565211143,0.015624560041490938,-0.012545039737369621,0.02655979207146538,0.011672144889912259
2524,-0.0022105522952952017,0.01714501419844702,-0.013610564092179747,0.0240946388583396,0.020504839931666786
2526,-0.01976041513576368,-0.01913418854993122,0.00020331875929841128,-0.008376240394357455,-0.012348085497183216
2528,-0.0019011216595363647,-0.005603339985221855,0.0010050400139351358,0.004417737237660032,0.010357395420776253
2530,0.0037492567435424436,0.02170957835710911,-0.015309027204396246,0.013513465760078953,-0.01840313564705731
2532,0.008958405236966845,-0.0037724231964971653,0.0035523726429530934,0.009054752695161646,0.0018525983913140172
2534,0.023068121547786164,0.005997929020618813,0.02829121981078163,0.006557299447401171,0.007369201450648215
2536,-0.009480330644136224,0.0016321749277497981,0.0045197621915817636,-0.010609778013666325,0.01852333987305337
2538,-0.002613146179773355,0.009316522031315005,0.008324805490215043,0.003248699906876051,0.0018534142921781368
2540,0.016458734423015813,0.003348551342728668,0.004423883784245848,-0.007931816197845908,0.006604505293303525
2542,-0.02633102818242197,0.03437908992387649,0.015974847031792694,0.028305228964268295,-0.04406928241933309
2544,-0.01847263539723357,0.0032704715291835412,0.009272792699291786,0.015263922535883417,0.009843651106981802
2546,0.014811706095939755,-0.00023630054904974357,-0.0025239900663422098,-0.010262534086004162,-0.013063587242187216
2548,-0.005721434827678948,-0.017233324124955214,0.009838107518384051,-0.00465172336103996,0.0006583670928761787
2550,-0.008528216802547355,-0.027632504301272325,0.005720586805863458,0.001153998287443288,-0.004874646735187541
2552,-0.004491276538591507,-0.017590082033636302,-0.005528485113912923,0.012786476153617502,-0.005096206964099525
2554,-0.001894353076826079,0.00443663229697422,-0.02851920035565777,-0.0011455377374729517,0.026351026598942423
2556,-0.0016873138279950677,-0.003831625900041659,-0.0023772545812702273,-0.0010275903562432037,0.008650646482651375
2558,0.013645086008944981,0.014885921686543102,-0.005253476885768778,-0.003226411447699287,0.0004239773387896326
2560,-0.016884699410021266,-0.01609949320384197,-0.007538603536614307,-0.007833622485375452,-0.02941155664022347
2562,0.0007180368285491401,0.021022922144618036,-0.020962861541806713,0.008645658111521978,-0.02259217605108318
2564,0.02742526813018003,0.03821331019648632,0.0030479599054689045,0.008782101233785287,0.016717448511918198
2566,0.020013277914087788,-0.00712855221678084,-0.015961265815719265,-0.029150203132939406,-0.030703674295159817
2568,-0.01152997304809121,-0.017293665015706613,0.011680471436770356,-0.011479977964896072,-0.005091786071761179
2570,-0.03217357817798529,0.0020354003672191107,-0.027696604288989003,-0.02590419896840659,0.036154729582554064
2572,-0.0014893451639886375,0.0010708294266836456,-0.0017886976892051618,-0.01193502189542698,-0.0020785004348717177
2574,-0.0025765701972072994,-0.02844078886277567,-0.006187696386256585,-0.0019377288932015393,-0.0022560874195644218
2576,0.01066070986637799,-0.0038012579623986718,0.010708810983570795,-0.009975140543123151,-0.024509958095297046
2578,-0.000593745560491308,0.02087410293123249,-0.006197037813502418,0.0026023396624136395,-0.01433007003265822
2580,0.0008533913281955808,-0.004237183221950149,0.003142168598137528,-0.004640921114084998,0.0029350495904246553
2582,0.013832698473647783,-0.0032256041478937723,0.000997251877973988,-0.006775683878163184,0.0021719820549424155
2584,0.002028475954486723,-0.01604086332450775,-0.00604865549290344,-0.010781923708234007,0.02516229904147291
2586,-0.018515519645480066,0.009353096274775033,0.003518306709448363,0.006600705637484524,-0.015130910266366695
2588,0.004865670275375497,0.023162746033188533,-0.03237982674499199,-0.0003262034724205771,0.0011561598783237357
2590,-0.012020318063115714,-0.010394365192203003,-0.009154049287975008,0.002729052581133484,0.002021337556378128
2592,0.010060984955352044,0.01124826260316704,0.00344841932077676,0.0045565572435881,-0.0032786741941151906
2594,0.00981218352596631,0.013732229799333784,0.0039233014494604495,-0.008354174700743752,-0.0038239792385774667
2596,-0.017751984782114417,0.0029604932378778817,-0.0051021442538548905,-0.021870349480109484,0.010185211511472149
2598,-0.0006583814590984716,0.01038462449771848,-0.012634750579667545,-0.010828192225884823,0.008573691485669157
2600,0.013345222932285102,0.0019905455046377064,0.0014901071410787642,0.020472770060026017,-0.012189889896741286
2602,0.011765766220872737,0.011480046332307472,0.0055195949018637565,0.010082166516081048,-0.006444790967148035
2604,-0.014002489093470613,-0.0006421279066058618,0.0037647143008278606,0.003546350526524546,-0.007994831387142914
2606,-0.02770340589464809,-0.0024073335481723905,-0.03364482167754592,-0.013411554639082009,0.0030755920284129767
2608,-0.003104595325289464,-0.011762386640952464,-0.024383155631648716,0.01075537022824163,0.0023132723647219747
2610,0.00596697128375307,0.003772628071702368,0.008669991740736746,0.0009339765051189894,0.017334575611793353
2612,-0.016216526449795522,0.0029057433206134305,0.0051663218768752146,0.0013095902772919613,0.02413223835251468
2614,-0.03511034896277208,-0.0024454474167022572,0.021728753405195242,0.01024023694703667,-0.012107478905084427
2616,-0.029403496528357984,-0.010112078337505964,0.010935407228509973,-0.007078076742115934,0.002503894638497644
2618,-0.00424251968929672,0.00817365514630464,0.0028747147456714916,0.004655765272983833,-0.015618094650114357
2620,0.006879282599695481,-0.011118833497662746,-0.023804631359343503,0.007572377827080244,-0.009969923424072154
2622,-0.008048070659915581,-0.004962687785939299,0.007862627415370247,-0.0032552826718383,-0.003949693426421737
2624,-0.0027401442387963272,0.01423381751473656,0.009175457189627517,-0.022614078939405202,0.0067430665057562605
2626,-0.016124943676983115,0.03415736721034003,-0.012710073779133234,-0.023274531368858646,0.020546359720192583
2628,-0.02598196615560673,0.009541228453032067,-0.0025926824465440294,0.0044182387280898485,0.0042907116351050545
2630,-0.0021984371368283097,-0.008030898715832476,-0.011882364059499505,0.006488013210431383,0.010105443748767144
2632,0.00020690873982993132,-0.010193585509817582,0.014731217157253628,-0.008657555753854325,0.0035772057560996633
2634,0.0051784890491232945,-0.002920095372994241,0.00405704059311601,-0.009632794793385854,-0.005126082713982978
2636,-0.007020175715891326,-0.005714158654785263,-0.006249264700695741,0.014212763992909546,-0.0191563560712326
2638,-0.011350821223683383,-0.01969567658024862,0.030348724564962837,0.0028234118110681233,0.008697934129015867
2640,0.004210741345372799,0.007323358957220499,-0.011121780710929372,-0.006716976423148443,0.002532878052123865
2642,0.03163657706762933,-0.01741980710228508,0.013343764971172643,-0.009385161793183624,0.01690775500859443
2644,0.018256228131263475,-0.0065420516651389,-0.0023809524720448273,0.008456697507510035,0.01863305847174696
2646,-0.009958644265790042,-0.006876124110462965,-0.010175732680149917,-0.014369714658163796,-0.010067418329722636
2648,-0.008771082074940864,0.013909298620596247,0.018737671102348842,0.010951250163247658,0.004843308674416613
2650,-0.013854946698492233,-0.005503014251295142,0.005732363939462944,-0.00614348888486844,-0.008942638526467987
2652,0.0064807594080379645,-0.010238942304191792,-0.007376448184449339,-0.006809215654600234,0.011820845366729185
2654,-0.04282428765399447,-0.01333511225360125,0.01933471536321977,-0.010394536411690223,-0.0024342134644373212
2656,-0.015574537321046638,0.023249097338238923,-0.0014988809279845503,0.024773579491481394,-8.01499161567215e-05
2658,-0.0017674758311882269,0.009636947644103484,-0.0012424058094803792,-0.016029084213081427,0.01295358547664276
2660,-0.00891179737527169,0.04451790959022555,0.009004063494553781,-0.014814163279833118,0.003945706667478742
2662,-0.0006399145100091834,-0.013093972798391458,0.008243886900858966,0.01895821027283329,-0.013281967725167296
2664,0.002710366509551959,0.009341304628146693,0.011172209802088459,-0.009405377496303725,-0.006501640162664794
2666,-0.029479982463888534,0.00032531703771691633,-7.563808627589768e-05,-0.0028156027725552367,-0.0069481487353603745
2668,0.006833919608139081,0.027234966745373602,0.014263004150703154,0.045816246086750397,0.015101714710988848
2670,-0.013534204056174873,0.02038510273476476,-0.018626583372929505,0.00449039828026177,0.010690978411341198
2672,0.032668143629770136,0.005635013924761749,-0.031223294438812953,-0.008534679856192806,0.0029622774451792274
2674,0.005512200700929479,-0.008280042210455108,-0.0031194878266380733,0.030034955735945907,-0.02601892671698869
2676,-0.017365059968716977,-0.030292794851146814,0.005587329249491358,-0.014929006136345884,-0.007744912152728674
2678,-0.003953580769418958,-0.0010299402051719498,0.030882495841286127,-0.029754036634345865,-0.003226221376638254
2680,0.0094288975748234,-0.01637915599084847,-0.006435631646042807,0.00788849661663225,0.006549739751799524
2682,-0.011527978466647042,-0.004774855886279446,0.0076649385276225425,0.0037045284933140674,-0.0006144304911536562
2684,-0.019770524315809165,0.009042285028167556,-0.0056830925496591175,-0.020393999923361085,-0.023712963612987185
2686,-0.029701049960923084,0.018115971818334915,-0.007426237466697286,-0.009354904722303763,-0.008638501755728731
2688,-0.012665604548091902,-0.018642721876392924,-0.0007825652337484473,-0.0016564479135406796,0.0012372644968005283
2690,-0.006407591176667035,-0.004329214904028432,0.015796667238012516,-0.023788360320850476,-0.005853842153008085
2692,0.007584852428507847,0.0046292006396944025,0.013043532186522534,-0.015453305618240099,0.006603922326445784
2694,-0.017635311363095086,-0.016494770970233188,0.015925390531386082,-0.003996999073003134,0.004372003992617579
2696,-0.0069630100511870905,-0.012685291532785989,-0.014289898343136632,-0.0006109310142445258,-0.004198123394023873
2698,-0.022309574380433947,0.023344804064185706,-0.016080966057066406,0.007249089137087502,-0.04424537216742757
2700,-0.0044871875418957975,-0.012590511102959926,0.0030649637470089356,0.002884289183611264,0.0009155997916148268
2702,0.005102487211817202,3.129988838984809e-05,0.010075863082169952,0.007636326088632801,-0.00391955422580314
2704,-0.01033323422343859,-0.012246255553090878,-0.00934646081553477,-0.022924631204935018,-0.00036948542098532805
2706,0.003979719311114314,-0.0025854482184800233,-0.007335599567977185,-0.010804192528824287,-0.013444506472881127
2708,0.00722908966860979,-0.003581760892413252,0.021620329998857418,-0.0009897736971137255,0.008146615581903178
2710,-0.01304998906561111,0.032772195735959485,-0.024020015118679884,-0.021707855879586558,0.0005174900613587397
2712,0.0013356838246352343,0.004890625542151137,0.01663066343335414,0.02308687453356357,-0.012189449525841221
2714,0.0023799002113163376,0.025011031972313795,0.014265693617254053,0.014165520790643161,0.013231413253446173
2716,0.02039501188677883,0.015453354103082228,0.02013288828153614,-0.01996137373933575,0.005286660809919802
2718,-0.018636209372151265,0.004177291179411372,-0.007227791272277061,-0.004602133591878943,-0.00909895504867792
2720,-0.014436826350316376,0.01044995334667006,0.0006163206507728733,0.017509171350192993,-0.010770215476100006
2722,-0.0021663454468975967,-0.018369011931674128,-0.0008545996985487527,-0.002171711162854042,0.006109029400696861
2724,0.004297227672744027,0.004732496135354943,0.00671018563145615,-0.004675724608133024,-0.0010647207569391079
2726,-0.008906787454949569,0.005632325662021124,-0.0027278544364797027,-0.0208941615094388,0.020178495385764893
2728,-0.020691876908765394,-0.004359889984781998,-0.018524078033917774,-0.0038588588413581734,0.006694422558641335
2730,0.004585392462802431,-0.010097421305442146,0.001440101498375906,-0.008150259335602839,0.018743227801732733
2732,-0.016680302713912302,0.006266619629577401,-0.014417991519595694,0.0017952492325072173,-0.0064794992521818775
2734,-0.01743024750666505,-0.010452055185213905,0.00587007018043242,-0.010517592049890011,0.004429011273480677
2736,0.0026019683473548034,0.011652798328225702,-0.005331305390423721,0.006809773352310192,0.004462310413132695
2738,-0.005086118041200565,-0.0017786015950997174,-0.016584723311061783,0.002032497658609249,0.025204053679628694
2740,-0.012299115735558593,0.008816831772088597,0.0040154239099885174,0.01344776045806328,0.004327624206053028
2742,-0.011111405247577259,-3.802169058415103e-05,-0.003041656631482364,0.009399322937372737,-0.0051373217533558935
2744,-0.035202426168216484,-0.0011344113618671635,-0.01193564373701967,-0.012249342286815203,0.0027025219041543593
2746,0.012338321117019994,-0.004520928335957754,-0.04405508342447184,-0.011857539344626482,-0.016773327529956535
2748,-0.024846453331898725,-0.0016978184395863454,-0.011343251515034736,-0.0037407590487791185,-0.008293876985095356
2750,0.004882507102816132,-0.0029370238858077314,-0.002089554443634609,-0.009770546335970395,0.012041342810263096
2752,-0.013408109914555471,-0.01853170476712365,0.01731685399762112,-0.020595762898090106,-0.016260051597942925
2754,-0.0075939913452313405,0.014283209531057899,0.0006636688768434342,-0.010032672913945129,0.005098860239426745
2756,0.015046006633980735,0.01861242665390841,0.013886654282444483,0.011729294359291481,0.01744366963659977
2758,0.005532252650448222,-0.014186464451428215,0.01257681136163415,0.016275907466043887,-0.016684905002806394
2760,-0.008369546908648644,-0.008515699568786988,-0.013505888883886463,0.007606084590787688,0.010623277496479068
2762,-0.016418279284423614,0.02756558847828351,-0.012742043083334605,-0.003817127406261198,-0.0006902938052288793
2764,-0.015155322643643544,0.0038992961058850624,0.0020670247662814296,0.002499275682437354,0.01842192383652132
2766,-0.028928527565054214,-0.000897588643158457,0.00607211506516772,-0.013131463141025574,-0.01064991171940846
2768,0.022549792143197005,-0.0005145925795871441,-0.027150956925959466,-0.014240193296508866,0.0023684056941724735
2770,-0.010585608720706423,-0.0018112224174641244,-0.019987455700564295,-0.011998528984535682,-0.0229893448771892
2772,-0.0034005566026864206,0.00021915073074805813,-0.003053599829925788,0.005021752521642934,-0.00728128912966706
2774,-0.004433209283463013,0.001534136840997271,-0.010771794478902332,-0.021895911288095475,-0.009107673660940832
2776,-0.029768579409165368,0.006084423297577383,-0.012227839563464255,0.006605279522283624,0.04177682214099596
2778,-0.021457624905744228,-0.008711904033845213,0.015422773449628712,-0.01174017360939784,0.014002859045773869
2780,0.007518043351987796,-0.0021321895447382233,-0.004557728545021641,-0.008437521764721949,0.0095393976914421
2782,-0.015894552166586064,-0.010372974910275445,0.013337348672894475,0.010366921531564181,-0.026528580547816573
2784,0.005947300159872924,-0.01841947304227918,-0.008353986660599541,0.005188792599575464,-0.008186142945664599
2786,-0.010244187829624517,-0.014283047332891416,0.014126067187385996,0.0028491115196610933,0.004349544037628492
2788,0.0037330985935323945,0.0009070161359395999,-0.016788873852484898,0.01039435535546879,-0.0022622809643780832
2790,0.0038975898527509475,-0.0005685252577028895,-0.003910268157377059,-0.01745950174373106,0.000500014652428336
2792,0.006701042207704475,0.006668723218176006,-0.01864409189210718,0.033693181112416946,-0.019149070481217105
2794,-0.008287228011240483,0.007303994774176092,0.011215963659211178,0.019703858966695638,0.023053326780306964
2796,-0.010596499133829778,0.00030619462145725553,0.005125462467389357,-0.024454097917849388,-0.005213690502950836
2798,0.005951845249515404,-0.029770172478592257,-0.009428755160609278,-0.010605717962266921,0.016500805550408226
2800,-0.017778292671785777,-0.00906718769436493,0.011595978534746889,0.008780159696656846,0.006898281380250478
2802,-0.012840497237018056,-0.013835328886940472,-0.007402784878349535,-0.002937441712121102,-0.016344109742930883
2804,-0.021865592663294686,0.011022215283082476,0.027560579860424726,0.011387130992414706,-0.010472989426899358
2806,0.0034979890561590223,0.020414632438899846,-0.008022626414251941,-0.00802278109594144,0.010944430409533905
2808,0.004286236644966013,-0.0031164489257324954,-0.004623745242078873,0.009118251655819325,-0.004846069000545403
2810,-0.008422431734981965,-0.010430595036543578,0.01851851185307356,0.015157621803988275,-0.011023986397718883
2812,-0.005154277817020583,0.011907827482279778,-0.024477487126302554,-0.008150060533853622,0.006325533353207995
2814,0.00046047916610054816,0.010544756849027422,-0.013375550275906029,-5.058904712828533e-06,-0.0048756576665034065
2816,-0.03100672199372212,-0.016644834700112205,0.008431646115027414,0.02703290354046447,0.014232497149866075
2818,0.005414377108555058,0.018517054409557844,-0.019801782095748757,-0.013301059193739799,0.00969013862277643
2820,-0.009552733462514406,-0.003265028611914041,-0.0017620370856500289,-0.001616023745939033,-0.0009882431950121802
2822,0.0007582369660220081,-0.021698833172657445,0.015348325948144961,0.02060222371975073,-0.03309562045171461
2824,-0.025877959570796666,-0.00779740686459795,0.0006112441202224362,0.010930832257982786,-0.01335314515691896
2826,0.006562480428172426,-0.0016787392884532269,0.01727096385953182,0.012859168119341277,-0.009892867814356644
2828,-0.00147244569425666,-0.014457087691378568,-0.00030296877746034635,0.0022616978305569557,-0.01962007603193185
2830,0.022231526292675753,-0.003114025654425349,0.006823476071353231,-0.0035025900112060013,0.020598381394540503
2832,-0.005410297300520063,0.008351155985166992,-0.003856047382120774,-0.00958639090654313,-0.0025947281597037044
2834,-0.006411988329946835,0.008622011214888889,-0.010398061283013287,-0.003334822219320461,-0.023656659402288543
2836,0.016351080863492722,-0.0052548480210706915,-0.009007476581868833,-0.019940556170674827,0.015250757214290568
2838,0.02242443709645683,-0.0012102137056064768,0.0143912408342077,-0.00031546902226300706,0.009654613397115342
2840,-0.0026025010886890016,-0.012704462814372841,0.030733270384214965,0.015232789747820616,-0.016213531401442133
2842,-0.013480954098509544,0.02170644247714456,-0.02433055745047601,-0.006861505379048166,-0.022377113137576166
2844,-0.004373898196265487,-0.016628102244609765,-0.014224555273551693,-0.006758495064181063,0.006110882165419334
2846,-0.0026833128407481584,0.010568860280569093,0.03896413766323897,-0.010209794518823234,0.025533322314133272
2848,-0.017690367015078184,0.011404295999464353,0.018253714442592182,-0.022991678409913764,0.0412838809790807
2850,-0.014282905911430542,0.008981249609143734,-0.006558883187345206,0.0007346350152650018,-0.0028566193365812953
2852,-0.007677115541992568,-0.0036544935513941447,0.01683861776841399,0.0024903374657590225,-0.009087808869999705
2854,-0.00939026061700395,-0.0037196668537387476,0.013564192373768984,0.008382513250540213,-0.003275916375620316
2856,-0.005848515348739139,0.008484244367457306,-0.020861269166720542,0.001620398703639635,0.002994800909024301
2858,-0.00024911836082519594,0.009806378842888926,-0.007268795248622851,-0.012784461410137608,-0.031195027410812093
2860,0.006900591805046357,-0.01214884725770342,-0.003056758815920491,-0.015519409538472796,0.00300839145131386
2862,-0.015050461769815723,-0.0003890055931810858,-0.0015008656993509095,0.009874109588098673,0.014100121908410226
2864,-0.008964564545843507,0.0012201779886906001,-0.00480908346337933,0.0010342767617000747,0.037905234241359706
2866,0.0014011974810922599,-0.002169029837545199,-0.018784148406528953,-0.010316498475188143,-0.00021161254931106408
2868,0.011189681859233339,0.006264930067028141,0.007993393827566569,-0.004047410793851915,-0.008089513123792153
2870,-0.019347878194953948,0.028481587070107773,-0.012112056106349644,0.0012071444981882522,0.01149885645390269
2872,-0.009455798443616029,0.00040626445071725327,-0.032124998350438305,0.039240497823596794,-0.008497349608795645
2874,0.006620537901034619,-0.0032377268699017047,-0.005013809144501699,0.013762235829270051,0.025266206687735993
2876,-0.009488366618381098,-0.0014368690425923358,-0.031612338953243904,0.0010464541778114514,-0.025944766085135903
2878,-0.00659124199628465,-0.01333487691323564,-0.006325415744631406,-0.011104955379575225,0.005201807094020057
2880,8.346506527641999e-05,0.0016052160350794671,0.018210078444826274,-0.004003708693408007,0.003489971148792639
2882,0.004388197144837236,0.013575755934533406,0.007030342091286207,0.013037687493148787,0.007667594689916499
2884,-0.001177804653001847,-0.00833913739287026,0.02897225598446102,-0.011285872043049011,0.0027704194760886807
2886,-0.011285618691799015,-0.008139087646168499,0.005425969478057556,-0.003945612003022556,-0.023601749919837343
2888,-0.000323965162954554,-0.00125147721817993,-0.0038580642954986976,-0.01824231183167214,0.0017144520447569117
2890,-0.005440048944635629,0.012402304772837052,-0.005734346004626548,-0.017591444676561475,0.0024570854939068958
2892,-0.002148785726290276,-0.010754348424091011,-0.009478141448558507,-0.0038182131865872482,-0.004259322967741127
2894,-0.012842816721075876,0.017160852832976484,0.005749938433645564,0.011393197978723736,0.02612195296376708
2896,-0.003165591709792827,-0.008881928681203183,0.020553363653195673,0.019211620778057496,-0.015463796093083631
2898,-0.0030547153866150776,0.0006569179311487019,0.0003207335575956878,0.0002684255813162732,-0.006014140651860112
2900,-0.02515197279249377,-0.0052031877707082366,-0.022154207923681838,0.003206413319964125,-0.008983801929252074
2902,-0.03330792719064714,-0.02615844304273819,0.01987768808136,0.028720308698115316,-0.005502049642838162
2904,-0.024884469087074042,0.008495811006424428,0.005194547662516785,-0.004833488408391358,0.0017281706990396068
2906,-0.02450491703145708,-0.027158821504152067,-0.019653073496067538,-0.013320025237832262,0.00520799764179619
2908,0.01796100471670315,0.0038449306764732397,-0.0011363874381962037,-0.012590736885446003,-0.00015773952829381885
2910,-0.008258834509325562,0.0014176567944516583,0.00013437687386519864,0.007117199816425703,0.001101287100988853
2912,0.02464714751912879,0.006228215234144329,0.004574917698444178,-0.0010573913598866279,0.017128533356808372
2914,0.006502007483600689,-0.014870962760960603,-0.0016301807756706295,0.004600550808296207,0.004073649655803995
2916,-0.008534075124533485,0.006248493076915388,-0.015765573512289046,0.0004367406305095446,0.013297787932977765
2918,0.0028247832058627908,0.018322585308377028,0.012251851584950929,0.007556597603403183,0.002576910052034147
2920,0.007683571846168884,0.022934874445740026,-0.013187369621186423,-0.006192391120218059,-0.014494215746097902
2922,-0.006286163995929028,0.010792060500051288,-0.007343731035461742,-0.03185783799450273,-0.00017955230107396774
2924,-0.024677040993313505,0.013141092318612824,0.004028663194170264,0.0045484198035381914,0.018226583234920542
2926,-0.008667226325547922,0.007595291388044462,-0.001719606587704989,0.0018238912269605606,0.014577580832400697
2928,-0.0057471429585162,-0.0142402251782811,-0.004595518204490587,-0.0027052636987706753,0.0037256026371750763
2930,-0.008225145303672642,0.0017920505364102265,-0.006926638830164773,0.02762109690909991,0.004406188634797085
2932,-0.006799555766754633,0.017490745478030027,-0.006495206333349052,-0.03497831501513882,-0.00961216545595013
2934,-0.004017753826323384,-0.010146122241187975,-0.01580163068349638,-0.009665786072739697,-0.012390766029093244
2936,-0.010098931970011665,-0.024939769312319823,-0.018331757268289367,0.0007916315915978189,0.014456316430373924
2938,0.01664804957206647,-0.014811562817701057,-0.007994204337376205,-0.023550841005609183,-0.027838735173121108
2940,0.0015679759059847732,-0.007625315838434994,-0.0038534799976188846,-0.0106553315439306,-0.006059518297100208
2942,0.010246233280397504,-0.02003633570445402,-0.016762185568650678,0.03379891894887112,-0.001040993106692916
2944,0.01393988619872271,-0.03373563563617753,0.018864897654816495,-0.020688123451276005,0.004446951844797904
2946,-0.00039180049826286845,-0.01325749984092339,-0.008347050187599684,-0.003272227623819578,0.004430519912137499
2948,-0.01862771111523927,0.013481804310505196,-0.006099122095988975,-0.0029389433485903045,0.011404057849390751
2950,-0.01670851855424437,0.018127464424135084,0.0032015716897083133,-0.013831739409701914,0.008631970922616479
2952,0.0007603121990890945,-0.006829124065425994,-0.013061705952810358,-0.008483910864487278,-0.004648968188704927
2954,-0.004294127970494507,-0.006700652498885699,0.03650118345161994,-0.00927540471010926,0.008301906339342136
2956,0.014249153100939601,-0.010294720428388087,0.00308214178011433,0.009490079663511035,0.005061038419324739
2958,-0.007643498761748953,-0.013984783703680014,0.00954305262799347,0.006418406918143559,-0.0008289258289076848
2960,-0.008124027238286263,0.025081971183218664,0.000261433125069498,-0.01757356785800177,0.004168720527066059
2962,0.002887983793381734,0.0043121547352047915,0.011745927990481056,0.0232082389025164,-0.03398842469076965
2964,-0.024074692112880845,0.005895339257679922,0.004365631800030145,0.0005844513080837026,-0.0108074782617527
2966,-0.015524218524776133,0.009586260372181575,0.007783251745494621,-0.009338148022018194,0.0038962125641769773
2968,0.013398786420480655,-0.00587492709201208,-0.01139632555900039,-4.7987453981787655e-05,0.030327677891515987
2970,-0.007452769316594995,-0.010236025714557754,-0.0006856506513253504,-0.009315967394228419,-0.001402308075771625
2972,-0.00870916192101715,0.008317964840627454,-0.011413174733597709,0.005378465019657015,0.007096253365678915
2974,-0.01618455209320412,-0.0019643350541762635,0.018825641060983455,-0.023648847086201078,0.005119247018686663
2976,-0.01627368548526954,0.008084068883367459,0.01106376356528501,-0.010839546290448294,0.00015388156296461863
2978,-0.018073708431660545,-0.006230967123047337,0.015434619840438337,0.015227688111849666,0.0010157666162861072
2980,-0.00036238809432467643,0.008931474970487345,0.004529970344480206,0.0018424256262284467,-0.007860040559004813
2982,-0.01318520302606272,0.0020782871086298823,-0.0007588716484669357,-0.004713141851548963,0.007897292831335431
2984,-0.026640539129814213,0.015464600927450207,-0.021408535502107463,0.005573298821976468,-0.03476754162886483
2986,0.02112982311273231,0.015885963375678824,0.006491966951015857,-0.022340682450725152,0.015213705571421779
2988,0.01586307348374333,0.00016850091118136135,0.008349652128942106,-0.006876817190419138,0.0013963352140954094
2990,-0.03369199570698266,0.029363576929796444,-0.0027190732440102424,0.001770490258531071,0.005612606375756144
2992,-0.005530980750870856,-0.01706149658268975,0.013659690865749021,0.010898027859890415,-0.011345474583166114
2994,0.0034616431885433185,0.012789233319661957,0.006764167506134836,0.006987777937932152,-0.01750503387371357
2996,-0.005704993834825203,0.008190775062546767,0.021433988227488186,0.016032918334458565,-0.01728634617926137
2998,0.05914677116632868,0.024752083014856808,-0.0030653083517309327,-0.014847451107876173,-0.017316235344380572
3000,-0.009004953725643939,-0.0026534656402886045,0.00873712948590746,-0.01347208891604348,0.01817954454559071
3002,-0.012955798321923203,0.0028781965333506,-0.004965439721686683,0.0105111916202128,-0.007455698340216235
3004,-0.022384515011450987,0.023487401278196228,0.0038075963405116023,-0.022242098808592348,-0.001690794529834231
3006,-0.004623538161964067,0.0188560516459862,0.008371580359480288,-0.002634892775158688,0.01735114442105566
3008,0.006752026405812693,-0.004663434705859277,-0.023998551610303422,0.0052257547852831085,0.026021097929303415
3010,0.026174366926075634,0.0011556431054689706,0.016056819388703573,-0.017446504750653173,0.008264156252451011
3012,-0.006089057175308674,-0.002971340255435102,0.004403663947639475,-0.000540171178015338,0.008663602020281276
3014,0.005260326094716524,0.026315090316956308,-0.01674449437874968,0.015235048262382436,0.007750026680867447
3016,-0.00023743281606140626,-0.028767541769459233,-0.03515407453969741,-0.008019405716607269,-0.002795988860732948
3018,-0.020387219848697843,-0.007741115251729769,-0.004475119117964294,-0.006643176140433719,-0.008076413628621767
3020,-0.014765675727015112,-0.0018868232523198357,-0.02541711548302084,0.00478821263756648,0.010585456419081053
3022,-0.02150468567132058,-0.011351226727480773,-0.0008818913078032874,-0.011509981475856603,-0.013129491878512102
3024,0.0017320736153991047,-0.006621342799818704,-0.0012187744757605574,0.017035612412338037,0.004883407046314814
3026,-0.011015745783890222,0.010422962493425949,0.011301381700100666,0.010862878519485412,0.006225095395356903
3028,-0.005492903670732949,0.014740846570387961,-0.022069741125947166,0.01698258424212422,0.008787193446868014
3030,-0.014731159394171958,-0.008705531231222122,0.024265144601287956,-0.0031949515525743918,0.00999033322896108
3032,-0.012597088292039555,0.015087675849435945,-0.015486340807909239,-0.011958383548464806,0.007157828594555005
3034,-0.019087499665299632,0.0159053242258095,-0.0003253913733055186,0.00023401941673456973,-0.015070355075149379
3036,0.002892463852702752,-0.00431783674994091,0.01097907381805599,0.010197953105964806,-0.0006077611880763302
3038,-0.005809051752072224,-0.0139939722851788,-0.007633599453500974,0.02039683866840533,0.003936906442559173
3040,0.006254982097131537,-0.01212761657251618,-0.010352731767703256,0.007381241155063565,0.0012875497603756145
3042,0.0009784044010606417,0.01799761231172946,-0.010753663076209868,-0.005335869449951678,0.009130247619208895
3044,0.02382269834492439,-0.006256562324208587,-0.0101656963014879,-0.031190184539110273,-0.01880601932332615
3046,-0.001085465565344402,-0.01669344853773275,-0.01764543159180848,-0.005523712303710136,-0.0020326154808052656
3048,-0.009426082265184644,0.008385617755246006,-0.026042994211182214,-0.0008302726711413757,-0.0021615588480209916
3050,0.01837726388105278,0.004544556973995605,-0.019129249831505626,0.008489436885978262,-0.007491152779066869
3052,0.00737398384329804,-0.015459383855567815,-0.002452072128901303,-0.02189261363418756,-0.03349461922186371
3054,-0.009823761758634416,0.010750780837172791,0.009473567689078973,-0.0010756386647483795,-0.015512836749671657
3056,-0.007957001455704837,0.031394755914967896,-0.008605645338686217,0.011035180545358856,0.002357783794520392
3058,-0.002994944005097243,-0.004687864004636755,-0.009590037846269306,-0.005796463447435392,0.023970933633788893
3060,-0.017877040844877425,-0.021066134509111312,0.008993428557017076,-0.012787442014438847,-0.012542081379470958
3062,0.0004787697016815582,0.016092529684105905,-0.015240416067856304,-0.026215356318116303,0.02656937137923706
3064,-0.02155613216213458,0.003205768378647726,0.021907559027686742,0.01559154762790954,0.010770791337820437
3066,-0.012743827068824778,-0.009966355992881582,-0.016305374537937112,-0.014154220855928119,0.007539505454907218
3068,-0.007414532473802831,0.00869406214338228,0.018885081817030164,0.005426071382862078,-0.005066893885062731
3070,0.011147156063974139,0.033991276759931605,0.0003833361117636187,-0.006102112145463153,0.011476493155155143
3072,0.0032855514767867414,-0.00800103226605812,-0.004550952978087744,-0.001329894426266184,0.003244018863486666
3074,0.011543160954421244,0.02812436054265982,0.013332494611216873,-0.015603073896345713,-0.016096586874229657
3076,-0.012252702884503018,-0.014469803967395119,0.012242716638843113,0.01622626910562357,-0.002937402763594335
3078,0.01047457131655711,0.003290039308741728,-0.012462874450908315,-0.0016694879878274144,0.016267458518229284
3080,-0.003594718198355735,0.01608792557230871,0.002331055992006384,0.0015562132977687162,-0.010523144194004852
3082,0.008148281634048717,-0.004339677671338138,0.007526603603746381,-0.00039207227492246303,0.0147829240980041
3084,-0.015181925506396108,0.010054121962234293,-0.014198038081491253,-0.01158294435977025,0.0143911424699201
3086,-0.010778038597901678,0.008027249376575262,-0.025063375934632558,0.013501585901929514,-0.005495609180617906
3088,-0.005703028488582977,-0.010420554252065662,-0.008844758004162104,-0.03357550006852706,-0.0007930782277916539
3090,0.0034914864108011043,0.00117567393324347,-3.096378851582783e-05,0.005797134517855881,0.009356734748349962
3092,-0.015564059794391284,0.002623351383206034,-0.013205645495490043,0.024726824066334096,0.010719035765944079
3094,-0.010968731325410458,-0.0208799863864316,-0.004703324445292027,0.0026204390234865487,0.014812053543832925
3096,-0.0015648440653071775,-0.009116697603239198,0.011847707820817257,-0.007119598952819505,0.014785352321714731
3098,-0.010162068601508208,0.011958117102915248,0.02610694346466278,-0.007455107248880085,-0.016798008123168284
3100,-0.006514141662914635,0.00533027300621796,0.013911504369608285,0.019998027568436536,7.481692126676991e-05
3102,0.007396238955530287,0.009843167856131466,-0.003796342625244464,0.0020182144221246733,-0.009774905797755716
3104,0.008849142120325814,-0.008018594075334982,-0.040206387115981415,0.01130808987044333,-0.00244260659618057
3106,-0.027218442733933666,0.009312113832291925,-0.0053637615866529405,-0.016477707659948986,-0.016874318880710778
3108,-0.01770104476832964,0.004187217170660707,0.0016028920323243457,0.006335722426859655,-0.008179282409348218
3110,0.020226829878248177,-0.009575384868846957,-0.014770724224696241,0.008111817552657804,-0.018032004696390904
3112,0.010114517331074007,-0.016571645958068686,-0.01874947628007562,0.0019234467081686898,-0.010225339920592552
3114,-0.016495241760136385,0.002993979562713569,-0.017133622963998046,-0.003451231961732644,-0.005339089339780296
3116,-0.018933230646171112,-0.009619519020821593,0.01575168985239813,0.0007425327582398994,0.005055225708469837
3118,0.006320710830174615,-0.00022745101338899284,0.006714943360658917,-0.01152610132468732,-0.012057251897457313
3120,-0.002048516685077053,-0.0003776753995708545,-0.007870791504959914,0.003925627023955053,0.005736038143363016
3122,0.009702965718457156,0.012248706640804548,0.004361042006031785,0.023983602037473177,-0.00839010956801183
3124,0.0366087793624751,-0.00766631071539688,0.010259710565211777,-0.0002460857664513996,-0.00981186721251127
3126,-0.0015919237728233195,0.0046313112671787,0.01301989494787045,-0.01808605390911483,0.007878411801961797
3128,0.012269670699144353,-0.024496602220334125,0.011668632848466188,0.006274969002416387,0.006335790147422133
3130,-0.012622106491090121,-0.010531974931756437,0.00859387793229544,0.003487580454183423,-0.006903461402194389
3132,-0.02583206639006184,-0.007507956568776132,0.0029038680034756234,-0.0018445200498250494,0.02527767756215727
3134,-0.011633544094301968,-0.02542575633546749,-0.0017876338743536596,0.011985153005099542,0.021537069794171807
3136,0.001111822879749363,0.012039008402904268,-0.023126283207433377,-0.02649265139939936,-0.010947400725895156
3138,0.006386427213480075,0.022480463649959058,-0.006992902784219383,0.0015427312030333426,0.008859098030654319
3140,-0.002263485999227348,-0.003792962792189278,0.006015256429066799,0.004418316595034829,0.0007552925866471452
3142,0.021066640611454437,-0.027648301883100992,-0.010961115416690573,0.025851563769239354,0.006160626619331127
3144,0.01121096396740912,0.007271233069438353,-0.0017525215750245062,0.005463123774680388,-0.000401190128371993
3146,-0.0047773762379105375,0.00012331705318512716,0.013851140425111815,0.0019736696590692605,0.003847719747075349
3148,0.03742131095436812,-0.012913601285111464,-0.0014172859850419186,0.01790465148374258,-0.0030917409058399893
3150,-0.008933538398769264,0.0073980994061591905,0.0011950855655684294,-0.004265250964481292,0.0028850637882721613
3152,0.0037796898888296077,-0.011426054782640364,-0.005607314851855229,0.012352861436218733,-0.0031599539820701336
3154,-0.017946534975316564,-0.021132151326765845,-0.013214926277434622,-0.011718902917699595,-0.014338671033368751
3156,0.00020013968191488182,0.01967828568177978,0.002503725628652291,-0.011512061609412207,0.019372464042680247
3158,-0.018860418473476102,-0.005978157268994201,0.0018617462623452155,0.003211547962651645,-0.008302850435653418
3160,-0.011168881162791761,0.0068743684692770925,0.0038961094899022837,0.011997098424800592,0.00998073608927322
3162,-0.0005056124888452448,-0.024859369962381903,-0.015355062832093714,-0.006423665613184895,-0.005783413540325251
3164,0.011732565373834568,-0.007324634329280859,-0.022906718251115978,-0.006120493245722346,0.007498853464613909
3166,0.007021708113507767,-0.015400641655164918,-0.017207945284350296,-0.030432874852872875,0.007217278569526617
3168,-0.01669454724931836,-0.005003606595467574,-0.02046659518846904,-0.006731497762978523,0.006638405665803124
3170,-0.0007671800440574859,-0.020395827324386027,-0.023874183244927506,-0.024804883197781912,-0.01053122938578006
3172,-0.014655694160826809,-0.0024829417266048702,-0.0036282117675519913,0.015642642173492875,-0.0023661500666116134
3174,-0.016910207311073355,0.007253142175205143,-0.0025372679794679327,-0.009424827057467115,0.0029746629497608497
3176,0.010579038029956201,0.012480599800436991,-0.023956965368948042,-0.003761808275642832,0.02830621915355934
3178,0.01574739517920531,-0.01753254949022598,-0.016875097522412577,0.009718550272784935,-0.024069108777649277
3180,0.01796178053450602,-0.007371610363504647,-0.015268728625836276,0.012372857480757971,0.004536226005661972
3182,-0.0053770350089264625,-0.009750489777118601,-0.001987472502906221,0.0030689172323826413,0.0095492790290728
3184,-0.019975445820768406,0.011306102401982205,-0.017716708580280904,0.007381002919833122,0.018155725833783845
3186,-0.017305003595225906,-0.003738668035345576,0.007552587296324239,-0.039034756292951334,0.004600380930210168
3188,0.025509588765761284,-0.003125678772751747,0.007858680996276795,0.017908592236179667,-0.0024633255922867393
3190,0.0011205847382471975,-0.0196227851289442,-0.012626637654435209,-0.0026517721027033356,-0.010050726761210056
3192,0.0026716155619503105,0.007016281667860095,0.007129794100757101,-0.010141174157607001,0.017086558372982293
3194,-0.030077483769569355,-0.014819820159708215,-0.02872792419655836,-0.03501796138017951,-0.008513710915641353
3196,-0.017558083611970914,0.015849618150602516,0.031229686600542556,0.015034434797556218,-0.01788273936562622
3198,-0.009636994071636849,-0.011874895814288411,0.010077503928502703,-0.00821646900905136,-0.0035626835907238575
3200,-0.017329329539692486,0.01556729820347401,0.013046759224801578,0.005980087237237585,0.013754598033073474
3202,-0.028841736028588853,-0.016823509668903683,0.003415268169829596,0.009111667106483014,-0.0005518801521907601
3204,-0.004623941992599847,-0.007341206350545185,0.0038183154169278235,-0.0002541674264356967,0.0017752578800664938
3206,-0.019677638256262217,-0.025144029441871253,0.0010155926878227962,0.015904349042838037,0.00718564257726924
3208,0.004076661561315887,0.01428843320081751,0.004722726855895978,-0.019899108456082316,0.014145067187451057
3210,0.002137129134855738,0.011667246653261657,-0.007423487943933624,0.0049115359485312855,-0.0031771549974490354
3212,-0.008070259531381675,0.012100173948538679,0.006296349692919029,0.03275634862630288,-0.00022918913516930793
3214,-0.01853687631670367,0.016612176206547258,0.023764359696010304,0.01207411591217152,-0.005719284983072166
3216,-0.0037473821486705924,-0.0071897797352063865,0.0065877042017805434,-0.010004679456401443,-0.006062826921992117
3218,-0.022808010296012846,0.010942911246450781,0.007594716743492282,0.0026172365134394344,-0.027973137107963942
3220,-0.025716899695297037,0.00584485122662675,-0.002294828474657659,0.004664003611574655,-0.014118259634816891
3222,0.007031103627128671,0.00204839819984303,-0.021063275430784734,-0.0035011357242723277,-4.355011458930875e-05
3224,-0.014284728623264844,-0.016621200070496778,0.003009069630349459,-0.020395301317222062,0.022370035757975557
3226,0.01846682462542339,0.012454296015601385,-0.0045424297119169045,-0.03413252086475879,-0.006917146895341351
3228,-0.004533400146857146,-0.009061296360206549,-0.01009419365420745,0.008353131154985738,-0.007383629213267381
3230,0.004798558063753467,0.016242944336461815,0.002472830804429081,-0.006598742424999398,-0.003184536378433647
3232,0.006893561197595875,-0.008921884744095889,0.022738818155182135,-0.03774554224781568,0.00732405938073955
3234,-0.0050290116066887425,0.0028948588904362505,-0.0008460803378700998,-0.0020769767156651056,-0.00563278396464539
3236,-0.015245460754525037,0.010356499987792627,0.02547780965287194,-0.0028001522608300713,-0.035245104702729936
3238,-0.03553624768683506,0.04244448405268605,0.004205995068815825,-0.008496117334261002,-0.0009746194774207609
3240,-0.01329800537792564,-0.010021997102845983,-0.004617609056358086,-0.008373413487533234,0.014836746473204423
3242,-0.011456542421968915,0.01919990730133917,-0.01051684576802887,0.01517594562321977,-0.0017165489237294593
3244,0.011294605664368941,-0.004290605921321329,-0.032984705290725676,-0.015391494170928055,0.022956464462054307
3246,0.004032992638115189,0.005952559366023905,-0.0084426477943247,-0.005298811433015435,0.0021301358948841065
3248,-0.011769900085371517,0.002710493854084413,0.0107994633289545,-0.010736385902060136,0.002051834847638839
3250,0.01551740097470751,-0.008638810190535955,-0.011420420779307355,0.014509919333531584,-0.008213575468356858
3252,-0.012868532862119001,-0.0009420382480299634,-0.0006873733752830844,0.011835295457159499,0.006305787177761492
3254,-0.015456362419420078,-0.013159990092591492,-0.022762094884958395,0.006826009745307059,0.02090361512240318
3256,-0.019388904326086913,0.008270643602644864,-0.0007142330985873178,-0.008883237303483327,-0.0026911679687702398
3258,-0.0035416736017681973,-0.001806070427084972,0.012919208856403379,-0.006534868873738045,0.007217964469885146
3260,0.014895455981392651,-0.005059443984599663,-0.002387979209813408,-0.004521103538354134,-0.007125374195297989
3262,-0.00800973649611016,-0.013281378769991152,0.003829088804895732,0.00636100108373542,0.0024051690610477
3264,-0.008636218209177095,-0.0033309494948098716,0.006969493758838703,-0.0031680594668364445,0.002320128657642176
3266,-0.02068073103343273,-0.005343824848973792,0.014153783439491295,0.021201847019960682,0.02566153111985851
3268,-0.008783970882405026,0.0019628114895025215,0.023922412843817784,-0.02202368004042156,-0.004972621493601879
3270,0.010299328026423934,-0.0260871568538551,-0.011192745989675386,-0.01911765503114446,-0.009121888337686391
3272,-0.01656705358214797,-0.017656038577136473,-0.014886416029148737,-0.03600563223603288,-0.02622533538551765
3274,-0.021072589681307013,0.006010407075681688,-0.008532682884149202,0.024667790196343437,0.033816243033828755
3276,-0.004913867699478473,0.009031885246504268,0.005275847356538958,-0.010325151563654355,0.0003622847932178134
3278,0.013427310937388318,0.009311121835936392,0.01167762933082881,-0.02516159758435588,0.0026111063517464507
3280,0.008603437737595067,0.005272357592873328,-0.013743147247679367,-0.0017463679354458362,0.005657372396608213
3282,-0.012254561766541397,-2.5030778488918253e-05,0.015495486926801003,-0.015307012489548409,0.010034777219228847
3284,0.013431637823913361,-0.012893066509740186,0.019662319014036773,0.002323587307204119,-0.0005094127209066227
3286,-0.00542998317161823,-0.03022849999966881,-0.04438827905456212,-0.017712894630697258,-0.015630283711081286
3288,0.00034474274306887866,-0.013690373417459956,-0.0067922825801307474,-0.008744777616931305,-0.003701236316429844
3290,-0.017142238952574624,-0.005547509810735458,0.010936789591202546,0.019068456776775246,0.025846189282368707
3292,0.024145971637077622,-0.020651662473850998,0.01816712092763966,-0.010789436989127547,-0.0053301740967808785
3294,-0.0013753934777740345,0.015327926268418526,0.017941258272221223,-0.019175710523681375,0.008657150499416717
3296,0.005257679111485038,0.002788868634774839,0.028501382219030768,-0.014144570447176454,0.017638607211937156
3298,0.015029312966930145,-0.015372245095164208,-0.002015705306454138,-0.021517161956812435,0.010816973221004925
3300,-0.009340231442751127,0.005090978596492061,-0.01009635056887122,-0.0066132904598394686,0.002085955481815602
3302,0.008749663550760362,0.004342335663068472,0.0024330714464315404,0.012411297133695941,0.012679328599599022
3304,0.006895298852110502,-0.0048206827011446525,0.0072141716449591105,0.0007795648434940911,0.002874702266269631
3306,-0.0034363512573139035,0.018580296913667256,-0.017399209947789346,0.004587591727657928,-0.009823023592513974
3308,-0.025103235624852466,-0.016404881121486758,0.0353995293505838,0.019677662755065918,-0.030164193749752162
3310,0.011113406887215942,-0.032068423734009144,-0.002572564338339892,0.02026698986589022,-0.013145665658333394
3312,-0.017906955683728323,0.0017026366373438047,-0.0004238157351267761,-0.0030368392129192907,-0.004541117879847342
3314,0.0035843372233042717,0.015391282875256793,0.016947204426431734,0.00648092702892732,0.032841035181712365
3316,-0.01846363115356777,0.010739835787602995,0.009881539862525183,0.033949610031401095,-0.012086704495906408
3318,-0.006180031787685799,0.00021500391698443778,-0.010675855322920579,0.012665452799979602,-0.008896248977455822
3320,-0.005757029037180725,0.015534781317146258,0.005957139544823426,-0.013747676369037929,-0.026867193939182635
3322,0.016360475518345876,0.005808127649583157,0.007982556565405034,-0.003997278187234379,0.015110913789766908
3324,-0.011632985288198214,0.00540939263583224,0.009368180281558702,-0.007671211253141335,0.010336876053014782
3326,-0.031954716777430774,0.005441166878730954,0.025908961737654643,-0.0037719976031957087,0.015886887973111826
3328,0.006127484560277647,0.001998105152265429,-0.015752741414548833,0.009026134022965288,0.030961059486721107
3330,0.015545778058936173,-0.007245896396285476,-0.020862759813162865,-0.002193519239138187,-0.00946817983103346
3332,0.0026283338342585534,-0.014144589484322328,-0.009704363262471127,-0.01290669106238496,-0.014743067880902062
3334,0.014260661274789596,0.014425916208235067,-0.002816412965221921,0.02149597239658636,-0.003835010505351553
3336,-0.015007939081416014,0.010075249546655654,-0.02017172513725564,-0.0034904445923496443,-0.005442836071412316
3338,-0.026616741702701154,0.004031350934466566,-0.0017255629220584755,0.027276396363597983,0.007437099156097963
3340,0.009039086250828042,0.017285949375185836,0.00427911825433769,-0.009490168377622466,-0.002927501597485856
3342,0.009255005330956119,-0.021111886948994175,0.009798779959964542,0.02103172841780964,-0.01583639380724022
3344,0.015513958011080933,-0.010499269100233988,0.01408566108075429,-0.002967072305184247,-0.0023082666463919693
3346,0.018020415629967076,0.018877164730980202,-0.01683808854296695,-0.0017813600938736383,-0.012685088677695739
3348,-0.00615517308658035,-0.00636379056438967,0.02434397387135021,0.006433783615707048,-0.002565768802946783
3350,0.008446888053405856,-0.015448596011522752,-0.004110743855933667,0.02146864642092657,-0.005177265614102827
3352,0.03581207371540981,0.00135341007536399,-0.00805672091791258,-0.02006879384201399,0.02957871938394515
3354,-0.016161701070086524,0.011313072036271058,0.0027388706918960943,-0.01600947762167997,0.007463598433559081
3356,0.007610526841179449,-0.005231764105609836,-0.0010618241588412536,-0.00013737900992658595,0.019411669208734696
3358,0.0028842337550321288,0.01017476512025917,-0.011823776857133587,0.0163129007541687,0.02866024680697289
3360,-0.013061150808310745,0.004241732885909569,0.003472528268018363,0.002765078002451951,0.005792977620884292
3362,0.01134914379826896,-0.0057748831422618704,-0.018576119068786392,0.002960569807606452,0.011294150678587404
3364,0.004119001906128319,-0.0048457545877528645,0.024876838144298443,-0.02276369367108024,0.0284376056472171
3366,-0.025040842089073607,0.015523020707839097,0.00819099037385312,0.013074880082498526,0.009641747946152485
3368,0.00800442969052382,-0.008267679461720679,0.0028949069063566304,-0.01668293255209377,0.013438390801415637
3370,-0.01990298017116088,0.01100127207924011,-0.02687236120955502,0.016795583603895055,0.007776607434787734
3372,-0.004171227160226721,-0.012263527588657256,-0.006403342930142145,0.009492459911372502,0.0026777314954682394
3374,0.01115795550338339,-0.0022701529237772753,-0.005924774060098626,-0.03368820760568364,-0.010235305396974493
3376,0.01964327233983799,-0.005548221815034628,-0.003376068903183516,-0.000522420279159504,-0.016084348592778568
3378,-0.004875071445862655,0.010807328244716037,0.012581529485596557,-0.005219932312523231,-0.007543283628853824
3380,-0.004022536764926636,0.0073593149919681,0.004932795940651479,-0.002810549073528928,-0.015577124683553146
3382,0.009124143425826093,0.002842484110621448,-0.004232556186807153,-0.009210053362372541,-0.028726903672164943
3384,-0.007461691402484509,0.0075571970423466694,-0.006507127946095132,0.0026792215973230195,0.000291518690370132
3386,-0.0028229359341269624,-0.0050448019611579785,-0.0019337926226205746,-0.003810272161953579,0.012206272681062343
3388,0.01878238174865855,0.024137884960597003,-0.0005423147289264149,-0.0018405131167252558,-0.018294373232889544
3390,0.0037990932692095135,-0.01483031503028692,0.015479063754726605,-0.01998650273853016,0.0026524691685688756
3392,-0.003160003351182106,-0.008752599546796951,-0.019363642038765734,-0.0008486636810471636,0.03794021438259059
3394,-0.025931013840864405,-0.032141952328310644,0.005553560057623534,-0.02736458384170136,-0.007475759017623087
3396,0.020042036803642464,0.007925012178887936,0.008437735750482981,0.009388399018086215,0.004733597276685665
3398,-0.016360493314884424,0.0076425251661355505,-0.029564261916370058,0.019142630085097395,-0.01992189080288886
3400,-0.026261162976050065,0.006283146758740659,0.023493809169489968,0.0058201558243479775,-0.012445876997333235
3402,-0.007040420701595737,0.00582348837915567,-0.013045457689227678,0.004601013755600783,-0.01869777352003956
3404,-0.010041173793913971,0.014123332336356226,-0.02309338829961002,0.0105515861285746,-0.013814489783605478
3406,-0.004228477491328249,-0.0013573856663874732,-0.007512816774655734,-0.00034668912771489895,-0.021163773401044573
3408,-0.003161928529222553,0.004226524208858231,-0.005532015393035219,0.019519057208477304,0.010257644582066698
3410,-0.01641881182334149,0.006732484862259248,-0.02175699912009342,-0.014347526723290989,-0.007852941089588533
3412,0.0014204165392088096,0.02960359270773478,-0.005274124635751874,-0.008690970904107132,-0.01730564943310483
3414,0.009379809493236937,-0.00034293894441490976,-0.006745388759064156,-0.0037911369764275656,0.011032943818539111
3416,-0.003593844515081322,-0.005685250136959178,-0.007235344967419897,-0.007135679606704412,0.01144713061487613
3418,-0.024798798487774668,0.022517943320149097,-0.010760409814408515,-0.01457370295067071,-0.0181481495953376
3420,-0.01102624742417887,-0.007625039481300993,-0.008179002854143365,0.013479039516014918,-0.000860683603161915
3422,-0.005659741897973231,-0.006975821975169914,-0.009541500361734028,-0.014661264106273181,0.001619897925499242
3424,-0.005687371014827215,-0.005910520386799551,0.03188539992882966,0.0006050467050519771,-0.004077839413455549
3426,-0.014851005471575111,-0.004743430627962968,-0.0017941349927521083,-0.00035727133439715996,-0.004600745395777379
3428,-0.02263875676876677,0.015484555518910306,0.006310903192763108,-0.026325129596243207,0.03261949232459494
3430,0.0033819924740853663,0.00646916820851143,-0.00943889087931548,-0.017675835134840053,-0.007796531202876255
3432,-0.011440278993706246,0.006847412220447745,0.0010169028348459147,-0.009084485741594294,-0.0067662938212911606
3434,-0.0077964365767188275,0.0040644933514542075,0.010474183840334357,0.013416486220393799,0.008401028270055481
3436,-0.006047070589615081,0.010897886554377274,-0.026074054925157082,-0.010604427176461617,0.010030712717275478
3438,-0.008588987018075667,-0.009290804286930219,-0.004273191876074287,-0.0005668807634776889,-0.006835536255045895
3440,0.004546529466752706,-0.002924397298141869,0.021295697945655598,0.001818813048208682,0.030362587926424055
3442,-0.009287526097470189,-0.013368439367128003,-0.015860811891897326,-0.013693368964275263,0.008232630773934838
3444,-0.026003484732256728,-0.0034505739614216287,-0.005630734087833864,-0.011427064896515612,0.007990234171337058
3446,0.0016531925899645552,-0.010112736412549094,-0.012296855952609922,0.009474245046854202,0.03345819814105369
3448,-0.004026204320659963,-0.0033287316452494196,-0.011686590587477159,-0.008733346955353426,0.02395074731484673
3450,0.0003878788451643004,0.00989141964214965,-0.00038016396395024426,-0.0032706751472731483,-0.0008118777989147712
3452,-0.013289864546035778,-0.002970728773049129,0.0021992330549342218,-0.0021468790021521834,0.02057343881731721
3454,0.01802719064544719,0.004327139734783927,0.020405308734906383,-0.019981685340569346,0.018695936089453177
3456,0.002472071643231051,-0.01836990970967056,0.006571481499938335,0.0012066254417614573,0.012526447763028851
3458,-0.01558371823286119,0.011980098213962835,-0.007711455806937387,-0.0066426677876066,-0.015980640422554836
3460,-0.000863528143843201,-0.008678882086803884,-0.001808021731116096,-0.01312676635974863,-0.019628844198637696
3462,0.003676436797136055,0.012430932650049234,-0.00032864876590194084,-0.0006834901406014267,0.023703049514314734
3464,-0.007749190705889275,0.020284026778653798,0.005517899942196359,0.009360615072439597,-0.007170806620873416
3466,-0.0025460521989771594,-0.010481382392034949,-0.01684575332477847,-0.01896482870832428,-0.009907486685549801
3468,0.008257442057004986,0.005558847499834308,0.00029975497005738186,0.015026642139894601,0.012831073113441897
3470,-0.017371736944733835,-0.01729230102568417,0.017098645813550382,0.006291833551068181,0.013962865296443484
3472,-0.0246301032965845,0.027858770658276674,0.011992987894301182,0.006111754163734324,-0.010403068372534166
3474,-0.017887773749993254,0.003449852107825839,-0.006125924120119802,3.929856963465477e-05,0.00923561058371781
3476,-0.004178378472092142,0.011195972310617426,-0.00440492228856144,0.003511566466600218,0.00957082406269192
3478,-0.003204775496099132,0.0018772238175833141,-0.004605489948533376,-0.0022192455642792127,-0.012059219455316905
3480,-0.0011766258967103706,0.003929875654665136,0.007782341243234859,-0.016970886558162736,-0.007240976630479791
3482,0.0004039500151963817,0.008581159204561206,-0.013463880126323947,0.011262120764445946,-0.009753418160495566
3484,-0.016977931572517712,-0.01592915484063456,-0.01714752723866762,-0.010490674082045907,0.006966193413170835
3486,-0.016319040069405665,-0.004949454108816026,-0.0025683486397036636,0.006016598558902656,0.0005504600382057946
3488,0.004730744293822596,-0.030868173127790575,-0.018929445915494367,0.020433159382602976,-0.0024758515677692286
3490,-0.005921753569799536,-0.014030031246055768,0.007131229376756282,-0.007475591760572347,-0.01974866495612815
3492,0.006431357015261973,-0.008338885087853633,-0.004965697851369604,0.0045206042151802826,0.010144475012717757
3494,-0.02042037718600259,-0.026827917761879275,0.0006769133089400719,-0.0013920355565162526,0.010071954286197794
3496,-0.017967685053823634,-0.0025000460037935407,-0.031380094124841544,0.017571177909488745,0.00022712136489309179
3498,0.006229509483564904,0.007931022922965754,0.004078026082737646,0.008440422051478231,-0.004777340859435527
3500,-0.006704083852304853,0.013535712342306357,0.023776387647754242,-0.0071398177809465875,0.005280615262725386
3502,-0.01464973467168023,0.007456972092149325,-0.03883427853727414,0.0025392956396673902,-0.017330464180430213
3504,7.075182266037678e-05,-0.008304781422346448,0.0031408082650424963,0.0013163082806588729,-0.013815839487397827
3506,-0.0009189102627108234,-0.009789857713127346,-0.008071464999671223,0.029032983863897674,0.011214936796710704
3508,0.015402984463697048,-0.014653962156639916,-0.004949368540926399,-0.020513959939571107,0.03827223763288252
3510,-0.001589628319325524,-0.006174789169852021,-0.009965278692343532,-0.012642566109129231,-0.005802997444482977
3512,0.027018066068398818,0.016986280395754783,-0.024227717438011668,-0.036402557640168164,-0.003768131899107682
3514,0.00443292193309293,-0.017121172906832897,0.016934861152737186,-0.00846560230317533,0.012098024521707912
3516,0.004117548108809952,0.007780575318114184,-0.0021078437233183695,-0.027875502616548746,-0.0022705607537403115
3518,0.0020444015870098543,0.013254613073978131,0.0022531760726498882,-0.00659415048836577,-0.01664726026132178
3520,-0.0031289349999012363,-0.006721408693316406,0.003039312905527123,-0.01363546077645624,-0.018385005164400673
3522,0.014593050469214022,-0.004838852846156197,-0.0012248864842685863,0.021256639807574786,-0.006328984078004899
3524,0.009966065587576076,-0.00018082695858100898,0.01130421508325832,-0.012696394556711283,0.013457637552186095
3526,-0.015597878452279957,-0.016850004034339196,-0.006495820248371332,-0.0010702312525503555,-0.010153594761411172
3528,0.004363738462165958,0.01011816811769864,-0.007556377942193637,0.0011849815698580443,0.011902260845155098
3530,-0.0219956387126834,0.003722606821736825,-0.004497091003571548,-0.015623879084291456,-0.008689574575226311
3532,0.009261617551588242,-0.029209657991529345,-0.03248023444614863,0.014417195752711075,-0.012793027911931
3534,-0.0018095847418280802,0.012626305018613213,-0.004385964721802706,-0.009720429029563302,0.009049974882316328
3536,-0.016974219232010167,-0.031152018588914684,-0.019809238255592772,0.00040667158917596994,0.003993532000729467
3538,-0.00045458483021462644,0.01358549236500058,0.0036271178159062727,0.00855862062357413,-0.01260740604303938
3540,0.0004804101503326448,0.00018729677254585665,0.0029793855832038235,-0.0024275400226941514,-0.009972528133186626
3542,0.011606805939011956,0.009827674807878856,-0.008213244236158006,0.0013829342403172782,0.007519013693907544
3544,0.023801960775767548,0.005865266283834952,0.02065435904723456,0.029849107117466456,-0.005288465153938758
3546,-0.002563146056340994,-0.003692506387196818,0.007193333301266938,0.006994884802126821,0.007690835369563717
3548,-0.009048930349431047,0.0033915901465033033,-0.0008667300790374105,0.006006240586789155,-0.008326111775259876
3550,0.0060042483411426135,0.003233687521194092,-0.019037880460676757,0.001874106591290632,6.290433427031518e-05
3552,0.006217352700165768,0.00924294635751519,-0.0053042358037758966,-0.003539903592814386,0.00783927332286327
3554,0.0035178477230219485,-0.0006817794877856329,-0.03254930219660835,-0.007927448299688536,-0.02660576216874948
3556,0.008767339665858926,0.01109732387066386,0.01941696963843355,-0.026050031894378167,0.011582720191692594
3558,0.007264699834829463,0.00675772047784986,-0.012711974963579635,0.0070040035088856,0.004157520688396054
3560,-0.011025159893311445,-0.014898966448280546,-0.002133997202944209,-0.0032735236903019475,-1.213547799793839e-06
3562,-0.004240738170429443,-0.024328033554169817,0.015344200116827956,0.011675906251471217,0.017703240355883224
3564,-0.0013354823351103648,-0.0022707064993733755,0.004961167496700701,-0.006575799640017394,0.021078146661810862
3566,-0.0055488241074316495,-0.0033415557402928947,-0.007926992753617194,-0.02789196954542799,0.002318001776451339
3568,0.025748537606754603,-0.0060469345506163836,-0.012451854637515128,-0.007541623606548296,0.0057453390676334435
3570,0.0070221061607353705,-0.002283231465426411,0.002322192122296418,0.004680762116747949,-0.010871114925944664
3572,0.004664329364215798,-0.009606647367195187,-0.006856158547501355,-0.003963392790257067,-0.00238411297134448
3574,-0.017524581799771174,-0.01841147060518244,0.0038018319552922267,0.013586930729938431,0.0028390742251973716
3576,-0.011095725158084262,0.017345686156824962,-0.0037105125618778732,-0.011290907221181357,0.005854064426770128
3578,-0.045945836565473096,-0.026860996711624282,-0.018294056363592017,-0.010747497646136259,0.0012202663542604422
3580,0.012817879415612653,-0.03021973485422187,0.0045907738012084705,-0.018412184602505453,-0.003952761335315568
3582,0.0027939017697973956,0.0036828628271031666,-0.01575999495479072,-0.0017169542004524519,-0.009008103025160667
3584,0.005453248392566657,0.023208552331299648,-0.01172775467741785,0.0013825353439636976,0.042095230274377816
3586,0.01463048949507567,0.004632060290383208,-0.004137310726432349,-0.021044731152952585,-0.01217944824524275
3588,0.0015117674355175114,0.007690470717370255,0.0030676347792536066,-0.012440917275684298,-0.027896742204690878
3590,-0.0012409237843031505,0.010798889712592224,-0.013178041890512629,-1.384853889465393e-05,0.0020099484083686966
3592,-0.00793575800054344,-0.023209715025084933,-0.018955196873175328,0.002205187853053414,-0.01820968118260904
3594,0.006719632253214078,0.0019512698735430036,-0.012185768215397316,-0.0031248648761778497,-0.0009571965896636933
3596,0.016085390418283475,0.02527264070613012,-0.006159389939757497,-0.0002876895113145597,-0.003881799874359431
3598,0.0023349490348024324,-0.0033437859099881384,-0.014762218133029968,-0.01811337552029051,0.011519322722881663
3600,-0.0014581012751296802,-0.017656628565399127,-0.002112535606295438,0.006402925387176839,0.018191870999268524
3602,-0.012465572598565566,0.00892304687935025,0.0023313366730864245,0.01402664530142007,-0.008728836007808327
3604,-0.015432439537161164,-0.0006191334916473576,0.031561139375130096,-0.009841932566967982,-0.01211105817016402
3606,-0.008152909536279366,0.007873732902984133,0.0166366449224626,-0.002468779290869717,0.005820925060386914
3608,0.010063117790266096,0.0007275564233005908,-0.001286803045321865,-0.019417099797061736,-0.023442066209937232
3610,-0.00400239987385543,-0.03403097250943048,0.00942798632052698,-0.01255337157044176,0.00809329696494336
3612,0.011131085916393326,-0.006282238345688761,-0.016196759216990198,-0.004792904774758397,-0.0035142108325228734
3614,-0.007560874016990037,0.0009234187522253422,-0.026466337714071652,-0.021119181952203338,-0.011446616398207116
3616,0.00046755867925641134,0.014990111245479826,0.011142690839353476,0.002841868989781419,-0.011444682176548215
3618,0.00035007446234361345,0.0035719598329241745,-0.022954586861126763,0.005006968889226763,-0.002604327234527473
3620,-0.0034617243852073537,-0.013681447238978005,0.011418218476239354,0.0006144503175800782,-0.009842743285394046
3622,-0.000729761871520738,0.000837232951590914,-0.03090743877504148,0.004863693955359912,0.012341971081076118
3624,-0.029713559536853104,-0.006794465024268898,0.008667478603801505,-0.008513965859692734,0.009818288443421738
3626,-0.026977848214772393,-0.007311023778666008,-0.005473723154935544,0.011045511806120473,0.02379291427450204
3628,0.020850000165785865,-0.02022361771279538,-0.018075444088360853,0.011480250473181413,0.004183166039182119
3630,-0.001781214499940174,0.0018642524587309634,0.0040383894493760415,-0.0010385088935367345,-0.013091923256123295
3632,0.004989683455588673,-0.009846211643453624,-0.00018350720084843865,0.004176385169539348,0.017629979002771443
3634,-0.003630068576080973,-0.016080876437098032,0.03100182833130958,-0.010648454278799227,0.0032758382393779104
3636,-0.015548568820246205,-0.005616799997461727,0.005539239776725631,-0.001710977223027045,-0.001416492376009977
3638,-0.007310481822723659,0.010384659028562284,-0.0025833064371383317,0.003684439904576033,-0.012631305817977943
3640,-0.015208012203523713,0.008822783601540325,-0.004836894129812919,-0.011130960696993384,-0.01102270616652098
3642,0.0029313851707837794,-0.030288888628370033,-0.005689995837800837,0.030594139789682114,-0.005610236358080408
3644,-0.006098737231697294,0.013899225904211426,-0.03857011173866487,0.03157612160926148,0.0005346656428015086
3646,-0.013174818811027451,0.00992432945446901,0.0038710746626787296,0.008751446500390381,0.03396559842907927
3648,0.002363363424564149,-0.010947409965901302,-0.02628610101851153,0.002433191166770737,-0.006120242891884133
3650,0.011745174569981436,-0.0018459232980242396,-0.017623509013785076,-0.02003516904196108,-0.01305451249177009
3652,0.002857499104175464,-0.016709592020876667,0.02344911310731481,-0.016409856301127387,-0.0034075240729975714
3654,-0.017228073754907668,0.009751450096594371,0.005256440078861107,0.002835474734672282,-0.005208832427561915
3656,-0.011514991788838642,-0.005943974213285553,-0.003612762187766584,-0.01697290425806565,-0.010151603094809057
3658,-0.021400068324880825,0.012949224716164793,0.027292965418693887,0.0021062995836976716,0.023468777097846
3660,-0.020679263897971246,0.0029225609606119223,-0.01679658606409096,-0.007375586581932484,-0.009184874715945375
3662,0.008177389350360546,0.013433518771925593,0.004824985250379916,0.002628287277612462,0.013171262090831507
3664,-0.05898904271429032,-0.006539154166058126,0.02787600895622627,-0.025102154991959762,0.004135066373724459
3666,0.008327217811185285,0.008367583923886316,-0.011768727633974638,0.013553688897372693,-0.010190716330177754
3668,0.024847741370032365,-0.016268893913310985,0.018709666373169526,-0.015046529503675422,-0.0068378621588791365
3670,0.02324405550956855,-0.004002172463921525,-0.0004793877871970122,-0.014392704493870655,-0.00030076016091907696
3672,0.008667553478157501,0.008956674805946451,-0.015050587622607116,-0.006258667265212702,0.01346648825125774
3674,0.01211200156300711,-0.006259555200464092,0.015825285871712922,-0.0059434586843682335,-0.009737810446503056
3676,0.01377636243148255,0.006770457519451868,-0.021422550458190342,-0.005877630520186485,0.029134220838765993
3678,-0.008044496737651282,-0.008142067323055205,-0.017570811567574743,-0.011197804417402174,0.010807366696002445
3680,0.03577825563632312,-0.0035397907075266893,0.02132509802286008,0.017966350326395597,0.006111338646696284
3682,-0.016998962065805947,-0.020938799753221136,0.007979272067326426,0.012720108632136294,-0.03555778491606703
3684,-0.006394603375005132,-0.00614172778738515,-0.014416442972168883,-0.005192274525786303,0.00392561494717974
3686,-0.03051303437394649,0.005106855131412373,-0.00012890600056930863,0.017654201942276956,-0.0037507399593663215
3688,0.03295250271792725,0.015788824691488793,0.0257522710788849,0.007881055768812007,0.004952070083121248
3690,-0.0024521873705477077,0.005745456582376505,0.015244756536054433,0.005657169325159437,0.0023098886613613615
3692,-0.010198718326002476,0.012987890316806283,-0.017308432722747114,0.0016490646714666219,-0.009272236005252902
3694,0.0007772587489479901,-0.021904635336438452,0.01926048063533037,-0.022077580521579467,-0.009507280269996657
3696,-0.014025796370799423,0.0016057080195522526,0.00873028850521691,-0.01265541284425377,-0.010053349079315155
3698,-0.012512640552762069,-0.0009271466904173762,-0.015353649844467555,-0.02170338136266384,0.03706485003271905
3700,-0.004122836515147726,-0.011776631714857367,0.005872320729463004,-0.007077427209749904,0.01769782758524752
3702,0.008190486845208145,0.0011385096829854674,0.008998404151143514,0.003068963040645941,-0.005704245075413526
3704,0.0005548749653555214,0.012433657005429139,-0.030917568068317622,0.0036166878178017265,0.019880405259713005
3706,0.009676992354533176,0.015121435867877587,-0.018595293889460067,-0.0014511039832962565,-0.003086604255178792
3708,-0.004326860163886184,-0.0008532044403142698,0.008985055287023518,0.008040031076988974,0.0025737330397082093
3710,0.009866971777244498,-0.0019239020511637175,0.00434008807887549,0.02324272076932975,-0.014928152110341738
3712,-0.009863119244886358,-0.012633062692913257,0.0048593413532761354,0.0160458271123251,0.012025437508049946
3714,0.004629011759838745,0.015308056300183188,-0.0010440709762678621,0.0009421778294670953,0.003957677830939919
3716,-0.002078656772737582,0.005791070371333021,-0.003070725343295123,0.008909117671329937,-0.004620309527848447
3718,-0.02505062084367367,-0.010821453314220754,0.008975812108466492,0.003907020266370884,-0.0006515582041323623
3720,-0.006878297493323977,0.006161236898974674,-0.005276559476920688,0.0035930007494894617,-0.004452809442777091
3722,0.0035471991657087068,-0.002185722194938732,-0.01630696198597256,-0.022716842955112913,0.0045487087450582775
3724,-0.014716030098635946,-0.0053097506342584064,0.008991726012398104,0.015104843472382315,0.006938444078212099
3726,-0.0051948775636008315,-0.0012841191555650405,-0.003211085886998272,-0.009728191361291575,0.008084921177703043
3728,-0.007752227073276072,0.011334804087163893,0.014202294650837326,0.02476014449326225,-0.016597194400436548
3730,-0.006820805086706344,-0.016352875897202454,-0.006941442764423321,-0.009099351427554941,0.01167608753295832
3732,0.007051265947511482,0.0021927515712309225,0.013256135554870567,-0.020512234051639988,-0.017637940989101555
3734,-0.006762998270264944,-0.011898164827444371,0.017608207654845224,-0.020645243493078117,-0.013258363082291702
3736,-0.0035779701690880797,-0.0013469121852283876,-0.002255846889726215,-0.00864809459135846,-0.01251166249017824
3738,0.016501849015319998,0.013466964625935347,-0.01799963980391777,-0.007730449562625295,-0.008750934568461722
3740,0.00363089773664266,0.0110241260939594,0.00846232079462012,-0.009248884094013879,0.0011825360595087292
3742,-0.00048342231100886873,0.00862310706875774,-0.0024767922601089793,-0.006072388853178196,0.0004579641636201251
3744,-0.009081939704933529,0.003660010398993287,-0.014918061458996436,-5.7946329692707336e-05,0.010660817807632473
3746,0.009555601509280075,-0.008666486010126739,0.002553477140541994,-0.021101189037504242,-0.006350545845820637
3748,-0.010688334443707547,0.002973287318233552,-0.0255179601602131,-0.004306189742898756,0.011245911080488625
3750,-0.007665984125017907,-0.022946063966869927,-0.0063195138531526845,-0.01433971036503331,-0.0051062191994906
3752,0.002230571615953962,0.00039581877963027395,-6.32433669275597e-05,0.002395711137351421,0.011661648031363683
3754,-0.000309952350786975,-0.016652275042577318,-0.015429728526106221,0.015493463200000689,-0.01627319946391484
3756,0.00011773741555817851,0.01543008570511364,0.010262323546983691,0.0014763207773397704,-0.00611565773604325
3758,0.02606842719667657,0.013586386974121263,0.020430091387745278,-0.0474495024332211,-0.030845405919577542
3760,0.014693026573721072,-0.010016584061696972,0.015445643027416783,-0.013848109020717142,-0.021203502365441464
3762,-0.014355519912052538,-0.019632622508821616,-0.0028440186210725044,0.0006730631941175368,-0.003821510909530413
3764,0.01098166708794284,-0.002366239906736343,0.017104118741915753,-0.032784885366500385,-0.017954745012744217
3766,-0.03060020283648087,0.005729009679524561,-0.017889183484201963,0.01479607578333452,0.029134557209083718
3768,-0.001810859367694862,0.0007566470209092555,0.0034162858047592434,0.009093356043198596,0.009070505800422023
3770,-0.040117517426291466,0.00677973060805959,-0.000680073514609193,0.006345447635390286,0.008251799091269798
3772,-0.0152834714336095,-0.02892805991268492,-0.01143807551291873,0.0054396967738782965,0.0153472062993091
3774,-0.013425377277451706,0.01557387447812985,0.004419878944561108,0.01312477279788487,-0.007260211876488736
3776,-0.022787115505219436,-0.007667519991226402,0.040469395838124964,-0.022823826736586086,-0.0239091217376248
3778,-0.007584239547688682,-0.02968712858484494,-0.002567131138303415,-0.026560364367517974,0.02515673450556386
3780,-0.006751646425132353,-0.007580025636669009,-0.005943880831437408,-0.02416927809116431,-0.008184289535676946
3782,-0.010727746912385733,-0.011922297770025271,-0.0034538964938450258,-0.005646469525034097,0.03216156730085672
3784,-0.0005523626718380289,-0.006633393240679358,0.010912257124550002,0.004302538223606838,0.01582619248564331
3786,0.0012874557618129416,4.633017642329524e-05,0.011141205309140593,-0.008464522725900486,-0.009666552236546598
3788,0.006442373030057732,0.01736065226781572,0.019279740674538828,0.007147613528757309,-0.0020190436665185525
3790,-0.006952545851580824,0.008457919533184559,-0.005788948078248051,0.01234498235580199,-0.015354011519574082
3792,0.019422464963215067,0.01259623520960294,-0.0025861451249413027,-0.030259755260532796,0.016506773605033342
3794,-0.011552751187927004,0.03234656415713345,-0.0011921334052455797,-0.0009357780987125618,-0.00690975023559744
3796,-0.004190175720004227,0.009990499046119015,-0.008073448101379626,0.014776964546948913,-0.0016434268925218432
3798,0.007289880850994543,0.001031536539152867,-0.00199132330941424,-0.010668364060255344,0.0008178785598401655
3800,0.008471062907002105,0.004571602572834359,-0.009061323772346377,-0.003255354833114318,0.004031098103824885
3802,-0.010840834587559476,-0.0031613567124234242,0.001774210944522625,0.025893456174070476,-0.02265867327242226
3804,-0.0019896984141559754,0.0073594027984731965,-0.005320427433699357,0.00581066012204138,0.0008962936371242138
3806,0.011856160103139946,0.00913287848737681,0.004717054847906655,0.002247586710409937,0.015388223537657088
3808,-0.02179529611268384,-0.00796634545203147,-0.010701592022315529,-0.015286757263865748,-0.0049635513331053515
3810,0.012439806909997705,-0.0012086360978952571,0.010778560718354984,-0.010576190459725672,-0.004155107570076206
3812,-0.01516266610280374,-0.011670019624914929,-0.014561591661671312,-0.013357768076395257,0.012153393802845644
3814,-0.009923740244306763,-0.006029952680404912,0.017900009837356033,-0.0005760378232556864,-0.0051662944682426045
3816,-0.01880445721166651,0.0076852614675141494,0.016305526861116144,-0.0214643809910366,-0.0016800120565822897
3818,-0.01718872250883176,-0.011756177123694906,0.0032753091716324423,-0.014360168047934021,-0.010698502593868486
3820,-0.015025189569846031,-0.003382543400683595,0.008393945001654673,0.0024199681384577242,0.008275323253357678
3822,-0.008794430581338988,0.012647723247283277,-0.0027745130717424554,0.012450003326703367,-0.010408220659612593
3824,-0.016540952481114833,-0.003727208966439369,-0.02179999925618126,-0.01632995329988072,0.012908133460729184
3826,0.026784264230454474,0.009866648358658347,-0.014121766532956024,-0.0028174434282024264,0.012472859906802448
3828,-0.007112682846698854,-0.008105973999732223,0.004589844371485564,-0.0032180547815360773,-0.01895145655506806
3830,-0.012642797030127589,-0.0030930036345944213,0.003157305376122032,0.013133249161156397,-0.02642641840911516
3832,0.01926063991323788,0.012974811115153966,0.012333839370863355,-0.007304214680443752,0.004730663329039372
3834,-0.007934127863478397,-0.009568039017799379,0.0070311394282761,0.012561694111034246,0.00848450357498266
3836,-0.012100254916728169,-0.002979881828354974,0.014160891762053516,-0.020557567937240322,0.03017592708471016
3838,0.013901239961403855,-0.008317247688673,-0.03339922233039406,0.003529040045067685,0.007534280241714271
3840,-0.0038745525908924247,-0.0024058621237225404,-0.002966216418880408,-0.013863570214474253,-0.00645247129990806
3842,-0.005948579708229305,0.005919921657467284,0.002135584768162842,-0.010632981449555524,-0.026296550599699833
3844,0.0022751290252605826,-0.04834176458043421,-0.008109424900279815,-0.01055179550093361,-0.058031485058947146
3846,-0.0003290000391402386,0.005960845484313217,0.01671777126422585,-0.0064804067307003945,0.010296033378250892
3848,-0.0077121287457236325,0.02656312232508138,0.007139546790570667,0.026308620505332704,-0.00737599442899845
3850,-0.007093155754155463,-0.015125003281456646,0.01501386881211309,-0.009267353916387455,-0.003760780199486084
3852,0.01260886043123448,0.0021595904606860256,0.0065513116400228825,0.008213998098520544,0.004207793123777142
3854,-0.0054693008386997284,0.0037641203055964775,-0.026515477613826097,0.005739596519523062,-0.0021509056723921587
3856,-0.007149545956672557,0.009709041299867098,0.003983760591777343,-0.029000934300561484,0.001967613225473412
3858,-0.0022555352819278807,-0.016123126837385066,-0.014710220976937667,0.01919008124108905,-0.01431771881432353
3860,-0.0008301489598471689,0.03294853785069668,-0.009387668864705231,0.004937268863331693,0.013642935811081633
3862,-0.005779063016226075,-0.018587763845926156,-0.013403647581677733,-0.0026238535580142804,-0.0039254450853099835
3864,-0.0041266740223985555,0.0019212556713510659,-0.01049761485392525,-0.008453896576995206,-0.016850232806760457
3866,-0.03422714383052103,0.0058463286362116515,0.01937961784477719,-0.005195658900659936,0.008409847230241413
3868,-0.0012297089068372866,0.02318396410309684,-0.00796800285715006,-0.021402014504708015,-0.028673518900484272
3870,0.005741535880441724,0.004094024469451113,0.01024059611180634,-0.0032108086356190213,-0.0031323273026785704
3872,-0.00036726576717610354,-0.010459314342230143,0.0056200335199289644,-0.004181526627003567,0.005132540364382919
3874,0.016172742392221887,0.019885000627330215,-0.003218358835898033,0.002343491985835352,0.011688708577048916
3876,-0.003695783567332931,-0.015572938836330173,-0.001487098796696142,-0.0022056816601308997,-0.007403670783317594
3878,0.010071851821823963,-0.00021444665152927836,0.0021244091739744692,0.002969179716069916,-0.0014433817269418508
3880,-0.0034691829154331385,0.007903584283874495,0.01906426986128121,-0.024057711956618787,0.018046704486849897
3882,-0.0034537900798232934,0.0172755657007131,-0.010913141204056318,0.015409261779160391,0.02627065117510401
3884,0.03564580238562059,0.009963786080806699,-0.03405426980832021,-0.019009589260962904,0.011574914284117966
3886,0.00437343320124999,-0.01880265727324472,0.009526676750714303,-0.01343533538743099,0.003621360316828061
3888,0.00047651734236898834,0.0011475686734174128,-0.0014851559824352624,0.010322639733891113,0.0255402331036231
3890,0.0053601405850956605,-0.00025807076904591316,0.00881949944286244,-0.03685921791626449,0.02704618857269064
3892,0.011156235548441772,0.011491319850196928,-0.0028481097678906405,0.0021587451969924654,0.002128920311545122
3894,0.01252899831911621,0.01601662294875641,0.008276100912654825,-0.006073698138078027,-0.014933332739019685
3896,-0.01282655946198662,-0.001981640275709744,0.023174634013833892,0.00432173117327867,0.015098881036094799
3898,-0.005817036666889667,-0.016871901281566567,0.00985578270366619,0.0035084312581197645,0.007961168443943406
3900,0.005250397230271147,-0.014033833150933065,-0.0016036945116960028,-0.010445568510380842,0.01401800138485617
3902,0.010399781599873682,0.016038327871038916,-0.012839951808642653,0.00751949001156278,-0.012045253865718003
3904,-0.0066079798933197185,-0.029215796098831234,-0.008258424447426301,-0.013372863969644879,0.034102310742925385
3906,-0.007652424639053571,-0.005000304031894418,0.011428652611418677,-0.004050465831164874,-0.0030000000601729912
3908,-0.040397512379347876,-0.009631509772589917,-0.023966226420449842,0.011804679779352144,0.01348471721712685
3910,0.01718385642676623,0.024761061102266484,-0.012690268703372403,-0.0031048649911297956,-0.008925281617376173
3912,-0.018164953543316837,0.017276979031496994,-0.005717494028771449,0.0070883734911591926,-0.007848231717064847
3914,-0.007989125890639569,0.013259156759089943,-0.0011273846202268225,-0.012879700145595677,0.010586431346107482
3916,0.011799647151553867,0.002318068401253442,0.005089138769421404,-0.031856842735415995,0.005985247680743875
3918,0.003403547618952954,-0.002622466340867393,-0.021705652354768557,0.011891311680282592,0.00568915727627416
3920,-0.004902560869694573,0.006881968466811069,0.015520425867470574,-0.0032182813576349684,-0.00449432737981734
3922,0.017010499321684146,-0.017370538781917882,-0.0019228044818127676,-0.01195143687248216,0.025296586127483048
3924,0.00672619473782885,0.0025271842196936266,0.008469783966223358,-0.00790553885209036,-0.013605971590988697
3926,0.03005178287861542,-0.018253781170401138,0.00503322971728337,-0.010649429534768778,-0.010741697427040514
3928,0.028373792832378588,0.019003466423755763,-0.002027163514346043,0.013047151199300978,-0.014333948296382541
3930,-0.012534305994026674,-0.0056283399799557255,-0.01031007424731127,-0.006618853751406876,-0.0064157298842820775
3932,0.005742317986649303,-0.027301162156604292,-0.0032504132017844686,-0.003647408450561692,-0.004085685038007538
3934,-0.008647145783094348,-0.029494652504753825,-0.022629920495665434,-0.019131810121625088,-0.0119482970209997
3936,0.008209585803054191,0.007450665225176597,-0.007762271687297056,0.007666967394157828,0.0007634229163321017
3938,0.007658974860724308,0.026250507240415038,0.019456796910565937,-0.016408805331196364,0.0031293258776306405
3940,-0.03013062675948103,-0.02402529286623629,0.02343568164012203,-0.011316153057409668,0.0006526903006957422
3942,0.0038668459811468446,-0.0055520325073756234,0.009162585611432914,0.01176838582807341,-0.00011627925631138648
3944,0.0001240558700765655,0.009035414067284708,-0.007363008155447476,0.022176602264817578,-0.007715852721705686
3946,-0.0022907408573185203,0.008090314959232296,-0.0008239363705299847,-0.02369218778474377,-0.02794539555667642
3948,-0.01713805376786334,-0.013698433816040401,0.01799045337515373,-0.0047705307499274294,-0.017765800119133236
3950,-0.022641105138576978,0.0021064197593362306,-0.014187442686716139,0.03370951444938166,0.015057124540387792
3952,-0.014685214957253029,0.02591313438531601,0.0004317909744772756,-0.019293236196063157,0.023412394182090224
3954,-0.0044478132530900135,-0.009149685293464415,0.005781977325184502,-0.030966562648050578,0.01588760509390009
3956,0.009875889811279043,0.025344633892642965,-0.012509149878142533,0.01623107296297049,0.002535188889300047
3958,0.012552597652697412,-0.012509610033409472,-0.009052341885164497,-0.007377898024326025,0.018109568772525224
3960,-0.002250714230652757,0.006022732427844337,0.0030120880210277234,-0.008588617895618449,-0.01378849425779571
3962,-0.010697502512648489,-0.007402818102827928,-0.0033050791754323946,0.007166069079420025,-0.010340302648362696
3964,-0.0197803269676826,0.015614475817365785,-0.010613674995502526,0.013711871493299577,-0.01701152493227407
3966,-0.006144664364128153,-0.014971429785769354,-0.0033195752529853774,-0.010298730329424223,0.003038016989584646
3968,-0.0003637719913091083,-0.012605669471401055,0.005871070731551518,-0.0007279122598892434,-0.002771849506303234
3970,-0.011084282941927145,-0.004017399749234163,0.010623048664666943,0.00957202280789136,0.007668273504937661
3972,-0.005938808293398039,-0.006199809207182774,-0.018846945253117836,-0.006338399847703557,-0.00027758542512216653
3974,-0.011830784237959335,0.003998325512324632,-0.007226185128097826,-0.01244147253647186,0.026814104482740672
3976,0.01838986286308001,0.0017833651038684998,-0.011986440754013188,-0.028602817696546275,-0.010995384753611616
3978,-0.0005766132780082307,0.002930353318210314,0.005218012883363978,-0.014815372028431771,-0.0029304581306201613
3980,-0.006312461468595949,0.01843774275122753,-0.009119593616270016,-0.011686356798188462,-0.007449162208576089
3982,-0.023850190298352825,0.0012691353275806295,0.009027904773333264,-0.012913625779979988,-0.0005101240868090924
3984,-0.001780549929647767,-0.0038344809341147516,0.01026401326537608,-0.0075498073181575805,0.0012105494345509087
3986,0.0074239552684970305,0.01380131014806016,0.03329382481109575,-0.01811559884535943,-0.01536565219438272
3988,-0.007727455854303047,-0.05702002562075745,-0.007262176649872469,-0.027794004561995874,-0.015299478123874388
3990,-0.0054738315884654935,0.000523569510706357,-0.01073383585997234,-0.008994107597367509,0.0020627315715380594
3992,0.004648968281410622,0.018164786220690073,0.01767239645153141,-0.004604238021409329,-0.014977621677477598
3994,-0.005206614181340804,0.008913727519775295,-0.008147499377248945,0.011757093362129788,-0.0032742570948938047
3996,0.009389843350400936,-0.0030138538291553537,-0.002918388990523611,0.016979861104554565,0.000582334226540506
3998,-0.03027448896647509,-0.012089280060936668,-0.006911932084499915,-0.02122693218349449,0.0275932415113331
4000,-0.0018339772955413979,-0.008758016361844572,0.009959205828821977,0.000731962431558373,-0.013345768481121224
4002,0.012775153978973632,0.013226493994002664,-0.01334048305814925,0.001972142658154109,-0.0013075539720213778
4004,0.008080933693779832,0.0029471556022328807,0.018911242486715475,-0.003831494516203956,0.0031900126820376302
4006,-0.00033768188381761593,-0.03182737479926752,-0.018832377495953307,0.00035387019965940684,0.022616709446501543
4008,-0.009757816242894096,-0.010895619916768816,-0.015280443147634463,-0.01596998817005255,-0.029019827688743786
4010,-0.007130814218954447,-0.007546100042473095,0.002782748167821355,-5.6756518855351306e-05,-0.006948433060005172
4012,-0.017542211935532508,0.004784453115295111,0.01852395948109985,0.027033433575751057,-0.01822281268589401
4014,-0.008903524389401906,-0.011240614916081512,0.002953563710299288,-0.010571382859049268,0.0006918284937824506
4016,-0.004799080605511963,-0.03486881015784695,0.013717908947089933,-0.016374723118642433,-0.012649114387672267
4018,0.005018388041609451,0.006704376144883606,-0.01556861634458981,0.022636424754141595,0.03326155994000403
4020,-0.017296482873786,-0.0028911168138591346,0.007095613274897523,-0.00968167636174413,-0.003164396389033583
4022,0.0029107002937366127,0.010324781340823782,0.007578436349146942,-0.024519491625342206,0.0006436971780869633
4024,-0.014068620262437203,-0.026670394490880774,0.02502863278024113,-0.002571914957354833,-0.006048209057007908
4026,-0.026599042699173417,-0.018657307081879737,0.0031515338123661828,0.0016927552745048804,0.014507847502228277
4028,0.013248892497898535,0.00010926333599459238,-0.0025937518476763506,-0.0039004103647707934,-0.01489916368381845
4030,0.003051826099572059,-0.006314022390408336,0.0020434531899325478,0.0007245460242203131,0.028611779882907543
4032,0.005309579105179676,-0.003583729828514589,0.004974016075059608,0.000458546379814271,0.0018579356127044252
4034,-0.0067630266469598825,0.002663550427774452,0.016175499923216076,0.00547324638772696,0.005526633398025588
4036,0.012121959692137271,0.02868374755888283,0.011843424573724568,0.006916942046542913,0.0012356359480627935
4038,0.016306355544168396,0.006379154657981225,-0.0020438979815790696,-0.0008777185841949624,-0.009880624459929032
4040,-0.014095058347965265,-0.015032121361969294,-0.015143680801287111,-0.017120571663648592,0.007745659443424014
4042,-0.005414212478168389,0.01653070900271779,-0.012043726569293506,-0.01035205152073772,-0.02032048099929545
4044,-0.00782200541962063,0.011356507056831533,-0.002345075735424854,0.005127808004191013,0.0031108973233670042
4046,-0.010147343077239732,-0.006241510879211421,0.025411057307874792,-0.010679622604748413,0.006902167005597305
4048,-0.0006463188547806529,-0.007798627852470438,0.005925844181280658,-0.010940768905542497,-0.01540322889998136
4050,0.0003557648636932748,0.008564046069002981,-0.011282574765425386,-0.013148349732016297,-0.012194160007326779
4052,-0.02238538107370101,-0.0017518371891594494,-0.015880833771431454,-0.01732857347326592,-0.010884786656376298
4054,-0.024626304819195168,-0.022101248207676862,0.026661691568043627,0.00885802340881646,-0.019761402430259867
4056,-0.004546920891828831,-0.01566823458991667,-0.002748408675136239,0.005386986245850676,-0.00654575296115258
4058,-0.0006519856111610183,-0.015123531552914396,0.014519812941578534,0.001161734748869448,0.0015529507776409835
4060,-0.003680580949644493,0.009272747825524333,-0.003827992090980807,0.010462863288237608,-0.0011657390058855595
4062,-0.006477373739109319,0.0150175405931043,-0.014188876291487471,0.0172399548276887,-0.020691190747783774
4064,-0.01038392158620837,0.021996849247017447,0.007373761605980968,-0.004882956528121426,0.01657803038224439
4066,-0.006072189503668387,0.0009213691158468464,0.002336778686785744,-0.01077754149407187,-0.018056828032362224
4068,-0.01973965541852655,-0.012447920667219581,0.0007615651445295321,0.0159520611161998,-0.01274846505885905
4070,-0.01930033468053366,0.005392161857372139,-0.0006419573056676976,-0.016343451560693927,-0.023136340849759705
4072,-0.028331560175310314,0.015110111698898658,0.022556091979420097,-0.023321822418750675,0.022075826492381576
4074,0.0007997756524139249,-0.0022431783090688206,-0.004670162370718051,-0.005179669892796631,0.005803967618651766
4076,-0.0007106449804738682,-0.016550705418722902,-0.019396420420892128,-0.016422895608556053,-0.021779325713363752
4078,0.0063113238510530915,-0.0228078288798745,-0.005332437756207396,-0.037266447035793286,0.0030663014198458287
4080,-0.0029202424841311804,0.014082983164798165,0.005842178455734649,0.011719751608757227,-0.011243177122717
4082,-0.009950400198858289,0.016596085346635845,0.001013991934603359,0.018804331084462705,0.002288769505209366
4084,-0.0153079806057507,-0.01014882315445098,0.0004899440482026913,-0.007492321869724956,0.01863006400631347
4086,-0.01523968803603384,-0.020037651468314162,0.012223713133352037,-0.003916934774610516,0.009187468726881235
4088,-0.01331155272972067,0.00464633076900795,-0.004527159661551313,-0.003892969088424297,-0.013852572236141843
4090,0.001281908340841958,-0.02497542323280942,0.003310835818439325,-0.03745828561352969,-0.010586379841220921
4092,-0.0035515441031447183,-0.013459453236416551,0.001078134403664568,0.002964167570202866,0.006525878437471337
4094,-0.0061877216314933075,0.00025082402594893443,-0.022977024630902787,-0.016601490441682607,0.030014919369532694
4096,-0.0018908291161623984,0.003693809709741418,0.006550537649883724,-0.013491849077237992,-0.007110065819799697
4098,-0.008081456582650021,-0.007738368277296402,0.024088609921735893,-0.002069843307835027,0.01066506205485186
4100,0.00831503099389027,0.02848325332947149,0.002457069018013686,0.030351873231775302,0.019390119427533735
4102,-0.005793101553821341,0.0014472075329303607,0.0127389299213343,-0.0005041128570557743,0.004388483110205638
4104,0.001331161987402259,-0.0025801831520707074,-0.0161808431781445,0.009966791342735194,0.010060977283800326
4106,-0.019986130711913366,-0.012942191482090661,-0.009262235265637882,0.0013149186937692014,-0.0032424829046146255
4108,0.027027003328215223,0.0005016402298055891,0.017478142960051225,-0.012353914630896592,0.002264450085998684
4110,-0.004529251919069761,0.00413284541160404,0.00994230004483643,0.003243969934269938,0.006493117030524522
4112,0.0014420911948756746,0.009490380109436551,0.0076006194102416404,0.0007884540064366315,0.0033249311853594792
4114,-0.004048950321229964,-0.014643626652761938,0.011746802449398715,-0.010475954994333354,-0.002641695204868964
4116,-0.008461218163096876,0.004135142671596408,-0.008376907795101154,-0.01245238714660219,-0.0031001897477166062
4118,0.018338365215955114,0.006687444344831576,-0.006958019476826348,-0.005834135896857823,-0.020210041219819414
4120,-0.0016398170685082583,-0.003999217532312214,0.003123286099095374,-0.0030753876982435287,0.004978659302981936
4122,-0.013061771537132939,0.011062449912670408,0.011486871000144564,0.003584579103026534,-0.011040734229260085
4124,-0.029683508013571006,0.004885208914721473,0.023302373701818247,-0.02191262836948593,0.021848241287025404
4126,-0.007913087296096048,-0.0032213757751207873,0.0026164925186593887,0.01815896792337684,-0.01261826320299369
4128,0.003258948354531981,0.0009203240736466717,-0.011607794420209927,-0.003880183744221994,0.004867821679411024
4130,-0.011202594196388405,-0.008551515099293198,0.015360500204547337,-0.01670574470389404,0.010256679608474878
4132,0.0004598148392617767,-0.0025137353074894133,0.007203501110407574,0.016681857075105104,-0.024801988908741305
4134,0.003246059601495658,-0.009317388440521608,-0.007002189695810334,-0.012876598267760593,-0.002832305566357489
4136,-0.017262151043005623,-0.01589485523942309,-0.017585833439507426,-0.004258535831536441,-0.016793884936899275
4138,0.007292235742041187,0.006149281750228065,0.01981762661526147,-0.018037472716022098,-0.018256692091076814
4140,0.0021644387128428887,-0.0017552079784119417,0.0005174889785678419,-0.017116545884901063,0.0011106636908491119
4142,-0.003436311250647386,0.0005790851506870383,0.020034268764798212,-0.010584086683442632,-0.009524222104076533
4144,-0.01702340733924434,-0.0067791142240025,0.016473566812390636,0.013693732226854887,-0.001386185332785521
4146,-0.026501765330607812,0.0010480493510445095,0.0054712868266425995,-0.007760055047171291,-0.0006835045215647124
4148,-0.019054553978986786,-0.009664468740885985,-0.025297475348405728,0.012925850063757929,-0.007118128982758717
4150,0.02078112536574669,-0.010469221973223555,-0.013260681794021269,-0.011825836502317374,-0.002639992794308743
4152,0.005728436473378258,0.01612671015003338,-0.004711458315130143,0.011655544169784924,0.009202881828331733
4154,-0.01402869219659843,-0.0036145324837584454,-0.0045609875375939146,-0.022068017638300318,0.006971543373936086
4156,-0.0099510521474814,-0.0017535226855294028,-0.03274584344625219,0.01701137315049224,0.019131920431966834
4158,-0.005540552749678858,-0.0120868573599835,-0.00021053922062280866,0.011366950534220575,0.0041284372611605545
4160,0.014724009234062696,0.0008192097251186666,0.009523678732849566,0.003156148075974833,-0.0015973197261731403
4162,-0.02082398939924057,-0.019858847488179236,-0.021396094126746854,-0.010861577534056529,-0.027416160360584006
4164,-0.007647746497036614,-0.006111429988219008,-0.012250183431436364,-0.01443009535754845,-0.0009097734294088436
4166,-0.02961419982608424,-0.014612581417506699,0.015028102925967164,0.0005392215919779148,0.008169511732255162
4168,0.009699460124068046,0.017273896872081303,-0.01008459743311523,0.005630376824863235,0.023379642657999643
4170,-0.010674358118071482,0.011315593977373022,-0.0006302118545833068,-0.0021172549251275955,0.017530688337428223
4172,0.015521563459848564,0.006858937478028824,0.005077575778816138,-0.012670418547854353,-0.008722022954264339
4174,0.016423442749337887,0.0012163757894940238,0.019751163194053824,0.014539371163464975,-0.005556619943644742
4176,-0.00437345768035736,-0.0027763936035452297,0.005719581292182263,0.007137006681037566,0.011088182971787994
4178,0.01716783923300876,0.019439589246228243,-0.016275945073450423,0.012662049468659196,-0.01633711620992246
4180,0.01188875728190857,0.00675950370216802,-0.0002884848270951773,-0.0026620515444258364,-0.007998760435260512
4182,-0.0012356781146815171,0.004440706786361323,-0.009574132619614394,-0.0053487350879645405,-0.0019329037445546592
4184,0.0031605341626597468,-0.01599548599626003,-0.004789524106275993,0.005765396191904567,0.01575977769900006
4186,0.00037259089733037337,0.010579743844989309,-0.01977284293031207,-0.0011396189456817911,-0.010584847864348528
4188,0.012030481661569956,0.014575736209214723,0.004644264940748213,0.006918714296420443,-0.02737560840861854
4190,-0.012034751401960165,0.02454476318643906,-0.01087939460292545,0.004128525420637331,-0.006777262224434264
4192,-0.012343505647386325,-0.01581705239591528,-0.02332000733110218,0.017608454520853745,0.013788745669946919
4194,-0.013114741095210327,-0.01093696739788753,0.0006758428789882799,0.005673314512322116,0.0019841667294288054
4196,-0.003795339040517459,0.016911866193490655,0.024178613255901267,-0.015400897906160217,-0.013354785766074084
4198,0.005699849593108702,0.017180924037313913,-0.0177820488255493,0.01840011488643524,0.009742382200735785
4200,-0.009330786379239075,0.004153290612286304,-0.004812864282847933,0.005877689334153008,-0.011574441974422723
4202,0.02605535230685556,0.011005208195536286,-0.025219743459534934,0.005251652650970307,-0.008716316672705128
4204,-0.004718166995293344,-0.0013275420937000277,0.02966621498161659,0.01590245804670994,-0.01067563798210821
4206,0.0008635556499827133,0.005806113346307605,0.002626834110529295,-0.017427114984488793,-0.011270124314528108
4208,-0.02376785153124163,0.0395512868032553,0.007368955079018138,0.004729814039285361,-0.002300413733990308
4210,-0.036109103133297224,0.013416423233027433,0.004298002775578445,0.02996903575858194,-0.004315680768811452
4212,0.009985487763159656,-0.002285692526201738,0.007056874349917921,0.0025886512694577603,0.010671781429377424
4214,-0.02494606296624583,0.014353722791107526,-0.03124749540326245,-8.209519218790995e-05,-0.011979657548524415
4216,-0.01687156977331524,0.0002691666638234746,0.0006321698563283252,-0.016412819464451875,0.0006451979730954412
4218,-0.004694720806394041,0.008084042546215217,-0.0005869533304790108,-0.0019861171479733466,-0.0007836631690059895
4220,0.014520232574788398,-0.008124581964812179,-0.018544737966697287,-0.007897159733910034,0.011907227147521566
4222,-0.008071630277518149,-0.006972804036362496,0.03466336882137576,0.03921830655655869,0.008035651865931127
4224,-0.017290908412544752,0.011362390019587845,0.0050393105081015955,-0.017562611116360306,0.004017210621031006
4226,-0.019779042460995457,-0.010187614252487789,-0.001755026292837773,0.0009581153188175355,-0.008040153739744281
4228,-0.02714117212653739,0.005093542525325844,-0.0012295209593721696,0.011189735141095171,0.002914863266194743
4230,0.013303802397049355,0.008469164564955126,-0.01731717176040394,-0.015397451425445047,0.0011232685786636885
4232,-0.007384132869083659,0.001539895583559906,-0.021979604035332723,0.006353122557560029,0.02103816349332264
4234,-0.03213774070853465,-0.01601946471503779,-0.0015993635538713309,-0.018065111601377762,0.019746807523472916
4236,-0.014573252645489714,-0.0013829359555341994,-0.019058991796308322,0.011343716390659482,0.006652745171798635
4238,-0.01449875348694598,0.012497157851194395,0.024171931494904004,0.014923669526769217,0.03504254998261729
4240,0.01651511690046713,-0.0022562661951957795,-0.0032679005364826684,0.0023248868754018747,-0.00017689534515617642
4242,-0.004809928608024939,0.004479733663879943,0.001974327736096424,-0.01071782463630856,-0.00412803125245509
4244,-0.008608151024688322,0.0436721071063046,0.004573542520494928,0.005705655240492157,-0.010011292255635313
4246,0.00015831309869216304,0.005681874098286599,0.01810263759234111,-0.004401594980029689,0.0159863253602524
4248,0.022424892960847577,0.005436842958378227,0.009672228496457415,0.006064704834159126,-0.0021273847618937906
4250,-0.007075679960891524,-0.003659700254295883,0.0010025162658249787,0.005165451281849619,-0.011815349970657385
4252,-0.015852472856056843,-0.011461861591275282,-0.011338754116690025,-0.011965588445505687,-0.006567301832411678
4254,-0.008682662384460768,-0.01243379233239043,0.007420285361158553,0.010157148455177373,-0.0007229295630263067
4256,-0.019890500071323144,0.019139312064230436,0.006450878406319383,-0.004491362610316741,-0.0003573975819834284
4258,0.012415763235527472,0.013710974729376994,0.01646998904466388,0.004485349618348297,0.003520492286907774
4260,-0.02047048003214848,0.008327584549573613,0.0090330766463556,0.00018900800643494416,0.002449661521964422
4262,-0.010103415639913026,-0.003360592200390139,-0.02757621533134679,-0.019377483177964495,-0.02466029671031178
4264,0.007238921638717517,-0.005877072636277596,0.013656157083312855,0.018421339115360653,-0.009975945079502259
4266,0.004251064499758878,0.010948831113753154,-0.0010007214159338852,-0.006540059743009699,0.000614455621304464
4268,-0.009272004717838796,0.010460902913727603,-0.007328909997461868,0.012900804885583473,-0.010597585393256287
4270,-0.012737798353385612,0.012919334622530315,0.012216139484843819,-0.007710052634091313,-0.010229773020078796
4272,-0.00029687380638450725,0.01431666903303743,-0.00922880297871289,0.020192751271274997,0.014391337996356722
4274,-0.01107450785701741,-0.03218890344392933,-0.0005785190609743926,0.00271460810518271,-0.018079325576340354
4276,-0.029008095787671266,0.008426689534500091,-0.008884742670173933,-0.0012795480400396993,-0.004567874830467236
4278,-0.009434714683916063,0.0037276602301731785,-0.015325532761532161,0.00803927088089443,-0.0011802023316503224
4280,-0.0023184994686724475,0.006305453551574448,-0.024286574318681732,-0.0057308359132687645,-0.005987606800957413
4282,0.009296767197459534,-0.018584590718334633,0.004053465628986592,-0.010957267531024176,-0.014897897083811769
4284,0.002347577126945577,0.015926938239003367,-0.0037012414740551433,0.019383199909848346,0.0003250621207286174
4286,-0.031246140833208393,0.008126282019979758,0.016129378546368416,-0.012950235251651494,0.013613352354774993
4288,0.0037454301615803603,0.014964432283116095,0.003731096188542797,0.006251651033742567,-0.02363896200603785
4290,-0.02311211792386271,0.00746192139780863,-0.0034795958951599694,-0.005435769047352151,-0.008781755992070836
4292,-0.0068629784335160725,-0.0058776589393168205,-0.018507736733037617,-0.013800796194825717,0.016088587236642346
4294,-0.01049284648632727,-0.002737328397512837,-0.006237665813400162,-0.012680272687382237,0.0063672115630958835
4296,0.00033796591952837984,0.0008324954925577323,0.016496043934011214,0.0003299050429081937,-0.004198362659567024
4298,-0.009737273393438505,0.004292407726065791,0.0008423487082589617,-0.002908677778976609,-0.017423292679437367
4300,-0.01127239312122289,0.0073066658566339265,0.004409217976311481,-0.0020740445694006136,-0.021554907799497966
4302,0.00517858051331164,0.005063527669927276,-0.009217327297152769,-0.0035477387913818337,0.004852785687023973
4304,-0.034174628211073525,0.03269960758257267,0.006507830007776179,0.0036973737089573805,-0.0033030861253841577
4306,0.022858764505095913,-0.003850630822823876,-0.0016703610425563243,-0.010769050682044923,-0.0034491094736935064
4308,-0.016546896355232998,-0.00519268495449688,-0.022683965154329855,0.00583716135113666,0.015108152004808292
4310,0.02321582391476944,0.016491097653168557,-0.009263523297067635,0.004760111826058838,-0.0028536067629409633
4312,-0.014934064191342305,-0.02441681790263628,0.019834814475489727,0.01820830492124788,-0.00868539760885277
4314,0.008630131717486863,0.004127155116842782,0.021815884039388236,-0.005998302120823878,-0.011696758618254288
4316,0.0007772181616936629,-0.02867766227220148,0.017282108923581604,-0.012505707402443831,-0.0011043982376970577
4318,-0.0022947713771630835,-0.00423055789129593,0.003511389996313934,0.004070268081394788,-0.02079343634444496
4320,-0.02426111198030094,-0.008256007313146217,0.0004961440077327196,0.016114960107774603,-0.011511104972615881
4322,0.0025197315657668595,0.008378903318074268,-0.012907928439841242,0.033961154952672795,0.010476042326284662
4324,-0.005951092752041907,0.02516756543163688,0.0030447952990863016,-0.008493888428988992,0.020357255266077637
4326,-0.003003022325787627,0.006862906501070268,-0.004925036388052526,-0.0026188568041782072,0.0083721060470427
4328,-0.022406755113076906,0.03096305391371568,0.017881076017570795,0.009127196993916885,0.015564422528135393
4330,-0.05008711492475111,0.004822806309436872,0.005777075196565233,0.009733350409434679,-0.0025897609239363016
4332,0.0017615395503479787,0.007703425342854785,-0.0023617182408037373,-0.0029210093704816202,0.008556497496239069
4334,0.005576191263032352,0.016676336879408886,-0.01355177818938232,-0.0073278393578391585,-0.003472531467557014
4336,-0.023969527036967347,-0.010009484280475099,0.01855234676257312,-0.01557171553075843,-0.004749630766251197
4338,0.0023030551160923163,0.006975287407569052,-0.01444020804579046,0.009403888648339916,0.013646055450279127
4340,-0.012969777558775762,-0.0026853976763684933,0.005731864594635849,-0.008053960154522194,0.0065982432744193876
4342,-0.01603646525559144,0.010166839599479898,0.005620353770547749,0.011491168937263681,-0.00935994880798569
4344,0.001755753053402963,0.015343791812200813,0.015618292931756277,0.0074941334287369574,0.015472265855400643
4346,0.007105715786971087,-0.012030649203171394,0.017223445090301673,0.005057504110517994,0.0172849898873384
4348,0.015111465442522246,-0.022370319417492335,-0.022598762902330725,0.0005459573254224583,-0.008544209198003453
4350,0.002688174194558568,0.0008714652784787039,0.005196854592759331,-0.005671495696263546,0.014829145623914049
4352,-0.014233760633783342,-0.02323824858308104,-0.03157518472105059,-0.004231223925156524,0.009154764291885924
4354,0.009083486294299573,0.0027353804870618977,0.004906445528973633,0.004562716021603578,-0.026888219179460944
4356,-0.004876997638929916,0.0009503076179486526,-0.005519406065622582,-0.008049668832941639,-0.022564274516040244
4358,0.014654393216087348,0.02157122307229848,0.0029674891038161343,0.008809560807217301,-0.007087186972357323
4360,-0.0059197129443748974,0.004458837479245274,0.0010060777919738105,-0.0022794588936338595,0.021415405872045778
4362,0.022923377315718044,-0.002910702293523549,-0.0030379667207062013,-0.008262335443140884,0.006854590922895936
4364,0.03412371561623781,0.010544053212806824,0.0033090605606836835,-0.02430927702684908,0.0014459423359466793
4366,0.003853206972044388,0.00321109735008236,-0.015784533842301666,-0.02583699075621726,-0.02691638674236643
4368,-0.01315268337459115,0.003059430136424492,-0.00999791643466247,0.015449345993373963,0.006585889725885058
4370,-0.02036865290906258,-0.015142629068889085,-0.003634192659781605,0.022779748670670206,-0.019551887561958803
4372,-0.01606258017991853,0.00023795380990064547,-0.01846886517987756,-0.014144998266785674,0.005081271751006304
4374,-0.016100269165780265,0.003257519552051991,0.0067998499778570256,-0.005372020074112967,0.012731171851993912
4376,-0.03064500722384603,-0.03579080819369421,0.017439347292650967,-0.03461906166982316,0.011043696108001192
4378,-0.02374662053535077,0.0029730535424920272,-0.009436384510523452,0.00200664489936926,0.003769625092015782
4380,-0.015033680675624777,0.009327785437484947,-0.003145433894524694,0.00394482881381908,0.007847333553897313
4382,0.014647897695181166,-0.0052900839452757874,-0.020198735724183216,-0.006655748745636536,0.0059727028453263244
4384,-0.0032031415118275344,-0.04308187856046046,-0.010610803559208532,-0.017783503347126552,0.0009019821962193751
4386,-0.0215883770539136,-0.0019857468469547494,-0.011203683138654462,-0.013613772329506432,0.004206354345133589
4388,0.008084032380263527,0.00983922887662915,0.01549917216157773,-0.005178389331644202,-0.04413569164048884
4390,-0.000871919918136008,3.481654937233905e-06,-0.0045760775586423386,0.0052490063046032286,0.013571691749042738
4392,-0.009595677582966406,-0.004389105559193159,0.00266029779549648,-0.01316275722933068,-0.022495161128506982
4394,0.008814023959378036,0.007170435077227102,-0.03439251271037699,-0.015618518210836803,-0.019976006974287797
4396,0.03784648058966899,-0.016011413155028506,-0.006507491159973939,0.007410720998562433,0.008564736598605715
4398,0.010078683633761598,0.0004986050247788652,-0.016098698830706318,0.0028735109100721896,0.014403124183761202
4400,0.01716030582525203,0.02332580245312639,0.004103787502966084,-0.0024869173526344476,0.01523894540212604
4402,-0.02569368506417985,0.015834187917123207,-0.0009175310157848081,0.0262623395523588,0.006618947886234597
4404,-0.010247552905470591,0.0036412593879613098,0.008016199555376895,-0.007318200524444547,0.009002120524459048
4406,-0.014576844022107582,-0.0071556234151964465,-0.007837147505773936,0.0015594480402571186,0.0018888135108148612
4408,-0.011574940922612274,-0.029183463241231326,-0.003814776463460253,0.0007741678722630533,-0.011574211127064304
4410,-0.004971576897835489,-0.0012593820049581381,-0.005082476956620059,0.0046654003757703975,-0.0012185410146103909
4412,-0.002705126572041522,-0.00043751573611203903,-0.011641373758440746,0.005210707302981238,-0.007369101621695235
4414,-0.022982400791624606,0.006215236567765006,-0.00971820169070856,0.002663056303026418,0.014696823281305638
4416,-0.01023246992736613,-0.0028882044962561565,-0.0189183395186436,0.010800360552787642,0.02348828378340424
4418,0.017116917446534152,-0.005174110455640761,-0.003753898600641706,-0.005737953764086528,0.03321379428829181
4420,0.0007559901086447586,0.004785924595383102,-0.007691131101998516,-0.007100683490348721,0.018244994812528174
4422,0.002111332573852321,-0.009946391848299995,0.022272553873471573,0.00018534510532597858,0.012782151456119018
4424,-0.020038771753388147,0.03067392865325827,-0.001068954735543167,0.024289808951483808,-0.01133670327292645
4426,-0.014174534849953976,-0.0008897367603691685,0.0017350185039800778,-0.05255733449872968,-0.017445096207961485
4428,0.007950909870146822,0.0002848652250723663,0.004184888466093005,0.006690579515302376,-0.013031981296654659
4430,0.0040652877967184255,-0.02310942879958389,0.007321125724710723,-0.002290426842318581,-0.008074488860004924
4432,-0.03362007265335003,-0.008222043427011065,-0.016750084285266868,0.01671278356762341,-0.04736907117264353
4434,0.0027560159328547324,0.02087934926599801,-0.007562181325953898,-0.0010564419835039944,0.012880921135422217
4436,0.00237330442295499,-0.0068511486565175665,0.024354384299180916,0.023510744936500183,-0.008787897891955318
4438,0.022399472549229076,-0.03286003226651924,-0.008357221937339255,0.004832108141675258,0.011573311107202052
4440,0.005955172703395416,-0.007631844122532684,0.023509066310014513,0.0017435979074054684,-0.0009139268802160994
4442,0.002486917224381696,0.02510700766077794,-0.013592548968117698,-0.010436243357476263,0.020462080004287918
4444,-0.008181584265429413,-0.035724412181468206,0.007896980303419832,0.006254700788575063,-0.02074144619313788
4446,-0.006696237766451797,0.001606504695082816,0.0030444918814515657,-0.0057406529536474914,-0.007302571628592642
4448,-0.02333885136773983,0.004789933418111368,0.0027417887188332575,0.0032697565895420133,0.001975525914146169
4450,-0.022764435149992858,-0.009502090096389916,-0.012445788110978755,0.008952508404610392,-0.00719901263417055
4452,0.00035706211242272836,-0.012913291888817114,0.006335102427869943,-0.017056644293712706,-0.006548154497806213
4454,-0.017291417625832865,-0.005928112223451146,-0.003758551038692523,-0.047521713334203484,-0.004518876699993738
4456,-0.01596754557673942,-0.03099129082933714,-0.018047330838735366,-0.039645962718013975,-0.0033048749590421623
4458,-0.004205611522692516,-0.011182469544639188,0.0024731093784895967,-0.005905921173430155,0.003479796560890006
4460,0.0008737859241680382,-0.005071196797449059,0.0006415388984283746,0.0062139645640701055,-0.006177122192317579
4462,-0.00025107279982937187,-0.016598665690414113,-0.0014092814171939175,-0.0057860380043210065,-0.02248453068106859
4464,-0.003973415148127225,-0.002890629346725711,7.63505342625564e-05,0.00789766034745641,0.007514424195255725
4466,-0.004646540637135326,-0.004263124295359736,0.007269731940961471,0.015860520409965648,-0.0018350377174704733
4468,0.032026017782557994,0.011288163560837906,0.008968592581374644,-0.018752174942723614,-0.004358751678912225
4470,-0.0024914317016108208,-0.0074053554389344025,0.008000582128695564,-0.0020879456102053007,-0.008821928015146694
4472,0.01526842417927985,0.014635845419204912,-0.003529117882296102,0.0047585705921443094,-0.021344389332026873
4474,-0.009075663338357813,-0.010738839147686344,0.018886696069239168,-0.0012544047126859627,-0.01040555416977934
4476,0.0017420654412286267,0.008182330708346024,-0.004207299653558961,-0.014822069967478818,-0.01600546567180991
4478,-0.01409896522291401,0.000564736009567646,-0.003734576626030391,0.00931728829399482,0.018731243743109166
4480,-0.002803333683860908,0.010902265270240373,0.006622713406767453,-0.010178199106452108,-0.008624704857773332
4482,0.013777820402212126,-0.03259767761434499,-0.01881763867926273,0.016974824418966195,-0.009342678606834047
4484,-0.03785882054861733,0.02576429813697914,-0.020595771683250916,0.02052804096902257,-0.015320830980565801
4486,-0.0020748982570555356,0.019365682744981922,0.02383731414673608,-0.024321709861057268,0.00172099102353038
4488,0.004320123732933513,-0.00725244984780685,-0.023908233332274813,-0.009049534403644012,-0.013038814897437209
4490,0.014909206452121284,-0.0027840081620468526,-0.007343386744758573,-0.018335132776776068,-0.008502132461596566
4492,-0.02439426731575238,-0.022304178192157974,0.032649878803623855,0.013811566270270997,-0.02023070192677716
4494,-0.0030347979489855335,-0.016046720203143232,0.01565963027011728,-0.009476592626296522,-0.0047950682642394545
4496,-0.02298010268143782,-0.01593906937795462,0.008206993310514317,0.003719831838026593,0.01808611906984153
4498,-0.02253681018270495,0.0061322740623125475,-0.00011847455448176522,-0.005527741995869294,0.005942438282830412
4500,-0.01199182480303973,-0.00427708351101798,-0.0022367462331458507,0.004123010541511729,0.015201637372235163
4502,-0.0014218882488809606,-0.012729015690752368,0.003581007667202565,0.013862656890663577,0.007970512617917118
4504,0.004133918023199949,0.031009719045358868,0.014505667780833112,0.01580557815168105,0.032847500797000974
4506,0.0010340891613294385,-0.01798508556869862,-0.020069965759945095,-0.0016315903552842333,0.013970555328609593
4508,-0.010968467223945226,-0.008971736813888478,-0.016599295250786874,0.016361360755845444,0.009570225709440303
4510,0.0026152145293631824,0.006570175159349284,-0.016542998428294008,0.009440514253657741,-0.023425511121926097
4512,-2.321736581528787e-05,-0.012787233973036211,-0.0043083241898201575,0.009835417908841756,-0.001726364320940441
4514,0.016299739219585756,0.0022924208461004634,0.01815257235058767,-0.014677086989511298,-0.0052440221296739834
4516,-0.0036765965940409226,-0.005357423959736228,0.0006262314879836211,-0.02312433442174007,0.0015960537594108045
4518,-0.003042484252754908,0.015110047506341746,0.023679339330500447,-0.007487786497490415,0.006196842229290188
4520,-0.006443548370484577,0.0006260163486903725,0.003738815801890764,-0.01681149979072544,0.0022530725817845217
4522,-0.005152155227163422,0.020915067933518983,0.017395211913282433,-0.020505226208399167,0.006939327425001425
4524,-0.012099611911757555,0.0021941977664441483,-0.012957319298726334,0.004385106360727026,0.006799868296990769
4526,-0.026011814265005182,0.015499251463576924,0.007198916728777963,-0.021816364845362774,-0.02276157778172946
4528,-0.0008516879497605754,-0.007670138453123785,0.000512368174836289,-0.027622723908708187,0.010710497429464517
4530,-0.006924486431455713,0.004296575622991075,-0.0015321882160013998,-0.011168056969078048,-0.002998084912261629
4532,0.003947340206341208,-0.023018076645190125,-0.02718065204263806,0.014828118576824693,0.02620342491187664
4534,-0.02435033859383352,-0.00018965993643370026,0.011076325968296732,0.024397049697185064,-0.02278796356189503
4536,0.00013240761218081054,-0.002007575980808004,0.0025878841337106575,0.0063609134691758416,0.0043073964236052835
4538,0.003077581928968702,0.022753619083889252,3.639503227250453e-05,0.012937660646469683,-0.003851195111684198
4540,-8.575744147726243e-05,0.005063485616459401,0.0006644010760958809,0.005027994526339344,0.012933332529616984
4542,-0.0037985772901721173,-0.00528438476413688,-0.0028496355060994927,-0.007071424663492658,0.007253207235742797
4544,-0.02887441522612719,0.012724270825393949,0.018324761209266346,-0.03155292384291425,-0.010687195872526853
4546,-0.0021463916509479185,-0.022261063846322583,0.0020252700736315466,-0.03617903252744688,0.017473804467040877
4548,0.015259291186530043,-0.003286404877283316,-0.005965649058364539,-0.0037182257339780215,0.012498183927327993
4550,-0.0008832484686684204,-0.010255481522898749,-0.003122824898682558,0.009934488354458816,-0.0013836123890880552
4552,0.014140108283684213,-0.004780304050103011,0.022703941877654826,0.015949106138613188,-0.014100896232266373
4554,0.0007335115745280724,0.005981346644872373,0.0200390108130518,-0.0018231029892755676,-0.0076414214275884315
4556,-0.0110232926793728,0.003679942653448606,0.029139337996728822,-0.009755272413585305,-0.030595418271062366
4558,-0.016786249032136664,-0.0016687118385219602,-0.011951368077246883,0.05176912539473265,0.012814874903975745
4560,-0.008009971550063512,-0.016813727859156136,-0.0008310596301474163,-0.01583721161943526,0.007404327405189036
4562,-0.00874033671512902,0.01629527837447465,-0.01963288495539289,-0.010274901647779213,0.029344576690288324
4564,-0.018895143882940873,0.017274678437833688,-0.007598541916825014,0.004108981321902294,0.021740121588908645
4566,-0.004140478687568493,-0.0081730808701232,0.009907176874384364,-0.002115572091004622,0.010868840035786727
4568,-0.006118431154390596,0.01169465723767662,-0.0011736335245353707,-0.003806392456811058,-0.04015962058452798
4570,0.010959069472129938,-0.019314056018394185,-0.0020328399311619213,-0.005319230068634895,0.018868371477673132
4572,0.017888047999034713,0.022746727498150734,-0.010963808180448856,-0.005447235487006981,0.0013538121245480976
4574,0.03399463684113508,0.01281678837361848,0.006013548494886923,-0.011890712876345024,-0.021413652068434604
4576,0.012065896430521143,0.02269696041911142,-0.0019618373788309515,-0.011158717828907943,0.01232693065853682
4578,0.0037001270228447735,-0.00015451018596501702,0.0006575073366542784,0.0037072795817138637,-0.013752212268511855
4580,-0.005415468709898552,0.018727809109082713,-0.005189390873723318,0.0074120234952424705,-0.01297271902495695
4582,-0.020564483332897048,-0.0022736282094419804,-0.007914246212786177,0.014387756239623253,-0.021171830368328915
4584,-0.008956782771806135,-0.013247868338954836,0.00690732856681244,-0.006634220531185986,0.004410000278588774
4586,-0.0011458600752873816,-0.012297074444689466,0.0276169499457304,0.010421739141491684,0.021820141417246766
4588,-0.003722261863779032,-0.009850349470581245,-0.0038448638375348032,0.017162890636385823,-0.009136118880347608
4590,-0.0060782805734863376,0.012381331420546971,0.006123697882628849,0.003952223084324048,-0.012819713236733381
4592,0.01522469598167799,-0.00011634610636752908,-0.00398037971502026,-0.010131278396698664,-0.021670770443992335
4594,0.03473491366520248,-0.024515171603125538,0.011746187245096507,-0.015201081318066237,0.040099535720860224
4596,0.008817124981171497,0.014821765194142803,-0.025540766536801082,-0.008012093047858446,-0.012266186805824017
4598,0.006525342286066108,-0.014455467485605118,-0.003611936653840484,0.014397150556951429,-0.012407873878525528
4600,-0.0018660226031888974,-0.007477452462714107,0.005316532489294032,-0.0156941226310082,0.007941798323243862
4602,0.006271477309642253,0.011532993170896419,-0.0051651985303904,0.009427227793915978,0.0004930476511486586
4604,-0.011414027550997125,0.009810946756889843,0.007615020024968454,-0.01671629179772986,0.009429985054206256
4606,0.0029621611704353573,-0.002589782623378235,0.00872252374375728,-0.02248462019519914,-0.0008452047573349741
4608,-0.0030861020050593838,-0.007891525724620124,-0.008149735859429262,0.005634823247925418,0.006762020286604622
4610,0.013067676794382003,-0.011766472317957997,-0.017710916071623773,-0.022218210574426713,0.039175990011674926
4612,0.007622740050200255,-0.019777397864539522,0.010741125134428571,-0.013383792496547748,0.002512230914164042
4614,-0.0031582168557518463,-0.012714682707346641,-0.015174306726597067,-0.015233608231225201,-0.01478035743736284
4616,-0.01512623277873257,0.006889581089672736,-0.017037709902421247,-0.019516069560136785,-0.024104142104038984
4618,-0.0032973172906929564,-0.005902351718433164,0.00816027835411858,0.02870537438008578,-0.014675467650869845
4620,-0.009420366062457188,0.003221013037068886,0.0023645187265054113,-0.001278816339402216,0.017745018353461973
4622,0.0019248628197067166,0.008180497528127524,0.0030132718635692874,0.011393695607757574,-0.004503088789018545
4624,-0.02153218752865179,0.003566639694733477,0.031608590324065,0.007482371009251062,0.0027971840409523
4626,0.009211868895393846,0.0109658197879783,0.006004398241672695,0.007674030892284157,0.006166814910441293
4628,-0.021666280727667263,0.00020071168037975065,-0.027434415504290436,0.01180734038996291,0.012733768626184094
4630,-0.00028275414812371866,0.009730982949748031,0.00419886746656174,-0.0009073003660431553,-0.012595768910199638
4632,-0.009692517111241077,-0.0085913574635715,-0.00013520388038762212,-0.007806923500095848,0.007370144692352501
4634,-0.0024698029216487453,-0.003036537840875358,0.021615787635725837,-0.04195815073367316,-0.017412660678415515
4636,-0.00879461898714557,-0.0006684635353999217,-0.019973565456574183,-0.007989919759133405,-0.02068445585927165
4638,-0.012156841540752288,0.006094526365316977,-0.015939037744614706,0.01482275453004412,-0.01523239053643069
4640,0.0008962219374700292,-0.016185109780911304,-0.0007386125010334875,-0.023507530012374607,-0.000822301691184077
4642,-0.020829381287070407,0.006109595589589596,-0.006950897662963817,0.0022353589090429483,0.008073327706472523
4644,-0.013707572749019193,0.008916923132869256,0.008149600254281597,-0.01480269370876821,0.007638211334723897
4646,0.006016411583064318,0.0090105756223748,-0.012180649058138423,0.014584402584270994,0.011342118213441959
4648,0.008136107109860256,0.01252363376777641,-0.012269335984387527,0.0004917629790150342,0.006218531170304634
4650,-0.01176257175894848,0.02121882921645466,0.00039906377449975015,0.00119713651983806,0.00914986183416287
4652,0.007266629951701606,0.03616265611338785,-0.01573150415932055,-0.01023874677986225,-0.011389611425544831
4654,-0.02533732738995062,0.022478845060910323,0.03900323986848042,-0.013145608108209984,0.0064335785774318685
4656,-0.013202325086031896,-0.016478739824873023,0.00691394541614576,-0.004148989609056502,-0.002586859355414169
4658,-0.005982025361093687,-0.016404448547779164,-0.03876398686935776,0.01141141621516612,0.006857007519549782
4660,0.018699861444120527,-0.01201339257628791,0.014618285013875425,0.00547695340351755,-0.01638037418789489
4662,-0.00986467715424105,0.01688741491433652,-0.014490903717596535,-0.0017304429218350785,-0.0021174113294951755
4664,-0.009069243478378612,-0.01603122815812931,0.007088642814999106,-0.03246702680764403,0.012514708763340434
4666,0.029185827952493533,0.06096023838042997,-0.01703273228754029,-0.005911510106474753,0.01004008007906519
4668,-0.010347167052453414,-0.008256386311505406,0.012718295214101743,0.01869287515627417,-0.0003637876810168596
4670,0.022187566621886808,0.010062337695631161,0.008845112717487436,-0.014922176361812188,0.01480365414970067
4672,0.003909571098717806,0.0006573818364491274,-0.00985921589499839,0.005428023873405489,-0.010040879400354894
4674,-0.010394266478022744,-0.001180541507416504,-0.012723835460140437,-0.01642875154994276,-0.002698269503044093
4676,-0.024292046201195818,-0.0033900181013571022,0.00024381227954250843,0.004669315149299715,0.0072467136542419255
4678,0.03754628660761861,0.02133546021641121,-0.02039855571737219,0.017105315079009142,-0.005515183449847041
4680,-0.003236786764720524,0.00275335575012226,0.005027199338177241,0.001741836055753329,0.005326770352279969
4682,-0.01892355216148735,-0.004842213427026664,0.008153040131295858,-0.005199722557293344,0.023346450618947398
4684,0.018658969442904617,-0.0014056461273231201,-0.0009087624411439928,-0.010335079200415806,-0.02408984620913902
4686,-0.0008153971591761362,0.004633148065249866,-0.006840630098981387,-0.007211508414652352,0.0060923563359343
4688,0.0025570798260896956,-0.015332436992089828,0.018959193570104192,0.015732083002709556,-0.017846956283827667
4690,-0.03179292274035077,-0.0025473568309881812,0.011559427708096487,-0.021288708514183453,0.012885741350907554
4692,-0.015409531068633213,-0.016248301213970202,0.0021417416240180403,-0.000820619187337636,0.007978506386230495
4694,-0.01359685559797302,0.010224138704931463,-0.013644798781025667,0.012416322525076455,-0.012674715787702535
4696,0.0015030308906109093,-0.020439947737787647,-0.005540912207009052,-0.004740426761578159,-0.015709345163661945
4698,-0.002560744424422443,-0.009380629776446688,0.005514880198412524,0.0014149259045392359,-0.0002502011081528426
4700,4.463237205465187e-05,-0.010962382974912999,0.0017519068796995234,-0.0022993147580921153,-0.01620206917451878
4702,0.004345823100220843,0.0008849930578447192,-0.02352386345960812,-0.005329111746800046,0.007205262185107722
4704,-0.004220938694987107,-0.006886895156892793,-0.007774626651235296,-0.00034201475093900545,-0.0005999619633155402
4706,-0.005029064941461996,0.007716409421416893,0.003926610126848877,0.004370040743115984,0.014736755206020233
4708,0.027867436222347348,-0.0017478762506775922,-0.0131033055282249,-0.02020295148905546,-0.002260342969530505
4710,-0.015560282570841,-0.001340508958494435,0.0053797410674615515,-0.007260145538220716,0.0033292221007092597
4712,0.003234952471442818,-0.018221859993529425,-0.017864474628933903,-0.004187256800593433,0.014658377658214004
4714,-0.015832430430537826,-0.013691293562357987,0.0245587456461066,-0.00623356897895865,-0.01852139831415011
4716,0.00030385516319427874,-0.0042855136845180285,0.01051272389367607,-0.019468078019845066,-0.002473843281358617
4718,-0.01083111134707135,0.000569654964868831,0.01835043396394136,-0.0075595872152357324,-0.012400638276288331
4720,-0.005430974375183252,-0.01909238615405292,-0.0040223307919742225,-0.0026021430149445915,0.01013895639375397
4722,-0.021515524881431398,-0.004642362676442528,0.0024083349635248895,0.005307289475524963,-0.00024082830744167114
4724,0.020876859999524454,0.010778362839169194,-0.016738999872369507,-0.03712965324399336,0.003982354799213486
4726,0.00934704966120978,-0.005736645587121034,-0.026013813409536204,-0.01348345449264339,0.003131184878935812
4728,0.0022623592623511805,0.01890903602971825,-0.0004522918472323007,-0.006073141790175444,0.013869877025905345
4730,-0.0025877560331167724,-0.011362866788594264,-0.002269437792611575,-0.007924884670272966,0.019489230515021536
4732,0.005400746160609317,-0.008514681449433048,0.002578769830208837,-0.017227788118155545,0.002846747946090869
4734,0.002611219688408737,0.005112817415502449,0.00604159283292156,-0.020035691210751258,-0.017400320255490608
4736,-0.008014222820132559,0.017110434597632153,-0.009704137484846144,0.009873401796894781,-0.006582545565825587
4738,-0.02649285973573739,0.0037590954273564914,-0.015930570764252177,-0.003548690121370751,-0.011066017231233332
4740,-0.005174544424932337,-0.015412443296742918,-0.035440877545350025,0.013614974904998729,0.021453293565664288
4742,0.008300460873109546,0.012365745583051225,-0.008514320484382363,-0.03248885819628112,-0.02556651635054447
4744,0.024114721879487912,0.0072783560357315685,-0.015269128214048518,-0.0033741186863722517,0.011840652579749629
4746,-0.005436520592400215,0.005239758765781583,0.01682871026268269,-0.0025773787101349105,0.009547263038200108
4748,-0.022584352636890147,0.004714270556691229,-0.014067465293203353,-0.02455129191909571,0.0012605547876809447
4750,-0.006690078746288673,-0.005010916086386997,0.018877467166647868,0.008430111453972029,-0.0003712782997253791
4752,0.0006438445633156787,0.0028116343211172182,0.017702518203520975,-0.010927761920524528,0.011911172530193736
4754,0.0035016475580286095,0.025647588715516798,-0.017148145696389196,-0.046635888304329964,-0.00488455802399825
4756,0.012311222790916657,0.0234592037648167,0.033082687341504574,0.0009894963733826313,-0.014324164672824475
4758,0.0007040359663221283,0.0012726206615203918,0.008661876020668386,-0.0033080017537011393,-0.001217784057168889
4760,-0.014939795287359415,0.014512964163091058,-0.008296651438202185,0.011587436538999157,0.001532482620793689
4762,0.013175054766829139,0.004458544461803871,-0.0039022628054939737,0.014480337331465086,-0.015175620454398847
4764,-0.006914379833540167,0.0019809385802077657,0.00014895613920912586,-0.0020565539484252043,0.004676933284157769
4766,-0.011805383716695872,-0.02398976428687892,-0.005284458599085528,0.008969104428577806,0.009142156978104284
4768,0.0461261090928377,-0.016073393351495917,0.0016757375488863908,-0.0032318933081035574,-0.021818344512974878
4770,0.00630998421638094,-0.005041819454880999,-0.01739394960856171,-0.01710284568879845,0.009262475469580702
4772,0.010422769541017455,0.003101510491519623,-0.022385973985978483,0.011832010967774908,-0.01630084469636303
4774,0.01132245882244655,0.0026780515048366142,-0.010529558156657239,-0.022221831432955766,0.007777222315250219
4776,0.009000019459425145,-0.0010114534427726621,0.0006637580334907604,-0.01223526819299673,0.003919407655495651
4778,-0.0014763295158946009,0.0019091925305939606,0.013547774685129592,-0.007696071591297966,-0.03036682934019881
4780,-0.024257746784083378,-0.0031790728790071243,0.025755607389758465,-0.0060945570305401195,0.0052792408258673235
4782,0.00945080943271091,-0.000385657361722851,0.007608195288192057,0.003501784504432391,0.0007777683127332963
4784,-0.03255659696733324,0.018947825103315098,-0.0019294045313076645,0.006128224024272566,-0.008249316670808079
4786,-0.015836749140630976,0.0213701334037401,0.01714839322378682,-0.025041214745886397,-0.0010910566576016877
4788,0.016050217048711356,-0.007201574794955456,-0.00674425684963106,-0.016612259808411516,-0.0056876192291052214
4790,-0.015333044747741392,-0.013586581072056037,-0.02180776875635193,0.02275676017529425,-0.00020737387020622585
4792,-0.005665156517009891,0.0004858248653795864,-0.003459799134684969,-0.0014696764704469978,-0.028939327165864885
4794,0.002564643367155573,-0.014208868461555292,0.0018008705608100343,-0.012778829707320067,0.0025980840259620173
4796,-0.021168761568042743,0.012565670527888324,0.004954790459959738,-0.0010420698472824077,0.020205248755841218
4798,-0.011172580531896105,-0.0015981695591254714,0.023902510460303433,0.01242573607382234,0.004298103981065588
4800,-0.0034583379946624177,-0.015661027793167727,-0.006762744541590491,-0.00704259333771648,0.017433495491773678
4802,0.02182082291227386,0.023052953860303104,0.012641635709624937,-0.008153846739902468,0.005783419703713127
4804,-0.0015730070549596267,-0.003998044419638437,0.04266662621524945,-0.013415458908755977,0.006959911943417997
4806,-0.027414493186052574,0.0011163996007590958,-0.009545131614010759,0.0024835856482284375,-0.011997144222704238
4808,-0.027294000036771526,-0.016743231178973805,-0.011415155044126338,0.040504993208289534,0.001118447704620086
4810,-0.0019000725059772103,0.008210609469200485,0.014352706663583984,0.008485797895907905,-0.009348998959033744
4812,-0.002700837409528794,0.0018285372838104774,0.001480233647128269,0.013183511582840325,-0.005286506431104996
4814,-0.0034464200119543897,-0.002580700183546587,-0.029701179120157024,0.009489721004576481,-0.0005076135892313188
4816,-0.013601598466533402,-0.012622974357103474,-0.01610363123844123,-0.016755532729822033,-0.01034996637592306
4818,-0.011294858778153227,0.005743801125878481,-0.0013694643964582548,0.008277381341631118,0.0009092346789281125
4820,-0.008245303306802693,0.021250048314798282,-0.015170394541138978,0.005562619076981388,0.0024062737861328806
4822,-0.028821051615856953,0.025240861597583215,-0.03422856344235251,0.0016068255641589633,0.014266126456136884
4824,-0.013885320469194853,0.010023836780140573,-0.004879752409296866,-0.0022183074330106795,-0.0018216255587342597
4826,-0.00025585592983247467,-0.04170719673187655,0.007468731479471749,-0.006869027612986679,-0.008554275095369055
4828,0.012764089962898822,-0.02629232474850835,0.014495263475644777,0.014033920608886865,-2.7374185844096354e-05
4830,0.0032611735560571075,-0.007278833347013596,-0.0028937196116615702,-0.008650385224225387,0.00041327955644997297
4832,-0.005604908734159359,-0.010664963832942896,0.003267090187550193,0.01906571267740041,-0.015356099435413202
4834,-0.005921866180549811,-0.017461562992439644,-0.0005109683139832877,0.01703103164718859,-0.0027045460534515647
4836,-0.01470847051144932,-0.014532604214249765,0.0021604085926134856,0.0006635916642271656,-0.0026701856234650945
4838,-0.014193532404326772,0.0008651099599434187,0.004954142561045337,-0.006908574055284644,-0.008887409183828394
4840,-0.007898581681613257,0.008444403038293295,-0.03817716434171237,0.01766914894714853,0.015441597846349001
4842,0.002304544120006144,0.004545222093043245,0.009865064622386243,0.008899550159022796,0.008567765322111683
4844,-0.003527353337053446,0.007136289848441902,0.011222738260220206,-0.017693307636957804,-0.017650927000860125
4846,-0.010639240132716691,-0.01431594910498379,0.004653194182417148,-0.013609811340298376,-0.013213394298245407
4848,-0.01393716849036739,0.012976071353171414,-0.0010454863911435097,-0.01786901571817212,0.007298489276234542
4850,-0.019826150550645683,-0.018190785829674923,-0.005339326204623902,-0.01751117257115401,0.015097303142361131
4852,0.016293231565367848,0.003970967292039548,-0.00046644467333661226,-0.001453285715330066,0.007261782218270754
4854,-0.002298134274184637,0.02430194344164813,-0.007162901633775831,0.0015325506864330722,0.01841280068064115
4856,0.015978595312426413,-0.020413683131892034,0.0069548124372185854,0.002359038300102113,0.012151461606455125
4858,0.01794559284266445,0.014144272586356884,-0.0008350792116393912,-0.024712494585229984,-0.02289335270299111
4860,0.006261416531769609,-0.012955371880445411,-0.002482342151838449,0.012872690819723788,-0.014525066319623192
4862,0.01511406665345504,-0.021839829785658165,-0.012335231724130927,-0.00381885759498984,0.028748516979300576
4864,-0.011842818005091372,0.010523566316141701,0.031120154604761432,0.001337650818612687,0.009179632537126722
4866,-0.0009815294626092028,-0.0023537619829034867,-0.012492406844269433,0.007478601611695386,-0.005697299609002123
4868,-0.012190664034252847,-0.026873682720435936,-0.0016136247152801044,-0.008353195668053735,0.009686107667055077
4870,-0.0250662496704849,0.007278697666555119,0.005790475487541036,0.010597673787173143,-0.025521738384382046
4872,-0.006570757390367276,0.022227204211523115,0.0017029995780963154,0.006177271177459878,-0.0025727010989766174
4874,-0.014766994741829088,0.0020434351166393797,0.011633421118821442,-0.005217096554542171,-0.004467531097133711
4876,-0.014960170170568467,-0.007257205781268655,-0.02133369048813056,-0.012184502788099183,0.011528729908306492
4878,-0.013819729703075491,-0.021516240967450927,-0.002646182814554711,0.009623159141202155,0.008084185896214622
4880,-0.004530742033276895,0.02583500339038617,-0.012113459835407988,0.007790274567314568,0.021677607949093337
4882,0.011415058002544474,0.011172154192440832,-0.004465292802016826,0.012037407279944302,0.024662753464007803
4884,-0.014716635327512745,0.02167362182049625,0.0006035446467381887,0.009035408452186339,0.011109010659190746
4886,-0.000697091129536957,-0.023406929111089395,0.03209326790220161,-0.018202244226723657,-0.018188420501708952
4888,0.004049782578055958,-0.010320429452490504,-0.0011385164968587065,0.017699326650972468,-0.01794927926986189
4890,-0.009698401830567744,-0.008707261663887855,0.006399128782093755,0.004225308534779548,-0.008368786819949282
4892,-0.013454493612648034,-0.0018797624581044917,0.012126867854812843,0.0013809731992614302,-0.023111439853783437
4894,-0.0026204413440143732,0.0018945578459430125,-0.035117327136231155,0.01921229918391009,0.009771178681241445
4896,0.0036555474252257707,-0.0032603382871225052,-0.008140498836565051,0.0003217576933169508,0.0030277624011996783
4898,0.0006452231581807428,-0.013021054402484671,0.028161641694730812,-0.0031130182919216873,-0.010332907784485925
4900,-0.0006843028986158455,0.0018719614091184849,0.005418306108000317,0.004086542261329658,-0.0070498256388350665
4902,-0.01637210616729437,-0.009466325782453646,-0.0013136012761534365,0.014768792325001515,0.0021400500934572143
4904,-0.012327635395988365,0.00040752246502039557,-0.026284723302801814,-0.0003397855172406437,-0.0011725609405943774
4906,-0.008479131741270197,-0.02009199777536109,0.010903437114612233,-0.015890857529549423,-0.0024370137792353477
4908,0.013594141238195622,-0.01757913345144869,0.0004039387770839608,-0.006918050084428052,-0.005210917535922069
4910,0.004333358164793436,-0.003498504746880708,0.01043210596169124,0.001986097172885286,0.012666176410377105
4912,0.014661551053266518,-0.009219422762659695,0.006736256902930026,-0.02644491266100357,-0.0102789338075958
4914,-0.014320924566437764,0.0007359028528414074,0.0033555581532286193,-0.009498639986638373,-0.0003024082616829112
4916,-0.01690741814920391,-0.01049705899783562,-0.003435177399141116,0.04298262605236763,-0.018460840928034777
4918,-0.008110400978141336,0.010493301788753417,-0.017244199775432935,0.013521078535109605,-0.01853864622491199
4920,0.00697653593375749,0.010096285771731935,0.015539108004059365,-0.008103563172477967,0.0009466896680067112
4922,-0.000831667026194116,-0.006364306923260897,-0.020232450639920845,-0.0053403571762788435,0.018141937970430178
4924,-0.0031709777744023627,-0.012333936065040484,0.007880117875439449,-0.008634352020772344,-0.027784563190399927
4926,-0.013196011952825182,-0.0001262084458546025,-0.0029628555251648664,0.006278904813229104,-0.009557790620885095
4928,0.0026934927043252336,0.002629980095207228,0.018405975290541977,0.014307971270830484,-0.0014112280954521547
4930,0.01263352708192069,-0.00926510872549213,0.0032245463414457168,-0.007150914955099172,0.028191371108759772
4932,-0.003247079993198576,-0.012225226777528344,-0.022033905444145692,0.0010130014286897184,0.019860486592572058
4934,-0.023999796935618375,0.013806820357997672,-0.0016387925371954435,-0.01333424223990489,0.006350472436428294
4936,-0.03119075274196314,-0.0011835050900935078,0.000733342974846203,-0.02540986346336106,-0.045207773898365805
4938,0.01660753899345242,0.004256335755865088,0.01580521349056225,-0.002040976908613524,0.010736193495563455
4940,0.0024710511666306365,-0.030858107733602723,0.004759583365446798,-0.0019698819802750098,-0.010762882194763675
4942,0.032461772205343895,0.0071650212824053375,0.022531504519817985,-0.014446075709735644,-0.0076783231849640084
4944,0.007755231272390973,-0.01000927883047368,-0.009191611460017953,-0.015579327199004912,-0.013986103935654536
4946,0.0005786136055955443,0.028796796138104208,0.01660233477472178,0.005117201881379668,0.006759023981131562
4948,0.007984350606823646,0.00483052965253665,0.011479930967692968,-0.018168093245602604,0.016177991484577933
4950,-0.0027305636578257558,0.01707253568794598,-0.004509748809132963,-0.0097607548473051,-0.001269943588240863
4952,0.01763288668131987,-0.017271043261627903,-0.010068578869121072,0.004376081720488212,0.027138523554607847
4954,-0.02081596029267172,-0.017000845381153935,0.029397704734065257,0.0003963440170021936,0.0030805054788155956
4956,-0.015107278518545342,-0.009396780643682634,-0.0037513160305767328,-0.01062806837933676,-0.0070309701272410095
4958,-0.011567618940067642,0.00895330649090071,-0.01387342405479172,0.006371085701511925,-0.01845130194667322
4960,-0.0050160179767175204,-0.007156369355582377,-0.001751088944806978,-0.04035765330341962,-0.00011584050984877401
4962,-0.016614257278500525,0.001248029027972218,-0.00511967689551093,0.01376088254408041,0.004602634089560351
4964,0.001526241001579361,0.0050325335257913936,-0.01665070028165968,-0.011451932106754787,0.009193062549700419
4966,-0.002030792554185049,0.01955266063522696,-0.01836050250045661,-0.04354818270770776,0.0014269186714151443
4968,-0.01070166362361747,-0.005168947245387782,-0.004675210847475097,0.0038912219572038737,-0.019607665262275153
4970,0.008818825961115405,0.004238654591205108,0.0035023648592457423,0.00882492476502314,-0.012333574206910846
4972,-0.018448904252787206,-0.013032133464989598,-0.008801713124434656,-0.018160412312207875,0.005047315991431824
4974,-0.008862944507545906,-0.005225339818649207,0.011436856997662297,-0.001325821176297098,-0.00778212117455516
4976,0.017200973998264268,0.03110039375529914,-0.02196542180940324,0.004436540518468055,0.013737096027229997
4978,0.009364490947473858,0.009372272742834519,-0.005560822416641076,-0.009147327937906019,-0.005179686721972534
4980,-0.005657093257250834,0.0013095424499010697,0.001221906566611727,-0.004978143687557386,0.0008400988450530253
4982,0.016036566427041033,0.024885686355203454,0.0034755729940590657,-0.01862245980389275,0.0029440200147818943
4984,0.003271618314949064,-0.0009645626183662903,0.01201338250871694,-0.00469340961216398,-0.004664850313838345
4986,0.006352332679215011,0.00022545544467032972,0.01258077042184452,-0.0034224687031290573,0.013219473747029703
4988,0.0014812318812614297,0.0024599741220172363,0.004932294137513922,0.010145539060245356,0.0043016034129343085
4990,0.004070142689862458,0.011907324105179614,0.010720036879354402,8.973868252548806e-05,0.031137608366637138
4992,0.007907431481224922,-0.021816288426051367,0.0034175855579701244,-0.004579861948144203,0.006748116560656313
4994,0.0020643968037789375,-0.0018267327020458986,-0.014563567151757858,0.02779023925023217,0.006094332154360404
4996,-0.020643837297787494,0.04595301780800466,0.0021030365005304946,-0.012602164698309153,0.0012583859857928353
4998,0.01176274818226951,0.00018296704837090122,-0.0037505343153515537,0.005944062814037572,0.004704326972183897
5000,0.017223822004767887,0.011642584965749183,-0.0006030535467322008,-0.007575795602587219,0.0041254375811204105
5002,0.023522715868544125,-0.005451389229383158,-0.002815051800160003,-0.014156585982406569,0.0021270907692928645
5004,-0.0021786495118643417,-0.0030939388954040374,0.0143766589279616,0.001569381245586712,-0.003045911853168641
5006,-0.010183017604303981,-0.012964353421970908,-0.009083506362608384,-3.774125617923948e-05,-0.01236909379084243
5008,-0.016447292861403923,0.014516159295619615,-0.014756125154824287,0.012944040517075137,0.02131972781540211
5010,0.0010746142417011808,-0.006887160291069754,-0.013038871623822352,-0.0049345810641294036,3.382040903441707e-05
5012,0.006468458995587428,-0.0004288345074193431,-0.009591738013678802,-0.005835914538614786,-0.017507252967205345
5014,-0.0016766487564949793,-0.013620034486276009,0.020378554436028318,0.02371094432728242,0.01468537289447386
5016,-0.006739226187576236,0.017036494677018427,-0.004132316826628521,0.008327585304162964,0.010736495224375366
5018,-0.016936951351979278,-0.003823571625830751,-0.014088896230592791,0.022905115949317136,-0.013350028731036608
5020,-0.0003475339253790076,0.0033300329501200947,-0.010778557102433781,-0.014489982392357532,0.02151889343007041
5022,-0.0018361563496979338,-0.008747744109911176,0.0010821912389686805,-0.004616082363065808,-0.0009886881822487434
5024,-0.006031254496414889,-0.014223941620237103,-0.021158148244775386,4.038163574750423e-06,0.015623886369177598
5026,-0.009162962193715008,0.005028331664423442,-0.02394522714373393,-0.021350220663137732,-0.034272069551646335
5028,0.01202223192453264,-0.01223886744643445,0.027179105836682697,0.02087994231265656,0.0023376629593661294
5030,0.0007018472204717922,-0.01304516187767868,0.0020717182219193,-0.03844535882049385,-0.001305462038686621
5032,-0.015457195053663619,-0.02363748667565998,0.012404280624674736,0.004812111258448258,-0.000310332674571568
5034,0.0007621566323561177,-0.007270972231939587,0.0185330396414121,-0.012495990669478669,0.012984909634224133
5036,-0.0017956981575310926,-0.022362554279711944,0.0005172375632714193,-0.009024331479166179,0.0063979206367669435
5038,-0.008068662118599397,-0.009071233207779614,-0.0031962017490420264,-0.02166890386473044,-0.019506983241821416
5040,-0.00576178524151114,0.001998259508337199,-0.00403391098945328,-0.00329072145376434,0.009893280155810888
5042,-0.0008663788317061782,-0.00697898846436489,-0.008981052715035475,-0.027758928776760474,-0.0028632311297040495
5044,-0.025104286322704894,-0.024699673416998,-0.0042523059904631426,0.004085953333676642,-0.0031143100461953907
5046,-0.008290558160543096,0.013971879664367822,-0.0033117784117972873,-0.009102024776062475,0.0095418719130834
5048,-0.008557755971546588,0.006782537879211051,0.015484861090278782,0.021669419136736517,0.024039322470039898
5050,0.006476484311772324,0.039634691958913434,-0.0021846430042175885,0.027802676083438546,0.022984303273391647
5052,-0.003472470591525111,-0.012614591677853518,0.0006611429964005232,-0.012435194990271535,0.008540651333926964
5054,-0.022321011395372962,0.030005697364997416,-0.01777461819765196,0.012856587018114667,0.0041766508448674395
5056,-0.012536984455873566,-0.01807795638858362,0.010932023356359885,0.005527200868357132,0.032951603623966215
5058,0.0009840927082620068,0.00529882346195734,-0.01735724825755911,-0.0026583430427760766,-0.01281892785519394
5060,0.007742471635206555,0.0032984592979687457,-0.017413164048555165,-0.003344008128364788,-0.009083800329607046
5062,-0.019038421720629778,-0.020351855135273253,0.01874664576324202,-0.0021186612996706156,-0.026131554264599326
5064,-0.011511436513141637,0.013001784896679911,0.011205841694598585,-0.00809709954800987,0.0025384786400092286
5066,0.016683731765614766,-0.015351528520622172,-0.018906356037909886,0.004750620894172852,-0.0043503112488869344
5068,-0.002116243257449369,0.0183916275039732,-0.005576591828101224,0.028660737977991423,0.010522953647358608
5070,-0.007454265102590713,-0.0007986277079446833,-0.004585059916435948,0.009023957799884335,-0.005803857608787284
5072,-0.00549901327868695,0.024101927678155673,-0.002447520953008007,0.01813644557685445,0.012626479593412565
5074,-0.008362406847103904,-0.024280707783279946,-0.01423626253689844,-0.016115505616063234,0.0007989259216687321
5076,0.0022839439186149685,-0.02111453491274825,0.0014433663438233862,-0.007665400879912646,0.0002090108279165333
5078,-0.02696061837557028,0.031557563443565494,-0.021851360636831955,-0.017714794242625353,0.013608339641502576
5080,-0.017730841407353422,0.002578539363585301,0.003625392206092357,0.0013764640300746047,0.0025615402307705842
5082,-0.020870227165636596,0.005186668664031806,-0.0015553277201175132,0.0019138883342162576,-0.0020426598223907376
5084,-0.0038257551303655943,0.002628311722183617,-0.01746557186340474,-0.006772944527028925,0.010694359322422482
5086,-0.009810966904199497,0.001085233070204002,0.0038125376182857255,0.002825634662705679,-0.023676413854240425
5088,-0.008102365401032747,0.022593190874557842,0.0155105219862419,0.013543891001043838,-0.0033149129842235175
5090,-0.008580621399097288,0.0014351569251601125,0.01950036346426364,0.0030140959183543575,0.03918106390483139
5092,0.005469844424475321,0.021294433368533552,0.010089253537785111,-0.02767803454479809,-0.014282221852538848
5094,-0.00784752900799089,-0.0005643581813984418,0.027969385429913878,0.0041657711323748745,-0.009778447014947508
5096,-0.02054745393022176,0.021541295879073424,0.01098149198585306,0.006948921044820964,-0.004471410439367193
5098,0.006907712516134871,-0.01669373764518985,-0.017554625954522857,-0.030486540764284288,0.007923921185571529
5100,-0.0009354311208058176,0.005928981815877657,-0.005765164669601055,-0.005433195979147343,0.003434563726506022
5102,0.020359542157030435,0.013668086037514423,0.001853750108978095,0.00912983968459731,-0.020229145118285677
5104,0.004464526275708208,-0.007787019797147461,0.0030756875780359578,0.016421883072592253,-0.001825702572002138
5106,-0.010898350317873609,-0.010346522915253425,0.021041012201328733,-0.01584265851000051,0.001535740711120892
5108,0.0037572071887830663,-0.011753560456547888,0.015671033962220464,0.009910093421994559,-0.005778087776035205
5110,-0.015314859210170416,-0.0163116423623274,0.009629820491769275,-0.01902952283069307,-0.0016462363603441694
5112,-0.002108240205950054,0.01279662673274025,-0.004342833767090262,0.006590536190945866,-0.004634833274097007
5114,-0.02735604168477251,0.002728091398059208,-0.008977530270479872,-0.0016191214061800519,-0.005499161201064612
5116,-0.0015783097078981285,0.020141044452624907,-0.0072792506160273595,-0.00691217832672248,-0.028579270502951983
5118,-0.005270371990015896,0.00252112517464245,-0.016880064342776193,-0.008727471208935743,0.0236947372404985
5120,-0.009531842580017543,0.00041328062879087524,-0.009084238566993275,-0.017717238219785523,-0.013833507983256884
5122,-0.0323968455450613,0.018238086181302564,-0.025972307454462926,0.027023952974287987,-0.008302477486660602
5124,0.0043610855181096765,0.003628756312471532,0.018636246153596662,-0.015134939175931235,-0.012609785119215925
5126,0.0020418569611919714,-0.012206020696483758,0.03335505342367208,0.017788363214769985,-0.02000796692626187
5128,-0.011822113194274996,0.01313151762208729,-0.007797784374169311,0.027570431316308906,0.004956126353439968
5130,-0.0016434018883617733,0.001334906499939531,0.0038376468741558767,0.007108083455054572,0.0022052030135523725
5132,-0.014222092575578748,0.010147528266632828,-0.008672439888675164,0.031172261513368306,0.023387823713773938
5134,-0.005614176329906611,0.002316539125712877,0.0026922058035435633,0.01161472678338838,-0.0013452933726604403
5136,0.00430320410602785,-6.036178125730859e-05,-0.0029150680107668148,-0.01187180509894905,-0.014680763330990531
5138,-0.02814168485096101,-0.004908633453154869,0.010625726613282059,-0.0006062333103194021,-0.005318198458179038
5140,0.027911536732590763,-0.005123911572245439,-0.017284931867221555,-0.023478073309829144,0.026983898732006857
5142,-0.013719693621235922,-0.0034998929934257823,-0.005616870235122275,-0.009420635857358027,0.02008106799780036
5144,0.0005430121882475978,0.00012168467699045898,-0.030675554026699997,-0.011526135094037068,0.008816421828113244
5146,0.005134290885100069,0.013984275811750971,0.03108157978014487,-0.014891463399824743,-0.023656616275597796
5148,0.0016631220690125673,-0.004981031219854974,-0.002669925162041068,-0.011968509802830412,0.00818754579742069
5150,0.017078920855588042,0.011643802696531648,-0.00491619913588142,0.007403049543439202,-0.03760590757531943
5152,-0.010242179758279306,0.020665817841069797,0.0051506841607676475,-0.015240119083053923,-0.007264566747805302
5154,-0.0012181075374110824,0.0111235723568128,-0.01869358570990158,-0.0020420953479186065,-0.0035631786424397934
5156,-0.0244861711261866,0.017295953511695238,-0.008716238146465133,0.028737752318328487,0.01625808599360689
5158,-0.004907667238606006,-0.009970456121073848,-0.0019945620395081724,-0.005949086146903856,0.010685732557194525
5160,-0.028096613076651157,-0.006118232032735538,0.003949198491520031,-0.005836288346666869,-0.010257969017839916
5162,-0.03398882384391419,0.006471228737467805,0.0023106666834833167,0.032893020086676356,-0.0021890048974238584
5164,-0.011492305032380181,-0.03124969948492421,-0.0053504604678919305,0.005010449340572131,0.00946278271224056
5166,-0.011517798851753865,0.005748118268602179,-0.0007496312827090515,-0.014866451773471474,-0.011934827726562172
5168,0.0036393794748559266,0.00695969257630601,-0.008070380654293288,0.0033196117808489043,-0.016491159809086844
5170,0.0009079756125990911,6.020502795199183e-05,0.015263586268374292,-0.009456009107914982,-0.026747717240763306
5172,-0.012325790985016332,0.0001131521268212915,0.006294662985790748,-0.005102773092451549,0.014881915061393509
5174,0.0013486022957950423,0.02867140854766854,-0.012320748067515723,-0.009700909348670626,-0.03131353688306553
5176,0.00026301641240422663,0.028676966037381284,0.005190897231294494,-0.004096720963880499,0.010816321783237519
5178,-0.002034267683569321,0.0044905697143827455,0.0017875960258014326,0.003389681383090092,-0.0003753869891073689
5180,-0.0015757996334508312,0.02477047092795495,-0.015607959975950348,0.0006637024823854519,-0.016341846800813124
5182,-0.01162665491835435,-0.0057484956671564474,-0.022350517651460487,-0.024474964661414387,0.0020221097863479327
5184,0.003742869204768634,0.010314045516825271,0.010886288561903315,-0.004366123730359119,-0.014200062670854137
5186,0.005247035464901131,-0.013695578977598766,-0.013179509849878623,0.017295157255411905,0.01716040776500099
5188,-0.020934421883347282,-0.010767751845048634,-0.014041631498132461,-0.008358906730710606,-0.01775361145066845
5190,-0.02188683495098779,-0.0003360677179412154,-0.005802344225362072,-0.012019519714943801,-0.007970710790475446
5192,0.03261209196300704,-0.017489890069312657,-0.02422928800108635,0.012457054575262316,7.497828162328718e-05
5194,-0.02196638513442882,-0.008436076270424002,0.04145122554945834,-0.0051469043691896475,0.027179097721577075
5196,-0.0023758283087895854,-0.01064240795882149,0.00791163648591927,0.0035649207441557375,0.013441095320933606
5198,0.025762842831253983,-0.0046185925451276855,0.023489474410812523,0.01340500525872814,0.014740790311474017
5200,-0.04068586772935631,0.02038634867257715,0.0022590721188745526,-0.006798618367600002,-0.0037123265300195722
5202,-0.01973732701811239,0.0035352306580256044,4.72743797415985e-05,0.001313518107880746,-0.004148956638276502
5204,-0.010808568463229777,3.2436458854784233e-06,0.011344522445267497,0.023435604037960685,-0.004458878970134165
5206,0.030766252607583516,0.01282840112436783,0.012304961460935827,-0.02584335175820523,-0.012198440659120888
5208,-0.0058106253516990005,-0.011597216308809598,-0.0037367550932341704,0.004352087448391683,-0.025929113210296117
5210,-0.023476252563684418,-0.005992083527981318,0.0005354901773831253,-0.009698431943284132,-0.0014292455199775686
5212,0.027923815839272965,-0.00022260601074962388,0.03499441266087931,0.02100901836380402,0.007760491165135845
5214,-0.008980839088366676,0.012888355449432643,0.019507653294791448,-0.02275648293225547,-0.001134153798802173
5216,-0.013368816337503893,-0.004043376322656217,0.00912675850941132,-0.0011243736764541819,0.03256823458237409
5218,-0.04178064178940797,0.013597338708871717,-0.01840219666110566,-0.003981122027661793,0.021966506682017644
5220,0.005423843198070643,-8.608381353082311e-06,-0.010074310978000277,-0.0036270375252809447,-0.032303647569795556
5222,0.012750694507161875,0.02544546900199634,-0.01264315307978468,0.010093628623428368,0.026611636379719365
5224,-0.0009157797596209967,-0.010947370320160193,-0.024522473581554204,-0.0218042823035902,0.016356978673160893
5226,-0.008625632689624425,-0.0049449568616699024,-0.023788595521896636,0.004095421741823616,0.013042158945487457
5228,-0.025643517623757033,0.009344521741116375,-0.009125986447019917,0.018708704312499647,-0.014705749887806513
5230,0.007583979060651303,-0.010947151333166346,0.01612894039396009,-0.018103505496275825,-0.005625401478843368
5232,-0.009125690408004792,-0.0005131222340283747,0.006462306091512417,-0.006611343194267818,0.0001274556708274185
5234,-0.010144698072158587,0.03727281176017522,-0.004570127495394175,0.0015820825742953418,-0.01679669686200221
5236,-0.0071925555824392876,0.0050473087433676525,-0.007070475982903354,0.01012915294918331,-0.01170128194900655
5238,0.006411410512127715,0.012035010223912275,0.007571861606450607,-0.02395435821337485,0.021110489812715773
5240,-0.020531057993754355,-0.004366056969779326,-0.013529423745875955,0.010558291139777421,-0.007672668112770004
5242,-0.013292976426734346,-0.019263625289860368,0.0013104291705479717,-0.002064766334377896,-0.001519757018184697
5244,-0.014408587320465247,0.007552371808197473,0.01115889862547591,0.013198364963682051,-0.020551323650951095
5246,0.0064072436965499245,0.004384630222962749,0.028588431860174436,0.006824992993273286,0.0033104637239294355
5248,-0.02513693836748094,-0.010136006480340317,-0.019896134647624256,-0.0023788916438216836,-0.021673060344355025
5250,-0.0120081072428172,0.0053429740403125965,-0.0007979515201369939,0.004148653105761194,0.0006375362222661213
5252,0.009454216451187145,-0.0053078500416965145,0.0036791296935072787,-0.014994076818003637,-0.03735939682451287
5254,-0.0037409310407500477,-0.008799193077063859,0.03836233404223595,0.012599973793929726,-0.01986631301330621
5256,-0.002998062787578907,-0.006937808182722294,0.004729937802793326,-0.011691057009279113,0.012500569448186246
5258,-0.02765461436548613,-0.01449320329104968,0.014356546685534377,0.01576472637847547,-0.037819213823603516
5260,-0.025127847151766337,0.005124741588157884,-0.019401687218992523,-0.019378699814357452,0.016255238395030396
5262,0.0065950034965524445,-0.009722042845124235,-0.010030371394061901,-0.028291702004952114,0.008497249762520694
5264,-0.0072978367513696655,-0.02196030947087508,0.02155119064283132,-0.023719620795522305,0.018432827059279115
5266,-0.004088331157381928,-0.018125065026121337,0.003583278058475314,0.0015495999456460934,0.04141581074791842
5268,-0.006532646847243209,0.007631174344204892,-0.011630609514968613,0.011019693020855582,-0.005098183107979077
5270,-0.007062541756311652,0.00860224838959939,-0.023777299525146345,-0.0010794485791352298,-0.012239382120439514
5272,0.005339828772242268,-0.020115807532446222,0.006612244699145527,0.00500740092096194,-0.040154044235627
5274,-0.01091957321810209,0.01406132123726348,-0.005280708218081236,-0.008583336975556006,-0.01530340147199302
5276,-0.0036861587350138125,-0.02889419844329088,-0.007998977883198146,-0.010368163616977706,0.009951214962074842
5278,-0.004586000223353004,-0.014523024341003611,-0.00747258791039992,0.0071534822007446805,-0.021630856954908736
5280,0.0015978936858754265,-0.008080801019309044,0.0020006027331052065,0.006072584785581681,0.004209801909009098
5282,0.000299945367040821,-0.004774320381672582,-0.001736111375225463,0.01795890222301772,0.026208627945406838
5284,0.0024287989442246805,-0.028966361412776028,0.005453016262658019,0.022432002443976234,0.005780157180806495
5286,-0.0017062652569272989,0.018503676494893522,0.010768680750335173,-0.014224127041064853,0.028437904121252706
5288,-0.013110055793064138,0.0032080732879380632,-0.0068555779654615534,-0.00659346092963896,-0.008772081660165373
5290,-0.005736811543609417,0.005458046434752748,0.012922398115172094,0.022128779803011436,-0.00954515715163667
5292,-0.004854250825148111,0.0006857486229680889,0.007677210512022018,0.0018318456894414446,-0.005992847925215078
5294,-0.0567512523359623,-0.0037276625664215243,-0.0024781405926041227,0.004191914383995977,-0.009046272763304912
5296,-0.0005225892358614788,-0.02699958032018952,-0.01521848005522574,-0.029706073776657578,0.021262563741918282
5298,-0.007890580259499385,-0.002479047063483972,0.008722569389439641,0.012593562256677338,0.001319944105371174
5300,-0.029872041083567735,0.012029107100786992,-0.005527589365199537,-0.0016117532979939594,-0.010282428320486205
5302,-0.008078065950255817,0.008652318403285229,0.008931701140265131,-0.022917842311935294,0.013563935477512336
5304,0.00017697160070926968,0.0014258131717226304,0.005798134225167187,0.0004003354951046886,0.005109632518907366
5306,-0.023524063952007884,-0.024197137329532253,-0.002611468432188694,-0.015282615747705753,0.029470204180027007
5308,0.01475517535225111,-0.027968621621109902,-0.005310121845510116,0.03651379983581306,0.0011545316855061704
5310,-0.0049821543010956015,0.014264479387983529,-0.001759628283526356,-0.016736580654571967,-0.010089051698760761
5312,0.004094717683241327,0.021810681207633836,0.032643702822781395,0.01448629905724725,-0.018528377865554786
5314,-0.006378878091444983,0.0046553047391124725,0.005873434283596632,0.021206537000780207,0.01204318845639887
5316,0.0011258526829292545,0.008011771580225506,0.010162912396900708,0.0020203718012108815,-0.004318537980216745
5318,-0.004504534510508947,-0.0032234878522934825,0.01854092824587973,-0.0016304857840723224,-0.0014428107154779847
5320,0.004143556030827919,0.007363490344707293,-0.001707243817394398,-0.01889536844974008,0.007738411851642149
5322,0.016252640377657373,-0.009446027931992305,0.002160995832712532,0.007124492912956841,-0.017082367534326987
5324,0.009057235713962108,0.03136857878118004,0.001993959953805881,-0.00876132858495839,-0.009784885703533232
5326,0.007617170671835996,0.02933182774632544,-0.019078556366889928,0.005458875195346086,0.004577359868001377
5328,-0.002618559892060161,-0.004188607176320448,-0.016069483192638533,-0.016033587047140543,0.01488790553931119
5330,-0.0001827781445872036,0.00022781266133532513,0.0011439165553284215,0.005435359362136732,0.001284882439323587
5332,-0.011290164619008794,-0.0019721097509103947,-0.007766322529430702,0.0031652441286047126,-0.018681328898132763
5334,-0.004840126881570421,-0.002752519220227875,-0.007937721973295717,0.00665127646193834,-0.0012628891325802973
5336,-0.0006210191748065587,-0.007275039444222823,0.01099156184153585,0.017721861301832145,-0.011832482563163068
5338,0.00808965857858072,0.005489833873798954,-0.004772779275419786,0.005567252952805069,0.01374389360055829
5340,-0.01708193044606986,0.006995826729222586,0.011367491729465568,0.010026578523680947,0.0008606004024131747
5342,0.011997976454390673,-0.005205297138424304,-0.025255465270544696,0.0016844567611049627,0.0304374678416384
5344,-0.006320519976827606,-0.010725666540799048,-0.005900588391207435,-0.041724731624067715,-0.0038534673844754716
5346,-0.010120226595015828,-0.002908025696461628,0.008888883627374049,-0.005618297232618271,0.00035907836619296287
5348,0.013111492514372063,-0.002449597475746264,-0.006536684635608424,0.00577176826193445,0.013006435720688683
5350,0.006896398903962165,-0.004810067836136904,-0.023146050636923928,0.00922760052285433,0.0064613416119044965
5352,-0.0057971231651889,-0.023752556549760294,0.014424812814376109,0.006858856955290345,-0.004521695257776808
5354,-0.003321371098878585,0.012930794516552368,0.008844731902719604,-0.008206044166047423,0.0034568021259336005
5356,0.016154426112662042,0.01577381771207123,0.0007661275634096448,-0.008862996947285555,-0.005228513675622616
5358,-0.026759938020829363,0.016660783842674814,-0.01017062637914563,0.004426755630523069,0.0016493107902285358
5360,-0.022125630389428514,0.019404744760832506,0.018194504110929377,0.011292605927547744,0.009302167746071042
5362,0.017363577685284102,-0.015392103646260504,-0.016797436153061934,0.02272411224284489,-0.007574745749341796
5364,0.0037849443672136767,0.020103657795572365,0.00264439953492477,0.008148406794910693,-0.0055968473205864865
5366,-0.019690027481837312,0.014733432384848817,0.03248402962975318,-0.0023047460717927136,-0.00817472931250556
5368,-0.01553960988255742,0.011471682108685155,0.011204431270672536,0.008456779457153115,0.017027481584520898
5370,-0.013635739670665252,0.0024678733523493717,-0.00941655918365145,-0.02109378798959363,-0.0022820980930478682
5372,-0.011353490626211651,0.02364717985491914,-0.01648928748573715,-0.00411940984596962,0.004480972387433355
5374,0.0028718151294408662,-0.009120670785288337,0.004357860729374278,0.015248198720218173,0.024201655656314217
5376,1.070661362113564e-05,0.010149573920609115,-0.0006479688738492073,-0.0036825629086086483,0.006266769183635866
5378,-0.046361239851438904,-0.0009288053840471617,-0.0173445973194196,0.002280196601714508,-0.010500951252017915
5380,-0.01592406286963628,-0.011015895468029667,-0.0007371638146610721,0.015679630754157244,-0.015432714855762818
5382,-0.015366042231323665,0.003552631550485864,0.0034239373453316597,0.0033559133489677174,-0.0037084090665814667
5384,-0.008472672178215557,-0.019891648561654283,-0.0026524635344129096,-0.01571094495408864,-0.0275011188448812
5386,0.009494840059125738,-0.004654346675037412,-0.008872976171873527,-0.004029484061104869,-0.007305208071953645
5388,0.00491243484301344,0.01336785921515633,0.004567852293232047,0.010085453602045947,-0.01432743458560629
5390,0.0027281714477745632,0.002928827262662297,-0.014061976733582811,0.0006672089225473182,0.009138245497187227
5392,0.011465131699185067,-0.017913744357158833,-0.01863763615852427,-0.013806198369968622,0.00836795816834533
5394,0.0031008520008848784,-0.012685127460763054,0.019333111590744172,-0.010973190126821864,0.012202747747125786
5396,-0.002966005097430371,-0.007553238411691056,0.016074392872468493,0.013887640353459841,0.00815839629127218
5398,0.027185518393738964,-0.0020361563561594118,-0.004698419249809839,-0.013413595015330466,-0.01315086474189817
5400,-0.006243966622026736,-0.0001521903174715817,-0.014586201711032202,-0.0020703818370281534,0.0041058453070604035
5402,0.02354794321343483,0.01979099352858759,-0.018490123367197003,-0.0011103824467513185,-0.004960579125893056
5404,0.013995096804599079,0.020974337672834038,0.0007963954190879031,0.007044688819915091,0.02247403097355966
5406,-0.0033994116886223976,-0.020269444919965702,0.007828868910719641,-0.0035170699380188465,-0.00485682824083268
5408,-0.021183102425494562,0.001749797401589091,0.0014408958293663332,-0.018423051668170036,-0.0005521965744783002
5410,-0.012003832145740497,0.004090782006426817,0.0007449935470067872,0.009287131875721008,0.022292416124751708
5412,0.004119809708571556,0.006525189403069867,-0.01493066659255772,-0.00021267493202848235,0.014472116574645599
5414,-0.008286085365245083,0.039945225277153475,-0.03143682959081504,0.0065997437582373045,-0.01926628830317818
5416,-0.024380210341398072,0.024400459006611405,-0.02944884007879648,0.0034261111726942273,-0.007244033502461636
5418,-0.007222480406327633,0.00726957549088954,-0.005988757098656985,-0.005926054439241578,0.01790879942356224
5420,-0.008319934738457293,0.005484441653848492,0.005649420057738345,0.009030241060080085,0.004967187773002821
5422,-0.009218247064505875,-0.028660682043060506,-0.0438098501777293,0.0020745699338097674,-0.012733079809355298
5424,-0.00933597341730921,-0.01520793593807494,-0.017743530435180906,-0.02975601200310764,-0.003515651477844011
5426,-0.018961254661796413,0.009911054736794737,0.007794935012936909,-0.002728993050326215,-0.004993985566524187
5428,0.03403018095105947,0.012857984861320969,0.014457405551998006,-0.016055054920846388,0.005127879328829151
5430,0.015122282809382699,0.015119173348402508,-0.008153519713681081,-0.0030011790849167296,-0.0025073416347415217
5432,0.009055698654147576,-0.013474593560463058,-0.004018387529244754,-0.006511862768795914,0.010300154845510601
5434,0.004074538600857861,-0.028160590480231763,0.011377787338133731,0.002293974657236154,-0.0005319660655429722
5436,0.01242324531066322,0.0019639675799322477,0.024341301212281685,-0.0066882713820326746,0.006432198516949628
5438,0.01913289371993549,-0.002820232973719897,-0.0329960634810838,0.029278732593695622,-0.009680043535516044
5440,-0.014632175689105536,-0.0043333667811683,-0.004051927345895286,-0.019749247023927476,0.014545296453193635
5442,-0.003872018075174878,0.010138798786490709,-0.013953899625678647,0.0070596870596593315,0.005292419606143757
5444,-0.010245969105211097,0.0033565681151396473,0.03252797161236617,0.007715352024305414,0.00237949012852923
5446,-0.012745083864160442,0.00048802375144725997,-0.011941003285699487,-0.009509692709617684,0.014581236446065016
5448,0.013828553815063767,0.005344851756633594,0.012935165067720269,-0.017544750993570217,0.002124259046899162
5450,0.014690309917702008,0.011800603186716567,-0.0017901101008561948,-0.0022816671926263778,0.021241230457407216
5452,-0.02836370920501135,-0.01591981869502887,-0.00949570416424809,-0.015698990162249845,0.00023101183101618326
5454,-0.001034961417063135,0.005274211907885505,-0.015146870593517284,0.0023548634322466443,-0.01392588120716565
5456,0.00616735187626171,-0.01403025128682246,-0.007128839221971327,-0.0025234686371646436,0.001529720802220457
5458,0.00251741272240684,-0.014489151194300356,-0.012187270237901483,-0.001873187549177542,-0.030428006253914112
5460,-0.0006734330349993676,0.015960703610689915,0.0036009426094622617,0.005610060873626429,0.02451451167276822
5462,0.0013091655513881007,0.03415508990285884,-0.003817984870415383,-0.015332744114156173,0.00912065284867236
5464,-0.0082992610128306,-0.002113872204081961,0.01384254088685548,-0.027620030577354866,0.021600412068100587
5466,-0.0022803205795218708,0.02137880602900433,-0.008266680226619087,-0.011596209445005431,0.015441767973022394
5468,-0.0007148508363457449,0.023891692218908824,0.016100066971403527,0.000634947292534977,0.009228854830256922
5470,-0.002240765104690397,-0.008411205261149204,-0.01265237938193883,-0.003508672890416307,0.007194394878747869
5472,0.010219101995035632,-0.013580492890924778,0.0026699356212643013,-0.018962662725084328,-0.015439835638668017
5474,-0.02576975874622377,0.011682612700210896,-0.01097463402080392,-0.010912070529492295,-0.014541839230459564
5476,-0.00917387134668893,0.007513714327876646,-0.010739758835162521,-0.014494608766955278,0.01367036769942435
5478,0.0019123162708468218,-0.0005076997904372918,0.005124488450988781,-0.018352787635897122,0.013655920555742105
5480,-0.031480967414748554,-0.004308683750749515,0.005598680868107927,-0.00306362172500672,-0.00692547375534993
5482,-0.01887361739586505,0.023885779329118433,-0.01845398408072031,0.006668436558145026,-0.014125241121544447
5484,-0.0027437346630376554,-5.2041585882392045e-05,0.02078865698457501,0.0035019607149360263,0.009336927477701549
5486,0.003443432427880456,-0.032757897361727184,0.007874367218143727,0.007925839309839101,0.0068241542710145205
5488,0.01079505060514371,-0.013709006291478986,-0.009985455343412945,0.015756809486615248,-0.008972939305717942
5490,-0.01087333809577778,0.0024492440690947474,-0.017857527199317925,0.015271231858663624,-0.010435294169546945
5492,0.005690389932273322,0.015861806168563204,-0.03375122249198113,0.00025833531330415123,-0.012023937213601553
5494,0.0023011971608543364,0.004527837531118557,0.009136980792507066,-0.00311059780396883,-0.01030778272145675
5496,-0.004255204966690271,0.0015271472381649849,0.009821289750792526,0.004189120507208913,0.015971837244335527
5498,-0.012257009139986931,-0.005282076585780191,0.02607907655378111,-0.0015999144420002548,-0.012333386362930066
5500,-0.002708544337354888,-0.019668069190649003,0.0043327402577789135,-0.03695503387797377,0.004388605220882752
5502,0.002621787485848071,-0.014658100447163442,-0.0005793313003646695,-0.0014078874579239397,0.0015023322054804615
5504,0.011879240582363296,0.016250347077649947,-0.005668431873468734,0.0141380674465615,-0.008383381908309546
5506,-0.03101954309871298,-0.007260721867934137,0.008276937051587097,-0.02138769061094235,0.0014096627941812948
5508,-0.002369429955154059,0.0004363653682196492,0.01142531503534667,0.018708423883708435,-0.005753472194290842
5510,0.025238736609018646,-0.0005758717459779344,-0.014275063036720008,-0.010023706883690402,-0.0011359639268797097
5512,-0.01422322538758687,-0.0029802154312291262,0.0018192493044012202,0.0009381316072668809,-0.011347515795072892
5514,-0.006123606065609011,0.01116432327734357,0.006768791236772514,0.0025347810810464446,0.009033861520383936
5516,-0.03621715197487121,-0.0027499715216080483,0.008441495713875783,-0.0025520668946446925,0.004179484748936476
5518,0.03777181325776086,-0.017462344821021592,0.01107732402846383,-0.012804953501375584,0.005843724212162726
5520,-0.005546105958536237,0.008651090670527961,-0.005268040072316063,0.0027493109432001725,-0.007074752044317007
5522,-0.0076070825328501636,0.02955716553556781,-0.003932705509132438,0.0025772175769427437,0.004458872283621086
5524,-0.003287434811663253,-0.01993546874505203,-0.0069501231375767615,0.005777135393038767,0.00031724766400674455
5526,-0.016158481987820925,-0.004010897698771961,-0.0027076400472451955,-0.0018445249358326346,-0.012276551437702343
5528,-0.017035414679428464,0.010683783658068522,0.00778610593818285,0.005922472134137977,0.016342669114248875
5530,-0.004954238811943807,0.010017691429842,-0.0067899131543716655,-0.014610094921318728,-0.007681815371699575
5532,-0.0010213218223488784,0.00555817790383082,-0.015163569255158672,0.02851676331167545,0.011809961984347965
5534,-0.03583523805871332,0.022591045017664475,0.003724706029171538,-0.009129176772817504,0.0020013087263988905
5536,-0.03238315733552765,0.0059721425346590355,0.003998564859659958,0.018245202504773343,0.020732317107216267
5538,-0.02475242650968286,-0.02699894722897463,-0.015615397331358135,-0.0003704875415925725,-0.00554393964843234
5540,-0.019255655299679892,-0.022580383006244546,0.01842501522189826,0.026366515802357757,-0.03745968757707275
5542,-0.0066216730203722905,0.026325107261521003,0.010606966714905325,0.003807495907574793,-0.005190095560626856
5544,-0.01566496176642267,-0.011199948791370904,-0.0015287950180421699,-0.004431336105361104,0.022801548871137875
5546,-0.00840472620210999,0.011022318535864465,0.007738228066951412,0.012640200235380839,0.010234313293774033
5548,-0.0046850709925863624,-0.010957396994188262,-0.003700566458267904,-0.03962453527743737,0.016388405252480937
5550,-0.005886406600187007,0.023769508481815114,0.010380640468939741,-0.00280239135378053,0.00907584145854908
5552,0.016432834470065005,0.03675258907479478,0.008863996915906159,-0.0014811444601672242,0.005331559182508517
5554,-0.018706268702421442,0.008642497270394938,0.02607571618472941,-0.015461750838572826,0.017764075944584585
5556,-0.003353606650140709,0.021140998585615946,3.446235733642305e-05,-0.006603360427894388,0.004361040228828627
5558,-0.020604053872930257,-0.00984335278763436,-0.022586576205868056,0.014859132292296951,-0.002612705841177084
5560,0.021915749761481106,-0.020787675536246778,-0.02053380237032506,0.002801915783073354,-0.012944559665694674
5562,-0.00901842666223776,0.0017161385198751012,-0.007725082437266309,-0.016554563479099702,-0.012553386659258762
5564,0.01775930969969817,-0.0006691172363538077,-0.015446630993419332,0.021090081065515184,-0.017747651800070985
5566,-0.018176148890007356,-0.006973334767763386,0.001548595919271479,0.011408113707736034,0.0035429606602408502
5568,-0.004000393345008473,0.02640216248774729,0.0023920688959099016,0.003726273684523653,-0.0005958935129655762
5570,0.013707022782897411,0.013085964731504742,0.01573291113367133,-0.012905732727552355,-0.020876025011499273
5572,-0.00089296089470056,-0.021985287473087534,-0.0003453509750674136,-0.007330049472633863,-0.01355489790372182
5574,-0.006000054672857181,-0.01528777781729771,-0.008985577904278223,0.005790296398489413,0.002445857484288104
5576,-0.02862260195334081,0.00847933005180971,-0.003875977556164026,0.0025386941066057084,0.008509908212413719
5578,-0.05254546048929789,0.013393524363361105,-0.001963474768957405,0.023836653575126963,-0.007373337398807622
5580,-0.003144628705401953,0.004294518507777449,0.004817042144144994,0.007063847839637127,-0.0022060199014749993
5582,-0.017791017510904186,-0.0016224625509089802,0.009018622362821568,-0.010508795582720065,-0.0019430330246925616
5584,0.01299654412379389,-0.01680784283424387,0.0005452134063029276,0.021551882494994526,-0.003987323319732911
5586,-0.005683700961716635,-0.015326607664594582,-0.002659168468213295,-0.02212511124599622,0.008400278176671157
5588,-0.027315930885345504,-0.014564901455414966,0.01605899976745809,0.011995171812609177,-0.02840932256077901
5590,-0.006281663657365226,0.015074117101369819,0.00873949425086362,-0.019191538763584946,-0.009154823123063592
5592,0.012523972209876092,0.000948939521947351,0.002039998614151639,0.0027230099584235486,-0.005890102668739749
5594,-0.006062019869312812,-0.014851884885786504,-0.0026607959772091843,-0.03354369773408142,0.009399494143586736
5596,-0.012408064946861903,0.035638205588278724,-0.0007434102848856838,-0.025332713405019764,0.020629078241821495
5598,-0.022018607161749547,-0.02101800094987531,-0.011875205630899839,-0.01625852798581916,-0.016182662728994872
5600,-0.02278192729931981,-0.02324440256795973,-0.010580626027323353,-0.014039132232695465,-0.017731500248383752
5602,-0.024060364548093283,0.017299925509372403,0.04209737737873566,-0.006742417623424236,0.004606974204704711
5604,-0.02250116645396388,0.00042395920784637966,0.006796024575080019,-0.011307503763763575,0.0037553816245980095
5606,-0.03710170304007642,-0.009792432166655261,-0.019990528201838956,-0.015808309252020175,-0.0003727996647651858
5608,-0.030280951851764895,-0.0006771729680246068,0.026715567839698865,-0.014575003127251537,-0.007661098597315927
5610,-0.018651593548366086,0.017294637520440834,-0.012058184516673138,-0.008389062593911098,-0.005055101789685999
5612,-0.0131586133170168,-0.0009577676915022638,-0.018672883657245655,-0.0012312996538356726,2.12276476734743e-05
5614,-0.007350565964095395,0.020390861662843686,0.0019856830640984182,0.010634355950699868,0.006988701740263354
5616,-0.013812950351501471,0.006844480901352463,0.0006888938121670949,-0.003971640112805435,-0.005254024969622282
5618,-0.025507384222266172,0.018472833501754195,0.018825339499254735,-0.0014537781890731536,0.01793804230680718
5620,0.02827396788100452,-0.012108573691165882,-0.007471454050795612,-0.0160603285800522,0.028871120749420148
5622,0.002053477676655359,-0.004182742695592531,-0.002035553362509299,0.017899188034351712,-0.004420926805646351
5624,-0.008267074299908861,0.0009486114859138443,-0.02071142698712364,-0.01894227099729209,-0.0009673329225456353
5626,-0.01232566093114134,0.0016741316831300548,0.03385260000975044,-0.01641753660601571,0.002400802800385589
5628,-0.008054515173986927,0.016071853556376366,0.015470355560079118,-0.0005977423362757585,-0.019171312857168367
5630,0.0034303497325133105,0.005069343535641479,-0.0036889869682959374,0.004680882561587073,0.007187936747408792
5632,-0.017870327260102233,0.03070642206651039,0.02691245246668761,0.019571188776281088,-0.008628027235019018
5634,-0.007381502892430756,0.0013254328594221236,0.012007115108511475,-0.0020055358481055096,0.007898726319285686
5636,0.00903116637135671,-0.00650334898649327,0.015191196753872248,-0.02839161167764742,0.013381501564140348
5638,0.020207226497495713,0.019229401655647915,-0.027132393719053564,0.004531198831741756,-0.007566598664317266
5640,-0.0014006174654388078,-0.010386206660514007,0.005911242866300942,-0.0021304623943188498,-0.004312203481123334
5642,-0.011864084876824109,-0.0010336551439860723,0.004271201997930456,-0.003079667637315206,0.01979055358408178
5644,-0.0012093966626645703,-0.011048401308730546,-0.010623205008713334,0.003185552070435769,-0.0070914612430490525
5646,0.001646981695328567,-0.0021249951368265585,-0.010625107470084149,0.02596752306384432,-0.014142539760378346
5648,0.004720608010596289,0.0054659328168379494,0.019060764440590263,-0.014444905205827,-0.0008537296422779482
5650,0.012670858653302872,0.012484687698780868,-0.022531479563886084,0.013302530970728877,0.011673226790625891
5652,-0.008928449544875596,0.027026346958772485,-0.028189838103048023,0.00029115505388629037,0.009114680907550679
5654,0.00841703682692771,-0.001093198069105615,-0.015283309608440652,-0.038874256457614935,0.02272813406734808
5656,-0.0063793530760624445,0.011231786331479365,-0.03311861139195078,-0.02664262279110478,-0.005798710934960761
5658,-0.006235708575962612,-0.018749040399391115,0.0008925919063940283,0.006922009288378129,-0.011015165936605283
5660,0.009581012562760442,0.007203692380394421,-0.008165078414690368,0.001393275167370864,-0.023853690910438534
5662,-0.009049113493597874,-0.027855268235926024,0.03808861570826574,-0.02304844226367825,-0.00021504045441340128
5664,-0.016960848538822845,0.004070733365408942,-0.023187679732436656,0.017115541670792492,0.011783497139386047
5666,0.017355248824913218,-0.009394297833145557,-0.01260610502865069,0.0006295189019276796,0.018746605448984453
5668,-0.01867701500856097,-0.021208995328279367,-0.010693377963482156,0.0052777718087594384,-0.006154026262216748
5670,0.003953562522816864,0.018933727387162147,0.012785470409618927,-0.005323484101231515,0.016112405352907297
5672,-0.00895779982167974,-0.02733232575283319,-0.01606603903111119,0.01919928338892277,0.022738721888770835
5674,0.01468876778844698,0.010985113041841221,-0.013984343538171032,0.03188864773383962,0.00233779345814572
5676,0.00650921879337953,-0.006229988256161655,-0.0034866585565570666,0.008998551968789889,0.0020480470925580588
5678,0.005271847746613117,-0.003290449834475108,0.009839837538295971,0.0017389052633897623,-0.0002919680706156848
5680,-0.027507438942603747,-0.006017683070208212,-0.03853850280467539,-0.001247808445515378,0.004869476784416943
5682,0.0018859196092384934,-0.017177109303099042,0.00446759016551445,-0.00602357099685243,-0.0010731171015584756
5684,-0.008446781442689493,0.013532771261088246,0.013707868343779435,-0.024004760464093403,-0.0025275890258165535
5686,0.031142779129124,-0.005323112615287816,0.001189731253089354,-0.01631692885940326,-0.0312790658958588
5688,-0.015492655258481026,0.01740590712132195,-0.0012700920599683183,0.011716709183344593,-0.003688832138258915
5690,-0.00573533692877732,0.0008635222130563378,-0.02009367622332827,-0.007119726985342183,-0.02498505946836797
5692,-0.01774061554814866,-0.0005170516956223121,-0.0337808784182954,-0.020970937614072416,0.03241015828420103
5694,-0.014151845803405314,-0.01663547982726292,-0.01666009654365389,-0.01052433728308629,-0.0033258493880237204
5696,0.017574500853237526,-0.020078794191212532,0.013247921159191479,-0.002789414346166222,0.03785296575997672
5698,0.01952960277772198,0.010179727155300708,-0.01737033568950489,-0.006040943749101552,-0.014631334008494966
5700,-0.013340156777376185,0.006867947084855284,0.0035053272668063083,-0.00885691195682423,-0.008332867476450418
5702,0.0038878731029713676,0.006823457254687243,0.01030298160780186,0.025895219395234162,0.022346303840446828
5704,-0.019882547107199677,-0.006537209953464427,0.02559583591663378,-0.0017503022707780716,0.018248948922982493
5706,-0.002234854556373462,0.00731392273513603,-0.007421517071946042,-0.0024631962258863664,-0.005389802365853297
5708,-0.00620154567817277,0.008656133918013263,0.011778934697055043,0.008966591222918084,0.001415421632174216
5710,-0.0103844033835108,0.009423491081712716,0.01797927182095926,0.004497208947750285,0.01491335890883437
5712,-0.0011522760753007847,0.0028730705647262746,0.009596336222252018,-0.004002837093160183,0.0038078094045834996
5714,-0.012998631314565755,0.005580336256985179,-0.015205020705738828,-0.020003889520246135,0.009741657944082228
5716,0.009272779961826154,0.01160156666998041,0.0005823601490303052,-0.026016799869890972,-0.01315583709752403
5718,0.007853199306220264,0.002501778919312918,-0.00830358650778132,-0.009625143772136793,0.01985735648900948
5720,0.019312510770449716,0.014405053654665531,0.007750592577515237,-0.0209229663291722,0.009737209135782536
5722,-0.014484203387407685,0.0048930389173491165,0.007213635876971366,-0.003851558527306255,-0.011308876646681476
5724,-0.008379865643626727,-0.020930371001123573,0.01232979813670877,-0.0004902405126686242,-8.008435962153774e-05
5726,0.016492715297318147,-0.004653691344908313,0.0037235030751779532,0.005058793811778346,0.021964837580170656
5728,0.0004965271419438656,-0.0017565669058879324,-0.012293356937594549,-0.020523348884868207,-0.002553239377871929
5730,0.005505129627695325,-0.009375394668263445,0.004422193347164112,0.008557678876334407,-0.00012462206442449212
5732,0.00012775482653045947,-0.008826604836429754,-0.02340178624803047,-0.015217396776192826,0.0029983471231713426
5734,-0.01046131491867051,0.01574392230841046,-0.007093305756250906,-0.022566150071090536,0.01268498669600253
5736,-0.0022563210029364687,-0.009584220248610288,-0.00310933325850525,-0.0023302090405326534,0.009299475355756379
5738,0.004285316959258878,0.00682185752545229,-0.0046952547125732776,0.014800957946871782,-0.001017325749863921
5740,0.010341097340656441,0.0025341322561330372,-0.004014884840120219,-0.02163153837166682,-0.009133858918594685
5742,-0.0076127432163640395,-0.010775660588145886,-0.006751048546587342,0.00206427010408717,-0.0026639833410129674
5744,-0.006272584222258086,-0.014298634506274256,-0.0027783553394601554,0.003815054687701404,0.0028358195195778654
5746,0.014865907396100213,0.012704607837741957,-0.004339745202387117,0.001908280207723404,0.006684962719804753
5748,-0.0034964964780112625,0.0185914037969095,-1.1241353062018174e-05,-0.006400993334543833,0.017150141192557727
5750,0.006747170546442179,0.009354411151575663,0.027284329705420177,0.0016283841624258374,0.004916644793677592
5752,-0.0369237788395567,0.007011819664349326,-0.019374541254262623,-0.003157313765626025,-0.001421919594065043
5754,-0.009701874840154511,-0.015697778488293637,-0.010327011764168623,-0.0013925670881984888,-0.0025227165515059945
5756,-0.014788491358365765,-0.009762651826972652,0.011348706093389595,-0.0011321996215146368,0.00919754788962107
5758,0.00644207705912811,0.019414928732686736,0.01088391103387959,-0.004668997268490367,-0.012818270902825618
5760,-0.004897650220270682,0.010927679593591528,0.010083380338762972,0.0016283845994320067,-0.015346509770590438
5762,0.0200873704332479,-0.0012908473884908087,0.0031492277119216385,-0.007929235782113837,-0.030882948385758276
5764,-0.009144044338763906,0.015576208034415917,0.003289701370380464,-0.030349381298713188,0.004266239509581588
5766,0.006043502528142188,-0.004963048691649115,-0.025221327097218058,-0.015026742648370192,0.01033470029117717
5768,0.0029856125503460646,0.0008590562994479228,-0.020202495807569845,-0.023723503960634527,-0.014870699161730899
5770,-0.008484107410526433,0.010640146550823269,-0.009247432658368538,-0.016413733165413134,0.018450866931119737
5772,0.003227166416607131,0.02790864009496462,-0.009524406055706508,-0.003833179807909705,0.0021601856902489537
5774,-0.026698939374684278,-0.009407157837537561,-0.003968469305135057,0.0009109161521569755,-0.009099037504208115
5776,-0.020021511257771216,0.01161349881737823,0.0047879748142885,2.347290499471558e-05,-0.003445681093786564
5778,-0.009413364025192323,-0.006422105352421383,0.00590021635183158,-0.00984959510645439,0.01616575769143738
5780,0.007827402843254975,0.016780980100474383,-0.0042180279369023275,-0.01810718328193919,-0.001726706795429866
5782,-0.00442990068266799,-0.022306516008815898,0.019265082070265737,-0.034605922447884636,0.0020569147992187662
5784,0.0066768831142377146,-0.022556003907644298,0.018417109941813038,-0.014819459897825122,0.00549128422986812
5786,0.0036149309127683797,-0.04692805214354648,-0.03609647795694439,-0.014407147751482205,0.013136135704099458
5788,-0.007594484067609704,0.023343635317124554,-0.013383615992072094,0.0011105323588115818,-0.026253829717275343
5790,-0.0010195873114752692,0.00621411111662766,-0.004953847642405644,-0.018186647705475328,0.004910381284524331
5792,0.012985802699194516,0.004479952345311085,-0.025043903744980545,-0.004289678487850263,-0.004590521428267759
5794,-0.002267055096484712,-0.03446034226340623,0.0010250858409474749,-0.005246116197864444,-0.010053050771783893
5796,-0.011421215719099983,0.008091799748369497,-0.004773243181901934,-0.008073662443433901,0.0031905119455459935
5798,0.008435334239123298,0.020227973865163843,-0.015844475365540726,0.011880145016528355,-0.01316878715014998
5800,0.00898566340864954,-0.0016969492350676191,0.014885236729426104,-0.026042937406567435,0.005751051808639075
5802,-0.015994326282894843,0.011633363670350075,-0.005732049251492333,0.009784215186054596,0.001049012685631304
5804,-0.005374631405549443,0.00032669269764616464,0.008314142195888344,0.0037162047233095376,-0.03311095769562759
5806,-0.015249057522582805,0.007638640820912012,-0.0011598873887036713,-0.0054574005108428275,0.017397369263264597
5808,0.0042322418072366684,-0.016413696353474262,-0.002722430571073581,0.0006916127416472561,-0.0086676964363228
5810,-0.005084073114653594,0.006798543012001872,0.03693063969529078,-0.005380466116355031,-0.012918824962334076
5812,0.011128707809052658,0.009982324165523287,0.012323287442941389,-0.02091539302257241,-0.016914122009269904
5814,0.010318508615971136,-0.009776353410155982,0.014476898075597279,-0.0018138198502736051,0.014128408008391038
5816,0.02661888928296487,-0.010402743150417804,-0.006643154877629116,0.01435339139598472,-0.019293728532182173
5818,0.018615490394538303,-0.00998859773360591,0.0004229018018927295,0.027160906014360962,0.003299384219831096
5820,-0.011684319316917147,0.011494993960600157,0.006770498850728182,0.016678966075890672,-0.025509442509492535
5822,-0.010180008580292868,-0.03303563552919955,-0.004868197210082506,-0.02245525594458476,-0.010899237307119747
5824,0.0070942869948569295,-0.019165636372047348,-0.009549514960616576,-0.013933282869109668,-0.01794971371597656
5826,-0.016250071691857302,-0.0234138050831991,0.011143026275020257,-0.018728104337966425,0.01230676538097039
5828,0.0026803054867953874,0.022230776566603324,0.024167479855912822,0.01415730044549879,-0.028575387551038504
5830,-0.007588628090787707,-0.0031437198350449357,0.007557806170967709,0.012097627196697438,0.007832628071395141
5832,0.0027349940612803893,0.0032352362250286245,-0.008644814723155049,0.008155110663881289,0.00989772617143736
5834,0.008869111066115728,-0.01030834607497612,0.0015545883946191457,-0.003521764904944037,-0.00694155865508265
5836,-0.032304725907785735,0.011900471136740582,-0.006422335043374185,-0.02710414866341188,-0.02353350754747658
5838,-0.0052434310210398944,0.0025970549287314343,0.00044912436950322697,-0.009118165149052497,-0.013739673534880934
5840,-0.006483086899263953,0.013410042354870868,0.0003156779010479292,0.0004667189337463701,-0.014306105958634366
5842,-0.017817179598311254,-0.0044600127352487605,-0.017148537157716363,0.03291400480641552,0.014431395822564017
5844,-0.00928822288889892,0.006581690479331687,0.012715174382781308,-0.010865522294239024,-0.011443958742195004
5846,-0.029438697886226044,0.0037546680054333027,0.003026583723395613,-0.011380243198376395,0.012037404009816469
5848,0.004060338329730386,-0.006742755414267466,-0.03950257582141235,-0.028277098185022873,-0.017648317444298678
5850,-0.007702789951607691,-0.012408122253841506,0.0027795106888760085,0.012496257704029592,0.010100387426837495
5852,-0.008565940274927832,0.022293324034388655,-0.0002880969794291119,-0.02233438250724288,-0.008704750837582853
5854,0.023803655436006436,0.0008818180334220957,0.013692588484242662,0.01851459714217595,-0.008090360463329959
5856,-0.003874196651005228,-0.0021996687342626694,0.009299574715417685,-0.010326634450544162,-0.003781571118339817
5858,0.02928622436442985,-0.017890608730152843,0.00015508274802692053,-0.00013237618276307423,-0.028561791409899485
5860,0.006946211464107787,-0.002780759406161779,0.0046638185626245296,0.007489278232160315,0.00013333397966292844
5862,-0.01510032497780048,0.008707483948759247,-0.007566255395954993,0.000557597026126772,0.011364555900513454
5864,0.01343559042027642,-0.0005685069982275299,-0.028591617967953873,0.007457543802486272,0.00799146736435087
5866,-0.011861337574612376,0.01619378086741362,0.005802297423711579,0.008626723046613742,-0.02487621518616236
5868,-0.009382207770511604,-0.011980021179808321,0.005081437286012088,-0.011963891637652612,-0.008962027372692916
5870,0.005237276328706477,-0.00027881054037641033,0.016823325168543877,-0.0053371896787922065,-0.006984197463688042
5872,-0.0047051237293021155,-0.03235964070129481,0.007818100908965401,-0.023462740056464135,-0.00011788783975513487
5874,-0.0016660013430947814,-0.0054468704576619495,0.011353527289262472,-0.005955856155649108,-0.0014574337927698703
5876,-0.020994667944910204,-0.01515172298686542,-0.0056968030914369,-0.0035496800177738956,-0.0029984975525820137
5878,-0.004834502601134267,-0.005126493360944891,0.0017547010795690692,-0.009717355564935824,-0.03227001935867003
5880,0.004720031535097382,-0.012931734504344452,-0.0019605195742629267,-0.005471074231192798,-0.0005123468391209644
5882,0.023537089875050606,-0.005270737688391734,0.02059055009178484,-0.003788424127351576,0.005749422440050486
5884,-0.04031052309651619,-0.016341821543400425,-0.022713482856501255,-0.01275365632237603,0.004144196041112273
5886,-0.006772907265085622,-0.0026754239654605276,-0.012845945525432518,-0.002392813610324705,0.003021992874472823
5888,-0.03437202855003025,0.010478175180087694,0.002560691716223542,0.010683110678313935,0.027514848966223228
5890,-0.017146519825880877,-0.0010869331360728214,0.011076125595168339,-0.01695798487056033,-0.002748257834872766
5892,0.004763667640991447,-0.02687644009641024,-0.009211856385456366,-0.02284631416779229,-0.003878241497643812
5894,-0.00588672831931801,0.027305394032988685,-0.009324090263780702,0.0018700848562823815,-0.002891939755919196
5896,0.009475199691653424,0.011775882594384363,0.010700774845127855,-0.009012399213664505,-0.014100511220115523
5898,-0.014977849149400637,0.00751512635872732,-0.008541448785354781,-0.028150606302774623,-0.007203988950138857
5900,0.00018645806501095576,0.013672368051790226,0.005130095025508352,0.0025724395184577786,-0.016821137934380524
5902,0.020784136184535826,0.015300097969216572,0.01546483548147531,0.020724714678757836,0.0020727250237280457
5904,0.015145969607439878,0.0014045228990032129,-0.013560706596772934,-0.01386085191195233,-0.013204046011836092
5906,-0.006818809730179504,-0.0030335070344745716,0.030839435051427014,0.0051382442178736654,0.01164473290147519
5908,-0.019012263709745,-0.013954616743949995,-0.01705220773491042,0.016817771873865916,-0.019183862924064092
5910,0.008147146557149798,0.002072378350096311,0.013451141999842323,0.005999980283741808,0.010829884831113775
5912,-0.00913433488830234,0.02246496151695114,-0.027561753316866607,0.012613278122859048,0.003788702333129872
5914,-0.002842806375902517,-0.029313076366908407,0.03851713138130689,-6.150579537832451e-05,0.018052762067225447
5916,-0.01666780820100946,-0.00016237049692911052,0.008776967425650725,-0.003082244319733201,0.009687959599415678
5918,-0.0009108589512420735,-0.014800869108005361,-0.003266635136717771,0.007705368296346987,0.022781463629154133
5920,0.012497466158577152,-0.005932449121108262,0.007257083891879684,0.001118749608444877,0.01554953444699334
5922,-0.0003583390323650147,-0.006900257199864012,0.009261439363137522,-0.005306380247774428,0.02019240860651417
5924,-0.008395455371224754,0.009382618921631291,0.00018005550394389303,-0.016548732298374325,0.017136264211517843
5926,-0.008498909412177314,0.015554553160784365,0.014503965014389312,0.0057075680197862765,0.0007518493464906988
5928,0.013015636759041471,0.0017972806582252686,-0.009048996530103711,-0.0027765516809936997,-0.02100552451709139
5930,-0.004249784425957712,0.01134947247843842,-0.004616623186063077,-0.002297754585652294,0.016622142913509327
5932,-0.014440396214476238,0.016671551974203776,0.025201268325299536,-0.01663284430674327,-0.01885287944998594
5934,-0.020497433798812695,-0.006493311736379466,-0.01703573182150229,0.005447014474012841,0.01067717657208252
5936,-0.020249962807595858,-0.00513087972627046,0.017262217776375786,-0.006185886353553945,0.010373132132302745
5938,0.021082757158672725,-0.009595983419197707,-0.009313706092085707,0.021578540667283486,0.015182650755117945
5940,-0.015594282361085166,-0.005953151182524005,0.0008655155209947333,0.003342497625567054,-0.010586818152004754
5942,0.006453444927354942,-0.00011867815063956672,0.010815576539652198,-0.007221808174536155,-0.054893660576140875
5944,-0.01047920899343347,0.021705473155003485,0.0007180485490188307,-0.017678238048624197,-0.02052960641741291
5946,-0.00021009210212566464,-0.011214507009368484,0.006684270514244706,-0.013591642505450034,0.002763544820797731
5948,-0.012478382109800427,-0.003838743239151646,-0.007669619280184012,0.010206004126725335,0.011587176964170113
5950,-0.002826208387738275,-0.007454573460531298,-0.02255581923979253,0.012799440843213642,-0.005722946145943607
5952,-0.0005018271044903202,0.02088565826283577,-0.021046665505382468,-0.015011752251978974,-0.007982275530758243
5954,-0.014484633708942866,-0.0017253394260230421,-0.013070279901869169,-0.013681827765065421,0.006565393605387708
5956,0.006694503775255779,0.021002697048707178,-0.002649006649154583,-0.004214004315518112,0.019627090906552815
5958,-0.01068689428998837,0.013911379273585893,-0.016663608223279534,-0.00488223433157461,0.00706955941672586
5960,0.018552393878296224,0.026665714033079775,0.01917648632975041,-0.01894542743719738,-0.015956328082270772
5962,-0.01239744886216569,-0.0035583578275311424,-0.014139926460007031,-0.03871355685706253,-0.01359640052713462
5964,0.0019324820086662738,-0.00887339163622461,0.0042958612789407435,-0.009360239668942937,-0.006243312553752055
5966,-0.015121994708457532,0.012575088820189666,0.007087944374394917,-0.001928632424941744,-0.009177789636115805
5968,-0.022381236120958017,0.00470541531809773,-0.009744360051382723,-0.0016232344255575173,-0.012785655074987015
5970,-0.010986351538665949,0.015515634055198322,-0.006987601114030667,0.0014850225286344209,0.0011250056395016262
5972,0.004031099025490111,-0.0037726574455025537,0.008283139490843083,0.01451046220370431,0.04019726512207319
5974,-0.008909482740607896,-0.004908758813070119,-0.01645512891485381,-0.023526802725148593,0.015222537263132397
5976,-0.005768543708445999,-0.0027242953158333437,-0.021961185479389918,0.006421803935730804,0.014320732417267305
5978,0.011722602039636121,-0.0010207193067894476,0.0019054798437193603,-0.013955734668431542,0.0005525996606828965
5980,0.02590263432881412,0.0004639065341431871,-0.013969024015528318,-0.004513003241750169,-0.00568698354689464
5982,0.0029349320256127774,-0.0031736770703906874,0.009360239435809603,-0.013568111538255469,0.01207967316074399
5984,0.009385194203403118,0.002611268270489971,-0.01788576185708563,-0.014395173886312404,-0.0042782327442335314
5986,-0.008828470190740035,-0.02417788608711693,-0.0070175041066455725,-0.01700716564463229,-0.005296768569410911
5988,-0.014290986172771173,0.014632089289819657,-0.012577340713435827,-0.01713368976292445,0.006136585136377226
5990,0.0020453100740867453,-0.030150603957160762,-0.021544938066296804,-0.010200366622348706,0.01520121043245769
5992,-0.005686214888793734,-0.008279971618685145,0.024421380097599536,0.025854606141066414,0.018436407761695462
5994,0.014095631717735115,-0.027557040462797514,-0.016204483497801795,-0.018574209153872905,0.008238621429236778
5996,-0.007735407118374233,-0.010491365985413231,0.004099618168121842,0.0016966529337024002,0.025026878638156457
5998,-0.0014716245824885634,-0.021421513322097577,-0.03254106178927758,0.01484289940738514,-0.022150218231212108
6000,0.002161391340068226,-0.010395722257120559,0.009525382620238738,-0.014203384322716396,-0.0037010866807079454
6002,-0.035650627473410273,0.007846132281834431,0.0032042983317606415,-0.022648512130786547,0.005194914118526778
6004,0.002923490270999302,-0.018446804415466003,0.043099492452556315,-0.006732532947450913,-0.014970017219546904
6006,-0.004939501850703047,0.007726533864621866,0.005600120492824761,-0.007569652580219981,-0.01396036021709376
6008,-0.021946431880617585,-0.03327399604669015,0.019822251109303423,0.00044843618492669367,0.0014062367655128419
6010,-0.010384521144770493,-0.016282501570738597,-0.009258141439879276,-0.01774643615735118,-0.0015087805606206401
6012,-0.012092215689064005,-0.0014439750715411447,-0.004899957467629111,0.0016971333585292035,-0.01627625530737196
6014,0.0015410931491098932,0.009185025295267062,0.012633164456107035,0.003478817923667167,0.007287193315891107
6016,0.023120856340202316,0.011225628634617346,-0.021057926471367273,-0.014893590023247276,0.038117492228528845
6018,-0.0031285371850054387,0.0011079886735202405,-0.016026447764879007,-0.011568802982953043,-0.0009769810804205593
6020,-0.01928381709598388,0.005055032130959496,0.0037491981514568675,-0.007439119216337157,0.02003601621393468
6022,-0.014753457415300675,-0.0266206367596319,0.007559998198630224,0.024027770728010166,-0.026641838504698145
6024,-0.006174508535091361,0.005820677908870754,0.0034593623823452194,0.005791582478493522,0.014152500048666168
6026,-0.00033915135511125116,0.009235461434883444,-0.01218874414952405,-0.026876709021378932,0.0009579318944138429
6028,0.0011295930468158714,0.02283752893050879,0.006840702204956704,0.004494109164753828,-0.009482922045623694
6030,-0.002012376541688427,0.0025615545195004238,0.0032888127689554634,-0.00595468300557804,-0.007353920662141715
6032,0.015631216585646122,0.026903026837606724,0.0285541043219411,0.007149615690081378,0.016316146704317618
6034,0.011479935313131356,-0.023022466156388362,0.02438781385778415,-0.008361659493713142,0.011544038985048268
6036,-0.020480464119756958,0.015605975660318008,0.005442020960215752,0.0017975965822354424,-0.002716852576372279
6038,0.002149448418575726,0.013374166084973913,-0.007840358634682944,0.024238876371674812,0.0027147582955479345
6040,-0.010714379397694228,0.0011495726051222995,0.004083574698045105,-0.005320488698980127,0.014820822767021095
6042,0.013958970794725228,-0.010202371710731734,0.012653861476629176,-0.011364693220400393,-0.013415402073065207
6044,-0.012681764606984947,0.0013693550218762344,0.0017552196812339262,0.005535712541926977,0.014672467902766443
6046,-0.019212886650697685,-0.009906377538749659,0.003245898734001457,0.006245193698806836,-0.010522833453255928
6048,-0.005671154435884234,0.006767197994544165,0.015701838845631325,0.007767004562171387,-0.009388335146678141
6050,-0.02883472185448586,-0.009437996751776902,-0.007114776876779164,0.007128818805619783,-0.0027164115151610104
6052,-0.0026984429504921387,-0.015226765172967647,0.005177738468809702,-0.013880322351617161,-0.027593137061171346
6054,-0.011753196250222694,-0.0017978233682088855,-0.02595286992265941,-0.0069695314484661776,-0.013699115566749416
6056,0.0002390294657214552,-0.0165828377857978,0.009764383583418567,-0.05243988329442582,0.020814629188390332
6058,0.0010629674834975427,-0.01944723690354631,-0.00743308963594448,-0.032013049201404714,0.011723176081372386
6060,-0.003132146818942956,0.005978275097125166,-0.008998998484749452,0.008312548393717248,0.00824238079878738
6062,-0.002394650314305909,0.02310668143941919,0.006873846367088793,-0.0007657799364151752,-0.005007546455453061
6064,0.03249927661119467,0.0030193200929075803,0.0023428288315985534,0.004079690048818976,0.03615291223249158
6066,-0.013653778259705724,0.011461190039952744,-0.006242979267237556,-0.002177669617273163,0.009122441328522484
6068,-0.010099724608318043,0.0021946100338374025,0.00046566517438271967,-0.0021457227456997178,-0.007166792057740165
6070,-0.005446362088511477,-0.020255088028723653,0.016971839518512506,0.0026815331445839787,-0.003796740701250005
6072,0.003982255031496577,-0.00650777413848762,0.0018236048262874548,-0.001406072297796488,0.015234020340412466
6074,-0.016266572863903084,-0.006934997603783134,-0.008197623793741976,0.02246206067613593,-0.00730211161355528
6076,0.008638442266826935,0.00727352768265677,-0.028551500473467873,-0.01619379656076438,-0.009949163840065882
6078,0.007052140098140016,0.01682640270745973,-0.0016199280790792957,0.001107718737773928,-0.008018192133073771
6080,-0.006353900611442448,0.0042105964001303234,0.018820527762696417,-0.009656970257550428,0.020520325529137063
6082,-0.022560319450077686,-0.014250168874711524,0.004307709708531094,0.005330109555831786,0.0034925029950098442
6084,-0.0012282947226565969,0.020410390910392776,0.010798581657044408,0.009404789811054574,0.011012665798289113
6086,-0.005959800761580801,-0.02072399292397586,-0.0005037247250364367,-0.00170504400116121,-0.0060427397625334835
6088,-0.018420521266738467,-0.014408167387905407,-0.011612660712045357,0.03514147385844241,0.001704687093009791
6090,0.00022797494950382247,-0.003625219881366104,-0.0006261015362588915,-0.0029015273743653956,0.006358708066075282
6092,0.001769197271748675,-0.0070209003346119415,0.01261446240075652,-3.510279296076682e-05,0.012355020739108593
6094,-0.015662294897735296,-0.008867104126330133,-0.007734543031151324,0.02628119405140119,0.008598395626254399
6096,-0.008624534783321777,-0.009130460346113149,-0.01063486971603364,-0.0031257469983487166,0.014358343189824005
6098,-0.01766730362960755,0.0031160307691137064,0.01189119647588854,-0.002030622409889596,0.0025851899491388694
6100,0.0018149304993575212,6.629525329790803e-05,-0.008406895771617578,-0.010300890773800154,-0.005132822832754708
6102,-0.009416425470209508,0.0019069519346219832,-0.012504109638204112,-0.004361304341523428,-0.012105130390032404
6104,0.01566523090599273,0.002007094300508131,-0.012975277894287507,-0.010126687429932283,0.022754509052962058
6106,0.013233482082344322,-0.022020953868779596,-0.03795553720405659,-0.006243985654218085,-0.042965779353579585
6108,-0.014486555708581381,0.008303832942178138,-0.003036827245316867,-0.003064404546066769,0.000518656324683852
6110,0.0064653556519787495,0.00044789374618928293,-0.005686388765127716,-0.009961466282789152,-0.011890495205038218
6112,-0.0089677863172042,-0.011440502806068639,0.006430631672499111,-0.00538091452314826,0.0063498438958649915
6114,-0.02323417085786256,0.02323909341850824,0.0010838491813670887,-0.0022169539654641576,-0.005409486428705789
6116,0.01777039485069937,0.001020131779860291,-0.01290476196864002,0.01316911212106784,0.02916329757924247
6118,0.007523812432005999,-0.02845643693504555,-0.00762943927135609,0.001980041280980584,0.01135902085590513
6120,-0.00649744200233901,-0.01688668272490523,-0.006722170269990807,-0.0016488688230946247,0.012564573621590795
6122,-0.012152276431395112,0.009190135142934805,0.0039019498166791957,0.009216575778196907,0.007680182697987252
6124,-0.019716100472281856,-0.013710962594593028,0.00470239971511925,0.01291541229577034,0.033190804636416965
6126,-0.003792433894319862,0.0035873793339472426,0.0067088005120042316,-0.012743697154216598,0.010657934532219216
6128,-0.004492115069914891,-0.010714895844460833,-0.0005183234516526435,-0.01717613134534111,-0.01361068653056326
6130,-0.0020397081647686244,-0.0030875092357739646,0.004830404309834307,-0.020326048763666085,-0.008987758463244918
6132,-0.0014947709705889376,-0.008373227566689657,0.007102204981895144,0.006470462068515768,0.0015183846446553248
6134,0.004012368655029827,0.04565090918301526,-5.9118111812354906e-05,-0.019754670888009505,-0.000337730141082434
6136,-0.013603389809012736,0.019352366795570286,-0.002551147404174369,-0.003274590107845749,-0.003850184230426029
6138,0.00801962876224519,0.0036122810322684823,2.938639707737944e-05,-0.006478890277978951,-0.0031887850837681244
6140,0.006166070602345996,-0.011251490100807447,-0.01209722427572775,-0.0003129832516132404,0.002724940518597604
6142,-0.0033041994789714778,0.0032143577922838554,-0.00581668654521109,0.002108066123704739,0.00526166480744301
6144,0.00017744537642193982,-0.0347118166791746,-0.015032098852873002,-0.024404581131624165,-0.00803196720788922
6146,-0.021898973879778082,-0.019013176763520486,0.007204340011086372,-0.014716898580100918,0.00710777138716674
6148,0.008951927697064186,0.018245787765637116,-0.0315881639768573,0.025800792791640288,-0.010001907372602922
6150,-0.00448497207438327,-0.01061079794512654,0.00943428988616855,0.0009377647769134713,0.0027374629794940197
6152,-0.013616118579031158,0.011340931357182461,-0.00724339169033966,-0.006204394501334248,0.012127987971324397
6154,6.27818274501799e-05,-0.003413302232455338,-0.01563019917175179,0.025269418890801608,-0.012897528461983675
6156,0.0057471513171943114,0.019239656523125103,-0.009026933921007438,-9.511114758807841e-06,-0.017551291888435714
6158,0.01767496530547803,-0.031144104068792866,-0.008513217423054737,-0.012262855896741956,0.018615418199235446
6160,-0.011599627438755464,-0.014984840365369366,0.010158667933352942,-0.007618628963597669,0.008125342421706247
6162,0.017542185874631754,-0.005895287521612015,0.011687550462159973,-0.0063492001948740615,-0.006455868146983847
6164,0.015388549751935625,0.015413088403885142,0.0031017449740355888,-0.02250371395577566,0.0003128276045876916
6166,-0.030293500228252897,0.03257453573752255,0.003001495810729979,-0.00518646335926951,-0.013603245291197283
6168,-0.0176229335935629,0.016815931847179236,-0.005775615866804036,0.01454050012597189,0.006621651088098631
6170,-0.0073900319871188025,0.006959974480976239,-0.020970452431751434,0.004581253045772902,-0.004759340310134455
6172,0.0005736424408087829,0.026851807947799684,-0.016002748737104912,0.007277496200145412,-0.027614404063722946
6174,-0.004213693818069492,0.012811776080766602,-0.003418819274176276,-0.014562948940408537,-0.0034146205208680246
6176,-0.04688037729944251,-0.00024790231928914177,0.027728988167324536,0.003955746726175573,-0.03029485750635567
6178,0.02290201345375433,-0.0013219762457898263,0.003045368547811794,-0.03698801306856936,-0.02365411831063155
6180,-0.001640609405142821,-0.009162691800531687,0.00015296138690267525,-0.010276733905349639,-0.0054132786916216554
6182,0.014824671812392687,-0.0074173905303215985,0.026073588952152216,-0.012953176839488578,0.005067002420542258
6184,-0.007766885858422966,0.0007389110236584498,0.009103711072259284,-0.013626819543716938,0.0008086913506093353
6186,-0.011993938325559778,0.002299632034687815,0.010467899351198118,0.003984639717639175,-0.01668894614783777
6188,0.00043298718909641953,0.02597576335461373,-0.004177099172604237,-0.0024633292192107175,-0.005177152298367752
6190,-0.004592869477048936,-0.01107695579622211,-0.019720617782009148,0.008471159944067894,0.001908042263735835
6192,-0.01238917313851283,0.020080010868112088,-0.000593331669234266,-0.002376016987135881,0.00718853041059966
6194,0.003947678209032918,0.011544440187392908,-0.017568125341659354,-0.004735008144349466,-0.008807756269221145
6196,-0.00010514533279937421,0.024551346572514253,0.0020989164638093205,-0.005065244008680431,-0.015855237261379742
6198,-0.0001274446751589666,0.01297004050593737,-0.010042013824772916,0.026759894602211138,0.013692582587242073
6200,-0.00928070941018171,-0.013601242200734392,0.002946399242291236,-0.00023323739275148567,-0.004463603860071795
6202,-0.0003046776007956774,-0.003196981884039729,0.005006742192583609,0.0008128216189343022,0.002233194075071315
6204,-0.010491316471306411,-0.005649238250450004,-0.010165225253992747,-0.0016113775482284847,0.009872561923690093
6206,-0.011144971949278049,0.01411647032990222,-0.035762580376591566,-0.010918302284736706,-0.017592867284524086
6208,-0.02941109086110283,-0.023371410212371373,-0.008038796941112116,0.000601684619013828,0.0001661717969923034
6210,-0.008280056157366714,-0.00545466893930317,-0.006708702532708824,0.009044915591936258,0.005419644258566896
6212,-0.009261157587899242,0.016705580013957114,0.006501731220529706,-0.009381569012683078,0.003576678277235175
6214,0.02802243597500985,-0.006926030798019032,0.04010201527132838,-0.0017227092900269508,0.0012822400199262063
6216,-0.006586156852433806,-0.0004032842351436849,-0.0033094353822868284,-0.002851918699081553,-0.011008078024563479
6218,0.002486627131024926,0.0036303706350065044,-0.008262880144082324,-0.024900427698914044,-0.022182918391576132
6220,-0.006100698345442704,-0.012391604260746838,0.022924358315889567,-0.0025230907238955403,-0.01248561101412697
6222,0.005302837540853427,0.004219509590816864,0.004606617128041259,-0.005835028952177244,0.007047851545229381
6224,-0.014225834579717692,0.01414561984621401,-0.009209793877267313,-0.02690145450280893,-0.008011544846125757
6226,-0.012639833566296702,2.489615484649003e-05,0.01077551928155582,0.013524556725600748,0.011444115396505285
6228,-0.021685930318374253,0.012187452138929746,0.01769200272223377,0.021075229995657394,0.006005396912861825
6230,-0.003399848117690593,-0.008886381549441854,0.01614540676336263,-0.0128185521190651,-0.0007055433363674572
6232,-0.005391436628525411,-0.0007807698649389952,0.0049491501976489495,-0.002014524138670499,0.007007049773940181
6234,-0.009939675569608144,0.00784380339059278,0.009402912668657932,-0.011824099312215534,0.0017810484893093965
6236,-0.02647882187584211,-0.03271646435340831,-0.007047105850192366,-0.0022854619048380573,-0.0161161725965458
6238,-0.007385843984445221,0.006530838122760296,-0.028372304058347106,0.006739942353296229,-0.028103598733947858
6240,0.0024195743892259217,-0.006564133075054234,0.0004190550979735837,0.00592830730431044,0.007228600759621916
6242,0.019265345471017208,0.009303120961085931,-4.3844172922792426e-06,-0.014836372572593131,0.01822454010876131
6244,-0.0022575122373314814,-0.0012328880146234994,0.015235284901942092,0.013031553893185669,0.011914437134244131
6246,-0.01382723844164462,-0.006102926384926451,0.023123332979659267,-0.005203109832829323,-0.0017398151095281143
6248,0.011629516202949296,0.01428859007618879,-0.0003032305254974389,0.003742024026929195,0.025423216454130683
6250,0.01621101503547327,0.0030236858853481333,0.0030299886235985204,0.006431006559517399,0.0070818353312331744
6252,-0.01745660548227325,-0.007860966878337594,-0.010797566398443101,0.0034320065203211894,0.002230127286374978
6254,-0.034934087936086614,-0.003071080042327926,0.01390462396029847,0.018848582618466,-0.008420968763813324
6256,-0.008685340924484013,-0.005146180311049418,0.012778541614177208,-0.005838209911832334,-0.007430294434963101
6258,0.0037377133450321714,-0.00436101083750309,-0.00757847881264348,0.0011064677576708801,0.014202538508619742
6260,-0.02649530650861707,0.010059904618885363,-0.00513076649866009,-0.0047021781885751525,-0.0023499890871001208
6262,-0.02093858818499856,-0.0015853970694565038,-0.021577759312696208,-0.019792205795159258,-0.01751209690765771
6264,-0.01058290367783796,-0.010317139802235368,0.020927651590296706,-0.025299668302636857,0.00046025135286806594
6266,-0.01384581122779777,0.00210509221563176,0.007193691820304089,-0.004909631040179425,-0.02728402348681774
6268,-0.019004280343303856,-0.015479849007272322,0.00012376394693847716,-0.0025631540658663365,0.021597757270973617
6270,-0.0049949525616773864,-0.0009143907262236981,0.00045697566488151067,-0.014442973093435797,-0.0058603383970026535
6272,-0.018693627823681964,-0.003653440292976685,0.000807763999562157,0.01111234369665293,-0.02238897988608968
6274,-0.018911452852476304,0.0167623316329589,-0.022124450876443238,-0.004065634103532348,0.03190758315574633
6276,-0.010768212704015446,0.004292171380970098,-0.016336275414250742,-0.015239172196245016,0.003428903956872292
6278,-0.03036086803136866,0.00800045750729818,-0.0026529531406602057,-0.03848769032331321,-0.010806448496043378
6280,-0.011681285149771865,0.014719186872347188,-0.0034964681188691935,0.00629863948861085,0.0033290880096927154
6282,-0.006392037989884027,-0.003092257070964742,-0.010284879002439058,0.0001913493057572447,-0.0016072901009286484
6284,0.008059712588536787,-0.011110107597779669,0.01671843845262022,0.0237864988195262,0.01571821187724774
6286,-0.00829771253704863,0.022091733197929998,-0.003306523965816988,0.008885739578591092,0.0030987175650974024
6288,0.01736175812949719,-0.015231760424313248,-0.002705962570412825,-0.0013639202641969133,-0.01359345384653855
6290,0.0014714177359460544,0.002927386966195803,-0.006031906831986534,0.03321801137767829,-0.016296042406090776
6292,-0.017365380068960226,-0.006800616117322646,-0.0006983424376357218,-0.013990784139534179,0.014280723978711787
6294,0.002126652596605575,-0.0007060409396797076,0.004061308279412689,0.0075010815746644885,-0.00368422762172613
6296,0.010333201102691562,-0.010455558213415128,0.0063858214455172636,0.0153517315325026,0.024377380716439925
6298,0.001180545237668119,-0.03770604011917822,-0.01768481237885072,-0.005469849858485017,-0.01628161788097228
6300,-0.017400520537246188,-0.016651866999978768,-0.0024006481209282574,-0.003671179192214292,-0.0006032973752237606
6302,-0.0011942670610275525,0.012008676536443977,0.01942961353000533,-0.004542685613527396,0.004134973108393103
6304,-0.021050047065657437,-0.002454383753723265,-0.01250229515351344,0.01690737402183892,-0.010626986428870238
6306,-0.01460271601352943,0.007605507189071309,0.013770272889274503,0.0023033917221056315,-0.0008079821309414887
6308,-0.016245002120917826,-0.0007412035000830587,0.019642039462005583,0.026544212288303004,0.01447376111697895
6310,-0.005014260257082756,0.012759163777115026,-0.0010000673437051866,0.014429849830181628,0.00633204191253418
6312,0.00961646464115557,-0.0007986380324063225,-0.004168532457646495,-0.0004997315074092377,0.005214792790615672
6314,-0.025745382071520256,0.004080511290716252,0.009911467935230511,-0.005411155435006884,-0.0013983266425851887
6316,0.015940002559536814,7.301625226586238e-05,-0.014717130398489958,-0.011087966915679348,0.015556174765396582
6318,-0.008883071483752338,0.006154286448930988,0.004026901830132632,-0.004249734233728795,-9.481479147782371e-05
6320,0.009687120687915104,0.009991296434243844,0.0027002541960269035,0.014883044239921216,0.007543995433061853
6322,-0.019109271931753467,-0.006439202567840049,0.001671400945689404,0.0065921381325166895,0.005207666635698166
6324,-0.007997891539823308,0.0007078920342673024,0.0035581572679747125,-0.007424385995481722,-0.008673302761069136
6326,0.00803648889467449,0.00957997509369266,-0.01286673773726389,-0.02462364509049163,0.021224594000300943
6328,0.012331744628124232,-0.015203083206904939,0.0033233029047807327,0.0021191897180182595,0.02088480941243764
6330,-0.007809110071136559,0.011242918795572187,0.011684601902930355,-0.003532471766373251,-0.008575185933915612
6332,-0.011343022607050852,0.0006536734720261151,-0.031327205356801995,-0.042011328585465156,0.010971367308280458
6334,0.012500836476292387,-0.00790166522708059,0.01199366651443666,-0.010225057234749332,0.007574606255284251
6336,0.003990091081395424,-0.014404082394797546,0.00432149157420994,-0.0053601398581281275,0.008485102232760632
6338,-0.004565688481321696,0.0028971274826090528,-0.001651413016359782,0.003483472876077675,0.02923992561691049
6340,-0.02023858918636996,-0.02327791150620944,-0.013364730622155289,0.0035381101049490223,-0.0018318872386112735
6342,0.0156772785593737,0.010644735055799262,-0.0003134862243541308,-0.01095045985741444,-0.024534496230566465
6344,0.013869234241448746,-0.010120969806301068,0.0012581886669573632,-0.022916184710691078,-0.023896775373770218
6346,-0.0103529368559615,-0.0038138156431267033,-0.021592534677907203,-0.030081129875778483,0.0033046521798104503
6348,0.013280705805172812,0.001691166349524264,0.001479681489962506,0.02047611017739779,-0.01754812863398019
6350,-0.020299438178882565,0.013079063875014259,-0.0016157144304692703,-0.001852999638166445,-0.008017055900370482
6352,0.0018441275523452564,0.00832575649675248,-4.264815001515227e-05,0.0025910179630562477,-0.017650263526423186
6354,0.0006950096729563057,0.009486293641129242,-0.012742869299346026,0.001407060219542536,0.0030171852271450045
6356,-0.012209036348190136,-0.0010422129649352034,-0.008850280212394819,-0.0017135258487072876,-0.003192697642561666
6358,0.010130522628623346,-0.004363085874528064,-0.026945356192555163,-0.0038864259923723178,-0.00970453907222078
6360,0.0015475698495336441,-0.006317613234169011,-0.007702636421994352,-0.007901151314887563,0.007257972527648676
6362,-0.005701768342999491,0.005580350206359501,-0.021071512424311274,0.01920573413474407,-0.01538126059513771
6364,0.033633552917499365,-0.02447591926595896,0.00045730242493178375,-0.0002542028374538456,-0.005886755238667174
6366,0.005797807332191889,0.009653468612022572,-0.021602562419409953,-0.002507249622926947,-0.012940740810063368
6368,-0.00406606100159036,0.004307485977035623,-0.019757812596031953,0.010084134680593585,0.013037347761062967
6370,-0.015752374201889074,-0.004780106808217207,-0.0035403968762380907,-0.0031058816218821734,0.008557747259144132
6372,0.0008202000242876549,0.013811531740893192,0.0061812556292071864,0.016966942984264446,-0.015967745500940732
6374,-0.024946693516531962,-0.0017106842813834255,0.00900389031958866,0.006620944997893666,-0.0033909467083072286
6376,0.007212610155145591,-0.025341862331296906,0.0288625461808226,-0.017037328528910354,-0.020977173290232697
6378,0.011304964090863824,0.0018696572171577794,-0.004035660777078602,-0.011260166235933965,-0.01503754757112483
6380,0.0026186757390936244,0.022603444331513445,0.013528209477029747,-0.012068109616592115,0.017367256846844075
6382,-0.017966015276341646,0.01431824547050332,-0.018638215866711254,-0.0024213430170588334,-0.04841032513386946
6384,-0.007465578869169205,0.012045587533840427,-0.005741239470642418,-0.0023014441626895716,0.015235650805966578
6386,-0.02697275965941604,-0.031180109852488445,-0.004343816689364593,0.009022382078699542,0.03688512341819172
6388,-0.047599630203699804,-0.002908852947297318,-0.03173757998249868,-0.007334746644216843,0.013755266338955803
6390,-0.019029474971379846,0.008342429872159118,0.0005632138064554852,-0.003636201975410735,0.007716231002556816
6392,0.005793271628566362,0.007598740552950626,-0.0043188831430669,0.02680579049749169,-0.0008275140338265572
6394,-0.011509994736261433,0.007069271013709856,0.009684480273790874,0.013086714894266266,0.012274317667212223
6396,-0.016355210835591407,-0.02397154190673852,0.02001497487388694,-0.0024370979745723382,-0.02132366884805233
6398,-0.03221330133782968,0.002262122623703445,-0.0008972810504817182,-0.010290357796725713,0.017755791352283966
6400,0.01915597938000641,-0.006062605441918101,0.014650045474778777,-0.01143977844441462,0.009262982120583789
6402,0.004641907275798913,-0.0010603007961781472,-0.02178288080333534,-0.011783072328999618,0.010832563784547843
6404,0.03254459778854596,0.030520968599927496,0.02263537151756176,-0.016064786619661053,-0.005391328499147925
6406,-0.01939659814905753,-0.01865487412315016,0.00921107494757019,0.014922695703547784,-0.0026543629759717326
6408,-0.0024455365210818572,0.011009979245079743,0.004456737867238102,-0.007166284694069942,0.007022910663441763
6410,0.011942348863572093,0.012917681801418043,-0.007001058739009798,0.02170718321302208,-0.009803879829662113
6412,-0.021745144747934996,-0.0003397330090988514,-0.011410756705261142,0.009396142608278087,0.007137181812648129
6414,0.0015332639826362536,0.010571845788910343,0.003542969649237473,-0.001777960004843393,0.001130086238048368
6416,0.00020456570700611747,0.004490867335555532,-0.03199847703602148,-0.003894063569803463,0.022790720371950082
6418,0.003063836065243278,-0.028022940284588682,-0.03727800690008059,-0.034750754240835895,-0.022354228102735175
6420,-0.0038316573409792366,-0.0009236461544608909,0.006936498820969787,-0.010834881771415278,-0.007276504692167959
6422,-0.022708686157111784,-0.024975039839524964,-0.008382817289513893,-0.017736261915501823,-0.0068832135843429265
6424,0.022997540008001607,-0.019640026117920734,0.005260190941813673,-0.016491159691456835,0.006987235855590425
6426,-0.006571209271013349,0.009086867933550612,-0.0072700036691500805,0.0017731480193764243,0.002590951446238184
6428,-0.011172783071601208,-0.010023318484932719,0.01971046482107171,0.015876312334060564,-0.00698282192944133
6430,0.0015856025664632662,0.03266174322391504,0.003523284545096508,0.0012031050189934168,-0.023143088982438748
6432,-0.013569254968330294,0.015712787161370305,-0.01841772509365375,-0.008682576130685123,0.0070553552561676966
6434,-0.03486416567307154,0.023578418196909694,-0.0034722853849273923,-0.008247352478862305,-0.027233003887463823
6436,0.007161332477183486,0.022355801140696793,-0.002839657803289912,-0.018059589261260056,-0.007241785380183881
6438,0.000742703265244231,-0.015405654125421723,0.017342984086837498,-0.010137156614536359,-0.0001445071476708748
6440,0.004956639810361456,0.017734340977146122,0.006645473589935481,-0.005473342961588744,-0.004958475909087436
6442,0.021627496115950762,-0.011134699448885928,-0.0038493862812895574,-0.01138050850420012,-0.01801572482113204
6444,0.0027855553621308907,0.0034175280362275288,-0.003932996532143815,0.002886429054972129,0.012969094125910265
6446,0.013676388310376729,-0.004922696274132142,-0.004659937558812044,0.005141267650911872,0.011824343339315946
6448,-0.008711176336466713,-0.003719859917149093,-0.004169675732215129,0.0009306782175301471,-0.014396808898357235
6450,-0.00993329038499,-0.007686026873418405,-0.002824244160228064,-0.00836291192538107,0.0035737796361162916
6452,0.009394193996761686,-0.009892548572809474,0.01758329033363727,0.015030609659453565,0.0033916547203534644
6454,-0.019875198635731815,-0.02351519264983087,0.016437704613899852,-0.0010469732271955225,-0.010261887920060364
6456,-0.008663473975183933,0.008334104060176569,-0.007496872847669559,0.005538881228365232,0.008882443435660008
6458,-0.028985004357446807,0.02323874257170265,0.010259903610541774,-0.003409411207962823,-0.022769912412086788
6460,-0.008266715170609255,-0.004353519315711807,-0.0027887908904515556,-0.010638349675442122,-0.007971238988066318
6462,-0.013049410174115275,0.006216226580614735,0.004759643077889343,0.003440660688635604,0.002674993346929986
6464,0.007751947034017748,-0.008841951775400843,0.008353251054400873,-0.018049221440545764,-0.007122894574935007
6466,-0.037097137482032846,0.009989752660362432,0.0027499579751065597,-0.013165343408924585,-0.011202034400392129
6468,-0.0030073949962421587,0.003423654748736346,-0.014260950827873304,-0.009059307930693912,-0.004582634035315036
6470,-0.019388612645899347,0.002570611367406863,-0.006755349705521184,-0.020482142970606708,0.019745133118874655
6472,-0.012635842350498727,-0.015919517328119807,0.03256334109855767,-0.011646852396165969,0.0014131540848673376
6474,-0.004099827226485609,0.00985273218580681,-0.005120921251842474,0.0005771581901209753,0.015889260272417088
6476,-0.009661847074432421,-0.02234491376914415,0.025665355729658074,-0.021868334655937027,0.004316169933624497
6478,0.008685935133225128,0.032264558710697125,0.010214678822787841,-0.014475941029024282,-0.012255861575345414
6480,-0.011030809604911455,-0.01105015041748683,-0.0115042372402579,-0.0034162100072912213,-0.0015394797742563071
6482,0.020553451550018434,0.01281442454815563,-0.01771903867395202,-0.007809271770719352,-0.00017427611063101448
6484,0.0008414335307610522,-0.000979597986703525,0.030580832377622078,0.010634484280480161,0.000718338219520253
6486,-0.021760923885190582,0.0071109251946218964,-0.0026762718607657664,-0.010352911514432116,0.017680350123084238
6488,-0.011487579768027978,0.026417492006970984,-0.01520943198029161,-0.025128255407787677,0.015544271325193225
6490,-0.02044625054925493,0.00972054622969956,0.004438005162176866,-0.006925044469331089,0.005345236597121018
6492,-0.012733801491087346,0.010310380854194803,-0.007120742752670905,-0.014716671862881461,0.009343225610998497
6494,0.0044157583820101974,-0.010487571121405607,-0.013411284954042637,0.0034569722626750453,-0.012743780719370948
6496,0.005470063796518371,-0.024590757009154057,-0.02874297091269206,-0.016101049392491584,0.004966456052443915
6498,0.019211812080079355,0.01652182363630752,-0.004503986184856425,0.0023287790104078933,-0.012521361267528905
6500,-0.022501478598718965,-0.008372615699786388,-0.012025044094966516,0.009433231932211739,-0.0015245760549272146
6502,-0.003768456722144998,-0.011037434424352658,-0.0011281026541554774,-0.0061094843043182434,0.0012604013400556845
6504,-0.00035862992586117376,0.012720785198353181,0.0004242020606016287,0.000993327550799901,0.002567053109523734
6506,-0.0010893004236307512,-0.024953618545658137,0.016329706359598514,-0.010694093678891462,0.000393168034206818
6508,0.0031267174891809395,-0.010384760529808537,0.002079441336378603,-0.0038917674595052194,-0.023526072129212403
6510,0.00635545206283721,0.0006885788165948021,-0.00041123993982791085,-0.0013757175334104543,-0.0018245328762828772
6512,-0.006113382416013038,-0.024746791045512504,0.012177901817886421,0.013559035914288935,0.0144482447856849
6514,-0.012002275401448772,-0.001539683958965906,-0.024201683352953945,-0.00500135867281652,-0.013597645428622995
6516,0.0041287703644171695,-0.00077596959302191,0.017255548692295734,-0.005678415094292041,-0.010217696651317599
6518,0.009583170077832815,-0.024252012440746037,0.01472282884265343,0.01796955997286803,0.009526330148256216
6520,-0.008096280831493224,0.001009690887968965,-0.017186370270377754,-0.011119548839848316,0.0007292091540419359
6522,-0.0033881391545525588,-0.01051336187438809,-0.0072568105392065655,0.020459580160066406,-0.020187305868953266
6524,-0.009776109956273708,-0.0010094017129642172,-0.024978825888764065,0.009508856546309258,0.010858455237175135
6526,0.017703211811937233,-0.006503226408005744,-0.0020871878481678085,0.0011329021365483563,0.001669626194535728
6528,0.0014433620525901502,0.031101530408293446,0.00936364290555643,-0.0010359727721252947,-0.008623246373719919
6530,-0.029125313474521068,-0.0003345500224514693,0.02955543494664997,-0.007223746885569507,-0.0006001651505051003
6532,-0.0026564479492888417,0.00504227064455692,0.00047064564230063174,-0.00296326831074972,-0.0011885291117392856
6534,-0.016318747094501537,-0.020665490583926034,0.022063483125391158,-0.003424468380366011,-0.005914950069119958
6536,-0.0058488485250406085,-0.006290561975329819,-0.0025358176527040983,0.0011870408031006607,-0.0033918275531633563
6538,-0.016321788642003118,0.017721756664530987,-0.00950382476207363,0.020359437880083285,-0.005929088516820455
6540,-0.002068611977637903,0.003935076627550935,0.00400939174914306,-0.0010700824549971842,-0.009013322175042825
6542,0.03381648349419503,-0.02135115963341654,0.0006017218736673222,-0.012308818326700418,-0.024581738214412483
6544,0.017722884608424434,-0.017797365729206545,0.026431622524181304,0.01948964685195496,0.014899417911392092
6546,-0.014582053694352273,0.0022561311680798645,0.008273539942596865,0.0016869104520207668,0.018217976092668432
6548,0.010413370985246992,0.009366163143237757,0.013989477336158886,-0.012830469824373244,0.0020110751927260684
6550,-0.015117238372686265,0.006513625168915642,0.025765299210917643,0.0010615994647198413,0.012956916321489553
6552,-0.003358009795718972,0.004539322491578366,-0.008130884411825454,0.010377250569650257,0.0022633595411427265
6554,-0.007645360891588765,0.0362863580257538,-0.02848966666701668,-0.0016583657886541862,0.0049450677802250756
6556,-0.014709020345085144,0.00505473304428767,0.00308781213132013,0.00037234173230179444,-0.015161972066998819
6558,0.010269118077825773,0.002371045494686763,0.011644403311825955,-0.009021925832441154,-0.027073868424812277
6560,0.02509208455420365,-0.01308396249610821,-0.015414356470548542,0.02245853542411313,0.027868902106394117
6562,0.030237223903189375,0.0032813778887718823,0.01990894231298721,0.016181213900153972,-0.015007849572359162
6564,-0.0093163022756712,0.006994716075013443,0.006192589714733439,0.008754621590536837,-0.004933826461228923
6566,-0.016290291404795636,-0.008388023490651247,-0.012726048250031338,-0.005535883626798805,0.004967493713417263
6568,0.025902005190416653,0.002125854576558574,0.0010090919693949525,0.0012187703677663676,-0.00043345145982821284
6570,0.009105986410328717,0.007052838959366758,0.015677243887182942,0.003713751574638118,-0.006689838457848916
6572,-0.00403142724629173,0.013304482245899684,-0.020390032757263185,0.011315653943756885,0.0205194958344551
6574,-0.015394071574183866,0.006626425983959585,-7.900371973251598e-05,-0.00211182831879449,-0.012231648674021624
6576,-0.0035692888341560232,0.003562954335406893,-0.0007110117770673239,0.003285405147920474,0.006214180015537534
6578,0.011674237324582247,0.008375458500504572,-0.004923974077254302,0.0220059003652395,-0.005811958406389584
6580,-0.006969250500147142,0.01940371480366912,0.003120135155195433,-0.019416525117570787,-0.017769438339837827
6582,-0.0017176378453399475,-0.02188354356385776,-0.019387744253007634,0.00981501012159349,0.008356990723602483
6584,0.008671391643256879,0.020443211956441654,0.006567016344640911,0.0004852744289471822,-0.0006904522528447915
6586,0.00014309600080896352,-0.013734877523142102,0.0019840949137590737,-0.03897190040638211,0.005019774058642176
6588,0.002496112682958154,-0.0035961476932261814,-0.014210060759208606,0.0027102526106344386,-0.006663328419294022
6590,-0.0052215927305934344,0.013975461801964873,0.0068414484519817185,0.0018007925847855408,0.013207674378188797
6592,-0.010675022630228953,0.014688824025645817,0.007628336746736697,-0.004080460697549075,-0.009919896159242604
6594,-0.0018194674057101332,0.0029391674329237757,-0.004088176979045425,-0.008219577086646078,0.0015745283789542106
6596,-0.029604642864497398,0.0052914985017630195,0.022061071460732815,0.0006731399529647658,-0.006815675642935923
6598,0.0012794813403729612,-0.015360139912949348,-0.011294649332982043,0.005858844432297831,0.006037556267637949
6600,0.004146810486578849,0.0031382007486117276,0.0005692240415810442,0.000713936625551652,0.0009853495794162387
6602,-0.021755222895576652,0.005843578956971689,-0.016567303591861888,0.018322237747579788,0.00020115445388494348
6604,-0.02235988155787977,0.0009746218401290839,-0.0024637999992364558,-0.0019775878085780203,0.0012522240146877587
6606,-0.01278300436444241,-0.0019153678452205317,0.01115810719310892,0.016206117553270224,0.010665465606407179
6608,0.01824264138695214,-0.0015893259520721474,-0.0017306434687958364,-0.001573578928234799,-0.005507744417673718
6610,0.010004576915979453,-0.022988897320399927,-0.007532994830436476,-0.01600093032837985,-0.0031553517381879845
6612,0.0047639209946395405,-0.0033941744324156357,-0.0028133544243369593,-0.01836168197064288,0.009076060134862958
6614,-0.015587150960139923,0.026065310358043957,0.009314526331572084,-0.008534664238864398,0.014567435608268009
6616,-0.013384072920755646,0.011922522402927365,-0.02963019610034218,-0.013032677747855376,0.005137570499680514
6618,-0.016217765653397456,0.01747283845166678,-0.0024236855271118087,-0.0003094264677381631,0.002885792493180148
6620,0.014017817699391113,0.02016798211182956,0.0012797806368190535,0.0012387050725505837,-0.02335483783966251
6622,0.012307661197260018,-0.006465824787803239,-0.00879369832352136,-0.011955271895163303,0.010773451293942474
6624,-0.008233514277335275,-0.021047205179618843,0.003804006905360558,0.004979486219874036,0.021056222163518462
6626,-0.029338900885666923,0.02665478323086488,0.03770378306718639,-0.019171301375101202,-0.023967645547498532
6628,0.014674117748244118,0.010660030252580319,-0.026199822790358325,-0.010559241334177703,0.0191989155366303
6630,-0.0021215875515239267,0.010431369061153757,0.002128908155029293,0.00923543454883786,0.00381151759905947
6632,-0.0056020680389178195,-0.0038320636405609386,-0.005576702071528632,0.010509916889586551,0.022112235532217892
6634,-0.006343676129045945,-0.009852305246745212,0.008443126147984465,-0.008297686106508544,0.016229268156486423
6636,-0.00045821140716308925,0.009240874500458922,0.016429736829550894,0.0028294912692757405,-0.008748534288869993
6638,-0.006070173009009425,0.02300226381139643,0.02590849716204201,-0.0033180000170376987,-0.02424434884911429
6640,-0.01468333829142615,-0.011238368488504253,0.007016898841857866,-0.008155767759138876,0.0053374168389200925
6642,-0.013066824810590981,-0.00896646853566119,-0.007985503908301873,-0.009900483722075627,-0.015361473577777804
6644,-0.006937091316541082,0.02195711274198472,-0.005186106120412301,0.005760884008298531,0.003532950396447782
6646,-0.0025778397276444076,-0.008404457881939137,-0.0017862530839412286,0.0021070727160508243,0.010395041287319683
6648,0.006483439151868548,-0.019444892169600218,-0.012628167486385768,0.027385879785615658,-0.01666787401311559
6650,-0.004848064854376488,-0.005976532076193048,0.012823651076099752,-0.023091838624466825,0.0011294104646402186
6652,0.003277231903395268,-0.00624969246536765,0.0134916796839771,0.0033632608052982286,-0.007493245298690399
6654,0.002572842864065652,0.002106917789160674,-0.010979392907903686,-0.0072035578555520886,0.006142080710361081
6656,-0.014092252073301129,-0.018977034053612108,-0.0015166488648576024,-0.010869707399435102,-0.007204590063523865
6658,0.01192174353109954,0.0014461201590891392,0.00502119524285767,0.004139454136186018,0.01631234096486348
6660,-0.006434545811528764,0.009381436449588238,-0.0138835868330009,-0.005272090433326373,-0.0076548692977330916
6662,0.0212070237694322,0.012253441006696187,0.01714303229444197,0.022710372414698237,-0.0008055680460233469
6664,-0.007119034689136696,0.0026761180735553405,0.014986110709161574,-0.008286302075146964,-0.027731361882188155
6666,-0.017419188018846708,-0.004075801912287684,0.012795310036983466,-0.005653952996109785,0.028782604722948753
6668,-0.02983313453949397,0.01296991592383266,0.03185398662617205,-0.020806184186742904,0.02177445575448895
6670,-0.007537343512198212,0.018951338417739143,0.012858803305250629,-0.009468933194655882,0.01998225637919543
6672,0.004047014075028623,0.005681304317523609,0.006147239540923566,0.004657836499738393,0.017682144292545568
6674,-0.013994059930808187,-0.0007967803165639061,-0.0061132436499141615,-0.014764973600431799,-0.006558350373245249
6676,-0.009874841534682486,5.8520906745470573e-05,-0.005790290903274608,-0.009704565671218024,0.009866136126982679
6678,9.587534920000942e-05,-0.011562004745890754,0.0030562547135832042,0.015315416528693317,-0.006922243432748084
6680,-0.009424111366912007,0.008715902453989885,0.01997688496291144,-0.01904344837435101,0.005436590255042771
6682,0.004664690712955331,-0.0018192448046279112,-0.001967964672609584,-0.008871133834974482,0.012175605023748624
6684,-3.8259556590903366e-05,-0.006457580524882399,-0.01236152926590588,-0.0038885745350523532,0.016891714445797217
6686,-0.013677400369011378,-0.01872353533899568,0.0004368198976164204,-0.024546024704900343,-0.022964639314893766
6688,-0.015138771652039336,-0.022554891197504996,-0.017440840044444735,-0.009581107371504709,0.00698719822182943
6690,0.010063249202326522,0.008263952252002148,0.0072896170014676576,-0.015564281272032963,0.0027703503431203832
6692,0.01514384079303268,-0.005286641723592941,-0.0035731516886470176,0.009574337640129528,-0.0036250236916081386
6694,-0.006864927594044305,-0.04420889686780458,0.0064338199407097466,-0.00597675074848042,0.007983878829910489
6696,-0.015513599861678964,-0.00035507462906944577,0.01603809277775985,-0.016339388510135333,-0.008885073024646644
6698,-0.006424496077162455,-0.005323391985827925,0.015095513090696018,-0.008388775090461544,-0.013693381013510756
6700,0.001150341559446921,0.0006211860725037371,0.01521212867100841,-0.00281163795259247,0.006111895414505665
6702,-0.013801202639144168,0.0019596474181859127,0.015237106278145106,-0.0003927758906220448,-0.015418663392161561
6704,0.02844307441056639,0.010771295022848733,-0.0009292796830335963,0.008228125419033424,-0.013019519580295966
6706,0.009886171686770159,0.023917821403627384,-0.006795970896700205,-0.01941513402129319,-0.007590228000211799
6708,0.004051958485310913,-0.0002078368227871867,-0.013552267865529608,-0.0020729829433371503,0.016693425339719545
6710,-0.03154492405396675,-0.0006695817432874032,-0.007133591861522616,0.002624002562636991,0.006638463481920233
6712,0.003934868431661819,0.006687553447665998,0.003140293101905339,-0.02090733623505984,0.02030632396776234
6714,-0.014857480219563015,-0.00773970222043689,0.008968786463460627,0.0098175552030289,0.0027723121337307846
6716,-0.006425371872113197,-0.015106407155228246,-0.01177382958123334,0.006988082402518488,0.01695144839359412
6718,-0.006325614672567996,0.0035935342547174795,-0.023011537777190023,-0.0068340043560530745,0.04235514617635109
6720,-0.015129701334933967,0.0024937726817507097,-0.0026221280520651465,0.0028524139594967527,-0.010569483061844399
6722,0.023756687220070013,0.008479539498508586,-0.015979304759085374,0.02507756766922792,0.004653175457852462
6724,0.024533593404916218,-0.0041930541976914,0.0004905709315637691,-0.007778364750347275,-0.01218762706928744
6726,0.0016860895607934642,-0.03326371556296237,-0.012154344070130654,0.0008640131830321795,0.0067670734807737075
6728,-0.021682844169031174,0.020862681599530676,0.011190952385358001,0.003202780646901086,0.02220698155209662
6730,0.0032870738615363364,-0.019567441613750024,0.026453230103543113,0.01078796305945541,-0.0033162197604421602
6732,0.002421114005728701,-0.020144990646466906,-0.013747593832866526,-0.011704596490642568,-0.0022548362079945036
6734,0.004754364195564091,0.007137586787998301,0.014878652421671102,-0.02211999584310524,0.0029902946123807218
6736,-4.701418754313261e-05,0.008511351234610436,-0.007017740745022111,-0.009849992515595192,0.008266943566348937
6738,-0.008395287763430527,-0.0027750027939299694,0.012945977996978884,-0.009740808943683421,-0.004573551588028539
6740,0.0006160923575715388,-0.0064509441806104685,0.0007667290670928932,0.004867488144551147,0.0034690053471090466
6742,0.008297262494686704,0.013398798497360125,-0.003524457841730592,-0.0034672508646221034,-0.02050481313438557
6744,-0.021075306240494647,0.014912560309635238,-0.0004994730661186146,0.0015262276917251945,-0.024571878069133316
6746,0.007249799176367556,0.01234433007925879,0.001761820288667855,0.0047466442829137276,0.027016058621008275
6748,-0.02610239387452429,-0.0035396726670579096,0.0040165076070318205,-0.0002885373489654165,-0.001013278600791746
6750,0.0033033989055191696,-0.00694361573219507,-0.012161154585739272,0.0007516652910902026,0.0015183377996447363
6752,0.001204710951289135,0.022266943995967976,-0.006391660586518738,-0.01405693380796007,0.00825922617089186
6754,-0.0032967026910871574,0.01182880282052001,-0.00903946284946411,-0.007714424103927692,0.011934452387606232
6756,-0.0028441730929131097,-0.017189156193650117,0.022290267963119236,-0.022292307266108837,0.01528060085038621
6758,0.042989190279624695,0.020019755786274924,0.00881634245312652,-0.020293891181757534,-0.006713535008516957
6760,-0.021569371399845997,0.005880176152852144,-0.018875431835958738,0.012644886236475045,3.522367903909371e-05
6762,0.0031674267384717205,0.022487225612177187,-0.009156449246144607,0.012581672403337197,-0.01051993280270636
6764,-0.022307527209250274,-0.023897715379744177,0.013777177416870965,0.024890366673730235,0.025391668869939394
6766,0.010480603380560926,0.008952168413778983,-0.007570235998753483,0.010873529719006856,-0.01827071524845008
6768,-0.009095051947700801,-0.001995135283820029,-0.009898781924343314,0.0025631663400765906,-0.008477067665485803
6770,-0.014746393098226519,-0.02193606225726069,0.0013503308261192228,0.006411059044933416,-0.0021818680263730465
6772,0.0005236731402084019,-0.011395159357127536,-0.01649930758964426,-0.016130064783930555,0.034454952204433044
6774,-0.0049584673846388375,0.011016071775881752,0.010290733495135412,-0.005245162170955766,-0.017680925721031512
6776,-0.015403093465444455,-0.009231252028922159,0.006826657350030804,-0.027852230732945453,0.001516873585208903
6778,0.01412497945728556,0.009476023515264349,-0.02425399656973519,-0.008043043623724672,-0.008102193875642065
6780,-0.008910637541690965,0.006528894945704123,0.0032360340057033766,-0.004639075369963776,-0.0020664551745833083
6782,0.03291805297071006,-0.03814316606588356,0.01445442061260867,0.021521291522292662,0.026591766744223387
6784,0.0026951861511186528,-0.02635196633168702,-0.008115021488883413,0.018027372690740645,-0.012508060250974735
6786,-0.007576876311540852,0.01493819104024311,-0.00021473334457141908,0.005040124089697245,0.004414724819975789
6788,-0.005478839839025237,0.028364890436583926,-0.010730486000965867,0.01411279051253905,-0.014958002744119125
6790,0.015313379547199834,-0.0073060482668208596,-0.006979887440982522,-0.008621111894766859,-0.010274411842489641
6792,-0.002994116495071463,0.005539589939282385,-0.005413806967378731,-0.009052767399005826,-0.010183874597015998
6794,0.018488030560175624,0.03333667585553895,0.005174234662200839,-0.0176404484078957,0.004961397816885121
6796,-0.00875357835709085,-0.0003932809688734716,-0.0008639344946153292,-0.008358287607862636,0.01193566829824619
6798,0.005048518652421388,-0.010747305148208328,0.0053323652866172746,-0.018623157782151522,0.001369238956406725
6800,0.00430153710616197,0.0006411255888951735,-0.01826657693413999,-0.00941227638466097,-0.0061581713150827624
6802,0.010722809850975411,-0.01621561598410464,-0.022127982798247722,0.01364836330347483,0.005616189167346693
6804,0.0008868904528935487,-0.007510198137926487,0.00014283532895659944,-0.005380919652030818,0.02372588618752247
6806,-0.026426909899066806,0.022768622481999023,0.022680340031498103,0.007529416384548623,-0.025524974311565394
6808,-0.010119117030593384,0.0014548713222036476,-0.0023216292947564627,0.0016614877787224061,-0.016023198039842913
6810,0.005521732300900027,0.0007884204162045766,-0.005132807843606155,0.01213689039530773,-0.0063481398339520385
6812,0.002975182620137265,-0.013820334233292,0.0031725551448190527,0.009550067502772763,0.02166541841984293
6814,-0.029677680654999466,-0.03103322527195707,0.003084957711013406,0.011128181411726393,-0.01270483696265195
6816,0.009953167676764955,0.007944435637733302,-0.001394859420074722,-0.024929156711327113,0.019544692926395168
6818,0.026382390664934717,0.0035262898867148115,-0.017016290280103177,-0.005591334738792688,-0.016286802246211905
6820,0.005760069984496358,0.007895098506898613,0.006181144193498821,0.011730295672110997,-0.009516882311013424
6822,0.013087479002576025,-0.0032655724732834476,0.010318121159696853,-0.005608754880104777,-0.009540942567725802
6824,-0.022203633435688055,0.021760658313275304,0.003601189362512406,-0.015297603654157577,0.0190105075472945
6826,-0.016338901482159805,0.005394351660406547,0.021837817820787732,-0.0320300843198561,-0.014024432103387958
6828,-0.001307416072546695,0.000438132754077877,-0.0045191982784499474,0.0008610475870913951,0.019797092942105212
6830,0.0027138409754756654,0.015438881820816031,0.0032247521738982157,0.006308317684293436,0.012900694599792114
6832,-0.014088725994024765,-0.009020504464746212,0.015667379177296124,-0.024145599760384155,-0.00827044658893076
6834,0.0030078573524560206,0.024437710217653036,0.01333207598128207,-0.0017766035339585333,0.006013316007787547
6836,-0.007484500798248108,0.015602324377793025,0.01997621982242871,-0.026108655444230633,-0.006821362366879638
6838,-0.018068963077363387,-0.03258135026555669,-0.01831744505473578,-0.0056570779408377965,0.0038123210769718803
6840,0.008778322230698191,-0.007807769057571303,0.011415969355938468,-0.0019334039738954545,0.005394247628220384
6842,-0.003016722754472702,0.0010687857721096814,-0.00022957143861147424,-0.0022138803759582286,-0.01403358341914482
6844,-0.024383039941238194,-0.00970486074558577,0.043741948173661116,-0.0054795266727844264,0.005899972122217135
6846,-0.005085036798833491,0.019032804129446006,0.011913925076397361,-0.0023584126131366416,0.0020193711823323743
6848,-0.01710149716001088,-0.00799931468755122,0.036021399689272204,-0.0006663076245561943,0.01065916972924332
6850,-0.016739169101199623,0.004947318419578439,-0.0001159465752381911,0.018751542213599526,0.002833394047577011
6852,-0.020598375305263292,-0.013851719910683343,-0.013389495704905465,0.014754142061498119,-0.01569755552387254
6854,-0.02000023814652622,-0.0008565353220637554,0.009668031007960223,0.0046520084611465905,-0.008108147024021694
6856,-0.002949621269358682,0.01383391406734276,-0.0018987458925701479,-0.009844894474796105,-0.001731385961853014
6858,-0.00041054450222004554,-0.010077115047686207,-0.003385684019112333,0.02592575442672428,0.005316714457403652
6860,-0.02064011680104845,-0.010013621088776504,-0.015075918579402391,-0.008355455597539642,0.012360118076561346
6862,0.015230025234727954,-0.02752704527211918,-0.003522922021629045,0.007904308550466975,0.002557487099787312
6864,-0.005188255742996429,0.010333349288387784,-0.0054922658697292995,-0.0030417877011231806,-0.00865372200526159
6866,0.01526602469590619,0.006104885814988036,0.03479257455151114,0.02881057542525368,0.013523663856731753
6868,-0.020418632641311135,-0.00561548247022696,0.02090279164331892,-0.02829732735691505,0.013087878548962215
6870,0.003378840984305824,0.005013126836854812,-0.010985607212203485,-0.013580085001071097,0.006758339875656631
6872,0.016186574706183756,-0.00011000313744982413,0.018286120228527696,-0.0018936211521039697,0.0014159554043325238
6874,-0.0019252585665764201,0.0036847636795428167,0.0005165553581032492,-0.026364047472255916,0.026929333917264913
6876,-0.03178090065034904,0.009509441556886924,0.010076847217210885,0.012767711785694044,0.01571400070787115
6878,-0.014914625073879346,-0.006266154560973976,0.017647531465329644,0.009391357414164702,0.0038222849138023355
6880,0.005178524292383908,-0.0057921264587195405,0.00869790480795808,0.013152265544622007,0.016779352960936526
6882,0.013707838509855002,0.011134473285451158,-0.0015576886327728023,-0.0011753224304786555,-0.011218871273211885
6884,-0.012209353989800381,0.017970429182918246,-0.002932843057825152,0.02290984397045864,0.01697559576610855
6886,0.016414275398813318,0.006161124644217414,-0.018079290048244656,-0.009604462387011256,-0.00879420650093866
6888,0.00638772927030729,0.0046227160598633285,-0.00047647770262227156,-0.002875523943976312,-0.006566866056231061
6890,0.0004343621869727656,0.01050159783176297,-0.003713865453826728,0.03487081710520885,-0.01625672394716099
6892,-0.01643836068123787,0.029762283792528342,-0.006932303477557372,8.290777196106563e-05,-0.014998017396302715
6894,-0.014205728407557435,0.0072396992319013675,-0.015856641590135043,-0.031312853316940364,-0.006129611020902239
6896,-0.03347260969658788,0.007933393579168549,0.02908600948585789,0.01564724482123925,0.016585294893358447
6898,-0.025868799601384624,0.010149764058289787,0.008399575558448613,0.030149215259215153,-0.008756517277978588
6900,-0.0095427650144387,0.00923798590238115,0.001071219006242753,0.00053489557068841,-0.0038282376371923583
6902,0.0038374034665919774,-0.0021544157511862805,-0.001548709495299497,-0.007282740164439286,0.012088034146968896
6904,-0.0003738079111546461,-0.011068257999067584,0.0031302692810153674,0.02085062657768942,0.00279413691521865
6906,-0.007752297862827518,0.02096913969996438,0.012273978844508437,0.004183119658489192,0.012014437244291593
6908,-0.0012631870313583118,-0.028651068023965595,0.017736056052758645,-0.0005121150844783226,0.011008239321380594
6910,-0.01832689304936291,0.019470879914277383,-0.018474632055387376,0.016614865497278572,-0.01771735868030738
6912,0.005492859852961736,-0.015333675049003176,0.005100023477927535,-0.01206173622490689,0.0075043213657159475
6914,0.024435664824957765,-0.01695721766684894,-0.020692484011490358,-0.0024829677557224833,0.011702180419548704
6916,0.00983709040598499,0.019184555465808696,0.010889633831497896,-0.006906681553236574,0.007473097012574545
6918,0.00040229826009448424,-0.008867939374460754,0.004010420872174844,0.0032166003197302167,-0.019217161629787507
6920,-0.005442862047243075,0.01650922011647729,-0.0029591185639699395,0.009395736043447173,-0.019748892186985813
6922,0.0068724692045493,0.009889793253447573,0.03610745675972263,-0.00879964804951039,0.011876016385977576
6924,-0.0039846005830702904,-0.008035498041594563,0.0075879550541111665,0.004444476350807642,-0.0003260689369607444
6926,-0.007252358579521338,-0.009366590838167824,-0.0009885001011049914,-0.003180221107347838,0.050450630955899245
6928,0.01658917047908692,0.015985245839828348,0.005144843793404394,-0.0015326277316432208,0.003384423264128539
6930,-0.0040796410046428,0.0015349956108691401,-0.0010804091824809987,-0.010666031905845103,0.015038679790595645
6932,0.005446922199680455,-0.028346077298011748,0.008898256038310431,0.017315070359834584,0.0066595476939024165
6934,0.010635757203401531,0.0012933659305715511,0.006279920351641955,0.007616946898627836,0.021531478203633138
6936,-0.007024801027448492,-0.003009942663035454,0.01987733265451235,0.004852683967814598,0.005128805657332517
6938,-0.014190043777565378,-0.005672854499291615,0.00403997612736331,-0.013241305484624927,0.018634671726387775
6940,0.009026177120398039,-0.010778958305018004,-0.010434287413048676,0.013546285575007453,0.0031102359023489437
6942,0.006627737489103105,0.008042294904724672,0.0017140625049557273,0.014941026682478577,-0.0003679113437896634
6944,-0.011016072807016048,0.03130808877105888,-0.015399317396399891,0.016100745744436148,-0.004646878725453751
6946,0.00041472631765660786,0.007964698860662296,-0.009805384163894943,-0.01827051868391988,0.007732263917861183
6948,-0.0002813325911997528,0.004134551141972401,-0.0019550358349803287,-0.00011162494273624839,-0.006835046668682644
6950,0.012590831781277043,0.008706073406760693,-0.0030524147692631873,0.02989919187582946,-0.01647951236883396
6952,0.0021037532236635155,-0.04449552288348609,0.006291563096736597,0.00622061437123674,-0.016277323830557678
6954,-0.008805400004440318,0.011415854216054214,-0.016728443699940213,-0.007321854814054082,0.0007407596752470316
6956,0.013386594992053958,-0.003490477741735318,0.015393233340690017,-0.001989146311334864,-0.01055592514942285
6958,0.010248472923791956,0.0031362033943332494,0.005726212463931533,0.002702620499295539,0.024313916812674384
6960,-0.0006970831948793631,-0.009898521506312093,0.002755798632686658,-0.005338847468972372,-0.005954708980302909
6962,-0.006785349753624593,0.043165123229182735,-0.013935902198553127,0.004410808891564087,0.015473482601778136
6964,-0.024127611544324898,-0.00033040479883390453,0.0023408879790070827,-0.012209017794834291,-0.019493815181166357
6966,0.002295251013664537,-0.011205416966869176,-0.0031983824840247145,-0.010280075942251292,-0.0011063953296175956
6968,-0.01697698722635698,-0.008760122559168223,0.002872003744862242,0.03222734802145748,-0.014490557626051852
6970,-0.0004656899296970447,-0.004473524427708132,-0.018790898919544385,-0.00585196001698406,-0.026427159245428645
6972,0.001795006140301303,-0.007408494080300999,-0.01314701598770548,-0.003991731625963932,0.0013869151691387695
6974,-0.006991237740573014,0.011018322539113024,-0.01902856216407162,-0.004081839349261361,-0.030815515839169673
6976,0.04830117595347887,0.005629120959933184,-0.010122553355025772,0.011903578725186773,-0.038740736997052855
6978,-4.4908440194106214e-05,0.0003189483502491852,-0.009223164575490597,-0.004643690867701354,-0.0029520054021991084
6980,-0.03075151097262452,-0.015069038509815749,0.005122783045190051,-0.012009760072975943,-0.005291829150867387
6982,-0.020193440059908686,0.020055918860710807,-0.011626512808321842,0.00816744304755122,-0.031484680282839454
6984,0.021300009995193273,-0.013047903974982766,-0.024982023633945114,-0.0073928215101471345,0.015994523641632154
6986,-0.020762762696127632,-0.0047237018480461345,-0.02971966261246289,0.013548010793380983,0.020618278166036078
6988,0.034072833580296065,0.008184204795778917,0.01262206227906586,0.00017036629274413083,0.011141915856550402
6990,-0.02292637799270859,0.011851745448201523,0.00879187313439245,-0.011789379829611719,-0.004027777341471834
6992,-0.017467841339078256,-0.0028902751704009124,-0.020059699485001116,-0.0025501901002249164,-0.00462984567259175
6994,-0.013405127898130812,0.012813309521997218,0.006606354836073073,0.025265943459659032,-0.017817408688821458
6996,0.0008256259193047317,-0.005083080805368835,-0.003172265013429207,0.00010533945986545548,0.008108856598475218
6998,0.038275332370839854,-0.005757788331036801,0.0391534964328311,-0.015821349592892362,-0.028907927711322882
7000,-0.007341209643223945,-0.01819400936275478,0.012328718256493341,-0.004793999570770687,0.010319556842854929
7002,-0.006450055123873707,0.0018832049838750427,-0.0015077765790070358,-0.0010118793618477256,-0.0035035869886436708
7004,0.010282078068974191,0.009470089181881804,0.0006902520351750473,-0.023266927273103723,0.030551843725159015
7006,-0.007412503669167938,0.01952014365475104,0.02472825340419914,0.02657813887854789,0.01646605463837814
7008,-0.031266954872798146,0.008010480622447847,-0.0120162882116797,0.015286575437625599,-0.0005100434833325979
7010,-0.008373486437624908,0.04123734692693359,-0.016066458042163525,-0.013668054148781032,-0.003039712133123804
7012,0.0002557726270624197,0.0025844855202957853,-0.006382646226236629,-0.003917962306219098,-0.019620012051367375
7014,0.005551190083624896,0.010988510854025612,0.00949711149902371,0.0010167103987381357,0.002611988754943001
7016,-0.039892832768857384,-0.004460767339607805,-0.007338988468571613,0.006569494986368866,0.003020890756308924
7018,0.0025822399404359063,-0.02038953550820903,-0.01901443605047603,-0.00032502726598640004,0.0205100426695005
7020,0.010579815875480247,-0.014698398187297268,0.017148186226677707,-0.011879219644922787,0.001136786853048329
7022,0.019316577762776767,0.009770739218839447,-0.021558568341513904,-0.004980840910117402,0.016095766157977115
7024,-0.01868097496845476,-0.005458431042447716,-0.02007413718959478,0.010173903754170885,-0.00955237923654853
7026,-0.010716713861702924,0.009737782943447668,0.004523157851888941,-0.005777135955026578,0.001884664518348316
7028,0.006019834131243372,0.014865816046196982,-0.0005079565553182959,-0.005627584986953006,-0.0013942628328884466
7030,-0.02072085754865814,-0.012049077205105846,0.011451600016438213,0.006265103728189075,-0.006702096450143619
7032,-0.01682581173650709,-0.015039113720917013,-0.011091690424359743,0.0027246592606988817,-0.010956351470778593
7034,0.02306444963863804,0.0149524771452612,-0.05910917328310543,-0.0027560097081986996,-0.006203700916888329
7036,-0.0004134283184708172,0.02379292931434101,-0.017142268546660237,-0.02032241315880587,0.023633577597860892
7038,-0.003178070302855378,0.006212623195893804,-0.01639583638147854,0.007766998284745301,-0.004922820528177439
7040,-0.009143830127792487,-0.003137099757044466,0.0004571510395231792,-0.014341308259890015,0.010121665654834638
7042,-0.010077569946493855,0.01852296452396687,0.00019913387217375815,0.02574763278675546,-0.003815558223215702
7044,-0.0094760569112576,0.009023337762620843,0.0006698158298440544,0.016274726365944236,-0.0013992366116616
7046,-0.01293034338143422,0.03125847144212109,-0.0074669454182648195,-0.014003999184782727,0.010061450992802127
7048,-0.0007594727350336906,0.01158242065655177,-0.0006556371117800882,0.018914646148877216,0.017992954749514588
7050,-0.003552987471988694,-0.0031483227130612115,0.002285312084860401,0.010336778226053335,0.009348105043126232
7052,0.012462100782065446,0.02119122041836185,-0.0026098177600908474,-0.011847894064008843,-0.0024569357041788645
7054,-0.002372720905560621,0.003731045131568871,0.02323643552440002,0.028001476609507525,0.009689975598433627
7056,-0.008205460513022138,-0.008495470155398846,-0.0011038541930802719,-0.004164904353172253,-0.006502766533227978
7058,-0.009470492548578952,-0.002272724405721338,2.4962565960226607e-05,0.0006090083793573231,0.0014732492712617668
7060,0.010494840437975677,-0.011633960501630049,-0.033402479298366754,0.0017988030674738111,-0.004996841934314324
7062,-0.00909002793430665,-0.0001997240597589051,0.0005690571382173129,-0.014272895162569264,0.010959886945033146
7064,-0.0032807100998287,0.018140286087635255,0.001944402345869975,0.00536532694166037,0.012975436040894978
7066,0.0007403775642025736,-0.0019959470570018725,0.0020700898895949877,-0.021184870711566047,-0.004091835748584354
7068,0.015214283974373027,-0.006232079818618082,0.0012356112395326198,0.00573547403376994,0.020465789757477183
7070,-7.179144093112995e-05,-0.009709406640797473,-0.0013922313372735948,-0.005233827107722628,0.007300249896183516
7072,-0.003732389152219954,-0.009862563519443262,-0.01288221416254207,-0.0350268005180591,0.010411443015107057
7074,0.0013161882520362463,0.005387597522507742,-0.0051961031876588066,9.319233728618344e-05,0.0021888330437279113
7076,-0.0033815135435873046,0.009396098533694627,-0.02012969428211594,-0.004204018184656428,0.0029444058459535583
7078,0.02206779721785728,-0.0035739332550358514,-0.007017752000597878,0.0059337352020049075,-0.025405161628274817
7080,-0.029609658609697904,-0.0014119606737444303,-0.0030189439438758486,-0.014822413804028827,0.0033840887293147743
7082,0.0046808901800459626,-0.0010132420766488408,-0.010144396129740501,-0.03754369419566461,0.0107583752153712
7084,-0.006574107107030636,0.003335098664588602,-0.0010285703148908314,-0.025720825748479663,-0.015028209091554837
7086,-0.007821608864190189,-0.0055232637809425455,-0.004311678451272529,0.010008530049658447,-0.003723014951819502
7088,-0.011553103126202537,0.027444302047820484,0.01763519763961875,0.0007821372385916758,-0.020894469905807924
7090,-0.020305732621515703,0.008221341681254223,0.020363433850833442,-0.01582314093301036,0.01841301508540079
7092,0.007570010924506095,-0.00441010923528995,-0.014374828176207385,-0.015007104060446232,-0.014119815117732767
7094,0.010047322868887595,-0.02130225485265217,-0.0006481468791125077,-0.017636802780374553,-0.010682048166263796
7096,0.009500145125865878,-0.012811700506023135,0.0054105465571865855,0.011848527032448675,-0.004160598465504102
7098,-0.004828411015251927,0.003676352346217815,-0.016893749894248078,-0.00843724429461477,-0.004114717501923213
7100,0.0008664059564533515,-0.001964155830015925,0.01871926478895457,-0.01006360595496539,-0.009005192146724432
7102,0.004102313812541662,-0.01949895856559603,0.007825459675428354,-0.023031960100023667,0.00899951701137651
7104,-0.0047769236273684105,0.009592234311190528,0.011669113581178493,-0.016988698026241807,0.018043401457777025
7106,-0.01931352311929831,-0.0005728331672523468,-0.005026109526291218,-0.01653904780799678,0.011164649369696644
7108,0.004985527209672729,-0.0039746386489746596,0.002140235277246267,0.02332975442238855,-0.005388844623757692
7110,0.00964063721066707,0.016511592565396506,0.01203371845227363,-0.006885289708280585,0.004266787555404881
7112,-0.015430478332107237,-0.009217573548819517,0.026370486753436877,0.005612511805170553,-0.009755380011683763
7114,-0.00979810784450039,-0.005022709638540794,0.0060939318114641,0.0005451269010912034,-0.02271769779469752
7116,-0.0019534038210249237,-0.017164107510165925,0.002908852875864374,-0.0018048419502447182,0.016972681236461146
7118,0.005373132155421654,0.040112522766354984,0.0034497631431579935,-0.0005943731024945702,0.01754869014248092
7120,-0.007638147464608785,0.0007723109719627254,-0.0016174204569308363,0.003927158338681563,-0.013101935086499544
7122,-0.006553593625261602,0.009316264297287973,-0.006812110638467536,0.004198312950529948,0.0002679050158930284
7124,0.014634722781736675,0.020553419741540846,-0.024745571551962667,-0.026394240762435066,-0.02737897977513492
7126,0.010896663499225441,0.020131078690497232,0.0053967266003960325,-0.020185186238547904,-0.01205662381195369
7128,0.014973455562701141,-0.0007124606760554933,-0.017406896603604314,0.00684734590735032,0.012853039404116376
7130,-0.016544916630602778,-0.00892027646172817,0.017223891920377155,0.0010377609590779219,0.001510998905851512
7132,-0.018666969375627535,0.01417570770548978,0.0046728927412534906,-0.02079719977933686,0.024336278767747545
7134,-0.015096144106418722,0.0019417218491323298,-0.01121053383254882,9.124179326331413e-05,0.0012896878379556474
7136,0.01149203365661545,0.005946220471306276,0.01793397031909032,-0.01754673516395237,-0.000334790252961931
7138,0.029799920533347044,0.0067273473097469675,0.003033516907568413,0.003953726628610023,0.03219791238305367
7140,0.0018309494812933757,0.003664441274160514,-0.005358408833811389,-0.00814011796884708,0.0030233587382751817
7142,0.009326957073650388,0.003196900448689658,-0.015428724449584312,0.0015117979605221035,-0.02097568204545696
7144,0.037046523992348895,0.006822812186795359,0.015803725650453952,-0.013448350494635884,-0.005235063226135381
7146,0.0024559169238539628,0.0015873371878009023,0.009887955765514057,-0.012294415626112203,0.0001685407343559563
7148,-0.0024258473565819155,0.005106024373545954,0.014165361671879526,-0.027590258831558977,0.030278162470300934
7150,-0.012852327706881531,0.017333101736374156,0.013261192770778418,-0.01088077961297802,-0.0005914563502604931
7152,-0.004470917067378843,0.008916388895325965,0.013625416507737489,0.004047297702825705,0.0055416545973864815
7154,-0.005038184756451979,0.0007648740525638832,0.002038733752149647,-0.018753414074816923,0.018407694608223956
7156,0.008573990624236177,-0.001982112221431081,-0.02507361603325972,-0.01672765096487542,-0.0150611311024929
7158,-0.012912717379313259,-0.015782794830163812,0.0022793052000054117,-0.00797570823671968,0.004210339521159784
7160,-0.009651063507937742,-0.002748416578037075,-0.0015931967162099493,0.013587576109599082,-0.023573251027766005
7162,-0.022002212570074522,-0.013668980763541038,-0.017153695453913202,0.023603737525341548,-0.01618986358772595
7164,-0.008855918197429638,-0.005115139394951974,0.005068588036814713,-0.011757019033717606,0.015667708556889395
7166,0.0019881830294939838,-0.008156900025030259,-0.0070869339572473345,0.013570726708349006,0.015115356722212907
7168,0.009579190961913975,-0.030291534609970014,-0.013890718312428075,-0.02166390920605522,0.010606551666132401
7170,-0.0041283461897309555,-0.0045721318845849636,-0.0029281030581999857,-0.005093566706701538,0.0006055774113617685
7172,-0.00017078761321856186,-0.017248193622892188,-0.004781074419391683,0.02302675984394509,-0.00555147287789185
7174,0.010652197944259062,-0.003442539554212475,0.002214503362327156,-0.005735390742655621,-0.006124271913347922
7176,-0.0035427982044903637,-0.0009946124484365236,0.02443852110308567,-0.023028276121997687,0.009616787422176512
7178,-0.003915352084950125,-0.0061343914845864295,0.0139694603205026,-0.010855394331764101,-0.021380210772720773
7180,-0.0009304116695045626,-0.00547373835148795,0.007133169030985855,0.011472015310906431,0.015047476599934375
7182,-0.012558222257895607,0.012535581120235714,-0.003983380598550615,0.009373359421204375,0.01480306417956324
7184,-0.02275178692275663,-0.00894513614456848,0.009755543297871499,-0.012499595179541668,0.004360853888533006
7186,0.020439765940123,8.494439816899458e-05,0.0013018262915513096,-0.00030230231681905976,0.0260968251900319
7188,-0.020724364649376967,-0.006845318403883841,-0.006990012222651542,0.009169476902993308,-0.001890563304064341
7190,-0.015077046814748063,-0.016265340083709088,-0.036365947482119375,-0.006097401320559381,0.0019437201835130252
7192,-0.0031883233208150168,0.019069904751464417,0.026081814500383826,0.009160955344118142,0.0009265360150465247
7194,0.005283239078158148,-0.02552678416383273,-0.0057517493897372585,0.003215532252411536,-0.00041135348414252657
7196,-0.013199028111539678,-0.019747444825415746,0.010029045232110834,0.006210057600602254,-0.015131854427301585
7198,0.002253074469108914,-0.027846163678646,0.011809229973998983,-0.011208155666743136,0.03229972795469693
7200,-0.010859774371113523,0.001262551479258664,0.007819542224476896,0.004807512520274594,-0.014748594899066051
7202,-0.006351112609750602,0.021051947739301472,0.013858679155993614,-0.005641482265655409,-0.002269318051343535
7204,-0.011183066434919104,-0.011403147206076002,0.017344969981065092,0.0009275420194596254,0.0032054272517353503
7206,0.0036672133872132236,-0.011811539564790207,0.015273773075258942,-0.0018884514981061776,0.01383358682669969
7208,-0.004455840714570702,0.019667272970864076,0.016514876049601192,-0.018892879814673115,-0.013783285071562543
7210,-0.006479816669912631,-0.0031960367946117668,-0.022255351023441138,0.011048904925457834,0.008887185140257674
7212,-0.019662253256807233,0.008226832423015414,0.0030161176276894417,0.004482859230510129,0.004345419415300429
7214,-0.004381466331304983,0.0024246275667553115,-4.2704892533352317e-05,-0.002972575749883907,0.012526207989106858
7216,-0.02244889604240633,-0.01231178635846385,-0.004364288980756521,0.000627656093540769,-0.0072285120768912576
7218,0.01865285512225876,0.002036268279304,0.0076602183083829605,0.0005100295824677229,0.01749015624507357
7220,0.030998578509579634,-0.0207505421693626,-0.010894435374939622,-0.005430990651757885,-0.00019323806784620701
7222,-0.018228343227422568,-0.021852111071124072,-0.013044734096734286,-0.018898687224975976,0.001853529975423863
7224,0.00011866594249191565,0.007303194263900875,-0.013876241923211345,0.0025584124368775944,0.012295736978743404
7226,-0.007344124966925353,-0.0015544209947524585,-0.013821130746240622,0.035012766385011156,-0.007859098229739334
7228,0.010302406545983266,0.006266073409358191,-0.016608480418500146,0.011047247775550415,0.02062943575676977
7230,0.0073993488682798205,-0.004452037217490672,0.015042564973721992,0.0026471468876348597,-0.0006059430858486503
7232,0.012252863808302062,0.012286430413103717,-0.00674163095269634,-0.0006757567087309057,0.003416046708243358
7234,0.003959624062685943,0.032461885276273375,0.01290069041532328,0.009285096901673208,0.0037140849925479317
7236,0.0012532114200218137,-0.006521205158723128,0.002985415572442834,-0.007880191629226926,0.0007223858321833788
7238,0.007827503619893131,-0.03364618730405118,0.005481173323617323,-0.008732363152716345,0.006499021767859976
7240,0.013660158036552832,-0.0031899834635184853,-0.008558994486642796,-0.002388641240822883,-0.006873322422897529
7242,-0.021948684081548295,-0.002000346041872422,-0.015101843359605066,0.018057586796745868,-0.007482949260705175
7244,-0.013529723738943822,0.053888637541816574,0.0014056524086180414,-0.03267039159014157,0.0030356411514824017
7246,0.016665966309033494,0.032938446369363356,-0.020641182009548998,-0.024570837008928988,-0.0036716011412500664
7248,-0.003954369164400853,0.00368487381400453,-0.005996426171673711,0.0022791445029357797,-0.01283799479755029
7250,0.011092718682505514,0.021789179947922364,-0.018570530247012985,0.005017941266033216,0.011839520761037649
7252,-0.027631471199435653,-0.02260615416520011,0.00010605514365632693,0.001959397726205086,-0.0068324427904838374
7254,0.00023197683853500207,-0.009947704567867546,-0.009416248153401866,-0.005504492023173258,-0.00931762999724057
7256,-0.009578955503769505,0.004928058311682884,0.005450966697569476,-0.022932701078256446,0.020143508980507263
7258,-0.0016981446661990392,0.02128943242001218,0.00025829537203958796,-0.003927784146362719,-0.017465453152294117
7260,-0.0011824146472551344,-0.006483911852265797,0.007079424084261284,-0.006719253815688417,-0.018582160489119627
7262,0.022077960181946032,0.0006518039788267085,-0.04641102926568227,-0.0010422778274791764,0.0020332874420129388
7264,0.009773091308890956,-0.005165198596427583,0.013081934604149985,0.0014279528899303255,-0.008440118296465009
7266,-0.006550441726238242,-0.005123602292164567,0.003124138726830939,-0.0024268859589429252,-0.004787492060872664
7268,0.0002034843350321727,0.003160069160402749,-0.0004597864030888417,0.03061099415783187,-0.018489505978191757
7270,-0.024875732605494937,-0.020323569337160962,-0.012722491803995737,0.006031290726855898,0.00991251866416266
7272,-0.005799990579118926,0.01693268152362102,0.0006403064635394607,-0.006139563628101507,-0.01072536785855163
7274,-0.03522527104435959,-0.02261944459500218,0.023746181209740425,0.015254227343829897,-0.017898708423908036
7276,0.005968690308502355,0.007476059349959452,-0.02039551688607258,-0.027709727323602603,-0.0330895616138106
7278,0.003521634783291821,0.005609392099473514,-0.0072298879680211215,-0.02034639697119564,0.0052313659838776165
7280,0.010528332429286627,0.004362001893139454,-0.000236838330663706,-0.010634264598358232,0.007974407012025729
7282,0.0037946646676714304,-0.0013399314519172943,-0.004601189208249608,0.011801833705100764,-0.016241470609579423
7284,0.008633677711552592,0.0009984623192126267,0.011049017997264344,-0.00944980533729296,-0.0020758675456912234
7286,0.017671515301959217,-0.011461240760977461,0.022367240835567303,0.007234004400502752,-0.018900741377149182
7288,-0.013041557644084184,-0.022410279984911366,0.02018918289544301,-0.01691282744516053,0.013593578606467894
7290,-0.004552739504836432,-0.0032651355614307207,-0.000729141666198833,-0.00279546184055596,0.0006910905655579627
7292,0.008347287038043005,0.009707447838989877,-0.003597822784345828,-0.03357459506382612,-0.02398267377969391
7294,0.003096754501769774,0.0018399200729837014,0.042240393482538774,-0.010084593451922743,-0.0160555948982624
7296,0.007837383149095779,-0.0022823511276680595,-0.0181359552317935,-0.0016830836507498558,-0.0001800578431980595
7298,-0.02847875798495909,0.014510873022810865,-0.0025375471644731684,-0.003664349393239938,-0.03820939315603777
7300,0.0035627204889577403,0.01224562749387978,0.018526054181957338,-0.029154213636925563,0.008112660207767039
7302,0.0009629129220782755,0.002833722540592938,-0.015470344514190751,0.021717347996510556,0.012105017139917676
7304,0.006663144800102212,0.013756773765814675,-0.0026398018827070192,-0.010799010397594655,0.01159507629089259
7306,-0.031538361700994215,-0.015077197287340721,-0.0080706904195888,-0.004401856422487894,0.005970086620106637
7308,0.005157167363438449,-0.005656140383482285,-0.00702042074945437,-0.0032029753869387517,0.004967785327705529
7310,-0.0192287626509302,-0.005667150201963896,7.932302377040561e-06,0.006919744381449897,-0.005810217320396781
7312,-0.029376577831713834,0.003619900230670524,0.03515535983954069,-0.022074249094281802,-0.020629490456945922
7314,-0.016080482452737934,0.009774275274338625,-0.028442711981671094,-0.00168602233258312,-0.007908862238710498
7316,-0.020483874434897964,-0.022804223438346174,-0.01103973457917059,-0.016513044486058042,0.0009701430223456563
7318,-0.022873123297396325,0.006858796443924491,-0.008734929722909679,-0.010153526487770043,0.0026775553137538717
7320,-0.01161278246762941,-0.0077384013825088,-0.013918863664017464,0.010363025778317707,-0.01160255746919679
7322,-0.008034156829055736,-0.0042709395922411126,0.003634877318429987,0.008727873076434597,0.026927102767447007
7324,0.02789920347403518,3.093907471893799e-05,0.029859337151327634,0.006198586941848402,-0.022676374907581936
7326,-0.0048965249276029495,-0.0006394205047956122,0.000101329600491868,-0.023443381387046547,0.0025372686844350525
7328,-0.01565559311388063,0.009057150189381804,-0.0055724580414262675,0.0026936701997257624,-0.03368623007207954
7330,0.0027194479474926133,0.0027703866431579047,0.0022149433737407675,-0.004558004099387851,-0.02556356643312429
7332,-0.0010999799463509638,-0.0028252846036006638,-0.0057252725779749205,-0.002571555853129139,0.006917975517249798
7334,0.012540857182959221,0.010744685216846657,-0.006270399418545047,-0.010286944647713745,0.020464913634137327
7336,-0.0003899395784645309,0.005504528179891403,0.0108872546077738,0.006604907710449788,0.005482503156108661
7338,-0.011708679526344256,-0.00592713450313393,-0.014073412041268921,0.001442048538476961,0.019655713522775377
7340,-0.02646373459597653,-0.007136106346990989,-0.0062806647232634405,-0.005018345973355993,-0.0009957530216720839
7342,-0.015758354122568066,-0.026781811247852477,-0.010155324732096408,-0.024863477976800444,-0.003945017514967377
7344,0.005910311599938638,-0.0005447610885310029,-0.00855715468746311,0.0005910781371477,0.0009663516780994701
7346,0.005202106818653643,0.00018375364377368956,0.05253383035993403,-0.028396423888141228,-0.01759672785756429
7348,-0.014923896503948035,-0.003676835905669149,-0.024469473234873026,-0.0046857862337779535,0.009045483595348099
7350,-0.0026462446976806783,-0.003360827303425304,-0.004817650137558809,-0.007756991134657242,0.006898412885072703
7352,-0.0018332448433579257,-0.013869985478026285,-0.023281386142611327,0.008357011961446397,-0.008227288269963063
7354,-0.006213214733062506,-0.01648302272161628,0.017627658123567334,0.00955613679968692,0.0010982168356811486
7356,-0.020503148836522017,0.013164037040230898,-0.000781275859955023,-0.004082830089609623,-0.0032898919336921436
7358,-0.018395465667237477,0.009659941555602245,0.0029073785880703892,0.003910451233302925,0.022188594948230642
7360,-0.020720032039265847,0.0005926941253000694,-0.0046109623756603,-0.01831736942785934,-0.008337742465431784
7362,0.012316184016488759,0.003112688033155999,-0.004801585625963145,-0.00712847772664002,0.0027381679111678284
7364,-0.010011943681657066,-0.010583678047633674,-0.0013776422724622295,-0.012191094311467969,0.004464421399126318
7366,0.0064755713733405254,0.0024143034492065366,-0.007435455594280332,-0.022810564874352627,-0.008163926969228302
7368,0.014439477997483843,-0.0031021411663950567,0.016895405757514127,0.00900467900488617,0.011052265663155654
7370,-0.00037658424702481874,0.020764542056784668,0.00932277178149564,0.004334246636929306,-0.0076142748066990755
7372,-0.013671806466487621,-0.005145700514275651,-0.012834241266927181,-0.01653347688469647,-0.016343023975516197
7374,-0.01014143814329984,-0.009778485240795484,-0.004389375038422372,-0.004842598465614731,-0.0005296651424370471
7376,-0.03568841988182245,-0.006028514297263598,-0.010800133390221988,-0.018492884849193737,-0.0034085995675701974
7378,-0.016796338444870686,-0.006875284876817878,0.0062074733538357236,-0.00403857758406541,0.0034758836976902714
7380,-0.01226073648473768,-0.010308381607072847,-0.006048869806436524,-0.008422460459962072,0.010307381227060208
7382,0.03202164639581836,-0.015741837060185847,-0.005469096437146086,-0.003961789945182577,0.018800254513003954
7384,-0.026569018275573075,-0.011303208959757543,0.019811056971040516,-0.0170962588889378,-0.0007799709592299055
7386,0.010839615204777032,-0.010679109918370169,0.007756242870315779,-0.008206512517409963,0.005591933016443492
7388,-0.004438830945790304,0.004626189924604166,-0.01922462406260792,-0.006435951738804956,0.001936447928486691
7390,-0.00977792864996518,-0.0142799107654846,-0.007495929259798474,0.011723058736964526,0.022551297393832027
7392,0.009712109056008555,-0.0008605522562126595,0.01225480136991683,-0.009562211535288946,0.001691718640004419
7394,-0.005230177884657472,-0.0026991868296743996,-0.005923032329957408,-0.009911016763203478,-0.000832688273919358
7396,-0.027692235988702314,0.006114058721350786,0.005551215027270326,0.006095163228743169,0.005305297087448379
7398,-0.0074916672318589474,-0.013597390487854685,0.005552132336000897,-0.004589904019014038,0.00863061558775755
7400,-0.0034117660397495384,-0.005079208428799199,0.019522937896982524,-0.020795950111520828,0.00960040782991872
7402,0.0006663544813635729,-0.01244955314992442,0.00822407606899752,0.006961501850170076,-0.014744825042885957
7404,-0.015320820252019982,0.00797299429898247,0.019737332242932375,-0.018281813183587917,-0.007337090265866483
7406,0.0013756166061214402,-0.0016080178808361013,-0.002238030450665891,0.0024913058606905484,0.011774533324949642
7408,0.007911724520458392,0.009583394961848025,0.008907681813865228,0.014244487276029477,0.02404863984208947
7410,0.011120655695847416,0.002600012774979816,0.009602366534018462,-0.0058320290638781995,0.006816352169457369
7412,0.018060828508390376,0.008205383676610728,-0.02042380477087938,0.016176096410553217,-0.027703584657302893
7414,-0.01408613901315315,-0.032251530571529956,0.02104038853287614,-0.00503056733104546,0.009137232107784481
7416,-0.013959924913888257,0.006521980333367391,0.004302868381651906,-0.01645068301091556,-0.00209872010468112
7418,-0.015816094634705357,0.005345612710064844,-0.021568340359807536,0.0034506910285302212,-0.012950558465761531
7420,-0.0007548924620585399,-0.000377102977813901,0.03862033124465785,-0.025303730007504296,0.019189446813528372
7422,0.005935485148325379,-0.011194336599497262,-0.014566249481781986,0.008314003844859351,-0.010268010786089295
7424,-0.009901603838721934,0.0024263682018988253,0.006902188089206174,0.005007502290345627,0.001561495820327025
7426,-0.01056015622754301,0.022911644252923625,-0.010367927123792609,-0.008338293907789231,0.013163880227859718
7428,0.0012437029125505212,-0.009340595325945205,4.858682491249857e-05,0.0046773960230882955,0.0022721202116990115
7430,-0.011873004033223958,-0.004213978572106352,0.009731657101668177,0.014531221369941784,0.020765096525446936
7432,0.010120459015341818,-0.042349788396428494,0.038018933674012934,-0.00956904053901374,-0.019635269540358366
7434,-0.012062504117309329,-0.003653531282874828,0.0021206120572178945,0.0012084986033723555,-0.01006040741618866
7436,0.02067816556389693,0.002642052054633678,-0.000790114385203865,-0.03565099496564661,-0.0016657917889364403
7438,-0.025213947235085583,-0.000858042553021997,0.018914766716190197,-0.022961138058982578,0.012740633456845311
7440,9.43609018889833e-06,0.007156493789858976,-0.010455634132715524,-0.005741481423836055,0.0020827238459685277
7442,0.011444125714905442,0.008391832834416359,-0.011341189544170393,-0.007667923072150175,0.013796412108861943
7444,-0.02931121961849729,0.04270215704583889,-0.01247522650650128,0.006553908648252396,0.01696333186596252
7446,-0.0007212413985182647,-0.015728535886464234,-0.002794532198399971,-0.005352539664322813,0.016586401985953684
7448,-0.005459390990885532,0.00403157228214017,-0.004045759718025945,0.018544597127714457,-0.01719231418106778
7450,0.02266103466904028,0.002406040792301326,-0.005872037912381845,0.004073902964189608,-0.00929374644154433
7452,-0.010669900583850467,-0.016623887279979245,-0.011341260672416054,-0.009550498090996045,-0.005962670952027699
7454,-0.02808587122840302,-0.008290117712453839,-0.00024545935173438273,-0.028642050533184152,0.014145357923187243
7456,-0.002667158326455631,0.01947777729185868,0.004268877381941709,-0.02366769698077214,-0.002629070574253805
7458,0.0011211184253367232,0.014275613937856228,-0.011226440953087167,-0.00046596842006384724,0.0077139589914658625
7460,0.0011069528620820954,-0.01313740432912515,0.007041437701122563,0.017726081222692723,0.007481565100034691
7462,-0.030427700511008716,0.0050181610161706665,-0.009756544027499791,-0.026846543467653406,-0.0025245705273457012
7464,-0.0068487013026856895,-0.00018450059754760386,-0.026410951041219287,0.007407381787941569,0.005732296189002282
7466,0.001127219611837309,0.0007638410716940775,-0.010113832324806496,0.02406846628250743,-0.0033208515458138838
7468,0.00535628982378463,-0.0193473339942442,-0.0024847832421398693,0.012823102788360699,0.0018878950453934164
7470,-0.001762839147970542,0.0025344457705536805,-0.0036698500870594266,-0.005739583886733838,0.009771821992042153
7472,-0.0016217928883399371,0.003278609380094009,0.011574570846533332,-0.009691272757562944,-0.033592778777332744
7474,0.0057410579897611835,-0.018486211658141453,0.015526081135427278,0.01962745049642701,0.015390818730199093
7476,0.007604066267019683,0.01177610108712503,-0.006446347532010808,-0.007522664148711674,0.005597485200137818
7478,-0.002208131372471451,0.0038456622252400364,0.00023041472340205014,0.006644774088226913,-0.0006393777245022551
7480,-0.019032299899537492,0.013981598384041435,-0.010836755448929447,-0.0025455126566526188,0.0021010144278398694
7482,0.01506694351943027,0.02566500219769491,0.001901406977176705,0.004768226558179702,-0.0014113841191664544
7484,0.006964997372008954,-0.0013474077793712573,0.0024965868068287243,0.004092589830549447,0.0010193321960997527
7486,-0.03142974775485059,-0.00146161420670966,-0.0030088954659553933,0.003612376702744374,0.010267971100977534
7488,-0.008741117642568385,0.006814665045363781,-0.0008818573091142197,-0.0004190405068393158,0.003276987366415098
7490,0.005503880334275919,0.013258514676540724,-0.013473426124245796,-0.018972774826738193,-0.007535373196900799
7492,0.01822511859198458,-0.0024508870783217654,0.010806779135001242,0.0009533384691595643,-0.004094105620015066
7494,0.015797518576437037,0.01804167429401127,0.0008702575807226265,0.004840671929192148,-0.0016968331339525123
7496,-0.009011650049309596,-0.012287089139600357,0.016766986746993492,-0.008428177826569261,-0.023896844665179606
7498,-0.008220245552842016,0.0024891030255968704,0.011445784679847602,0.015171639840998048,0.03684900262719955
7500,-0.02182468272575094,0.009184518121232502,-0.008112921790348277,-0.009407938274222812,-0.00758341090335712
7502,-0.009146890470663463,0.0057631030654949214,0.03803126581853876,0.0018259210931050734,-0.008129081279243796
7504,-0.020033291135819087,0.008069529294882492,0.0011667984589147195,0.0011260689508412287,0.030214339109537254
7506,-0.020076158635512126,-0.0016188357161033232,0.0007101336245087521,0.005343929329057552,-0.011174640694512128
7508,0.01981489692724969,-0.01024064196856423,-0.010073064206054251,-0.010469613110648725,0.004591020064165254
7510,0.004131551689877716,0.018537465233954713,0.005056605330893747,0.007794386364262285,0.014183601515969434
7512,-0.007951460501815983,0.005387063925995428,0.005914041571212655,0.008472013237924144,-0.007696170584519697
7514,0.008093426467573574,-0.01088231399553724,-0.016264309833790153,-0.03163669723460362,0.02727516195757987
7516,-0.00204317385985067,0.029214427570510924,0.022821730260405057,0.013881907163130962,-0.04295925447346208
7518,-0.002903539574805215,0.0009327951732303292,0.0068977812959905,-0.005779118312060229,-0.003129929234168879
7520,-0.018141690361114033,0.01132185691020786,-0.01614153533629984,-0.0003265628515988886,-0.008103978016642394
7522,-0.0037441217265060636,0.0008343429163283215,-0.001817599551100209,0.02632820055736351,-0.0018581246266078436
7524,-0.005713884172656145,0.0029559762099236717,0.010688844926235827,-0.02085962626444145,0.0016621256405237286
7526,0.008699940594955338,0.0019447047668748373,0.01798159061718778,-0.01867547889614146,0.0005653615626009311
7528,-0.009155973296989878,0.00835499427080528,0.008585428810733528,0.0017100295505058747,0.017127666315474195
7530,0.008638884924145001,-0.011373195291428028,0.007912669468604996,-0.0017458827852321994,-0.008552771817839987
7532,0.012287026028253883,-0.004328391870411399,-0.005271998008178329,0.00847142629046819,-0.0028041326769517767
7534,-0.013426053295953443,-0.014492611388576245,-0.00968031386246503,0.017049014728041847,0.0020206431916457578
7536,-0.021976321549736465,0.013560873531602083,6.286737541205086e-05,-0.03372737925004202,-0.002303989411017409
7538,-0.005263707733519586,0.00039636402079321385,0.04557499858512549,0.001091621529947039,0.02959734700054983
7540,0.013599437866594294,0.00012551161588496016,0.0023989874488163517,-0.024370222775017505,0.001946945544828119
7542,0.006967255647787454,0.023193668751467368,0.0227970556772857,0.0012309612972422957,0.009200329841519214
7544,0.011865305570167963,0.016157052191128816,0.027966517788948795,0.010436672315410971,5.244001563186408e-05
7546,0.004818329592100328,0.018866241673122813,-0.003514929408074173,0.0016041470900230285,0.016981608932647375
7548,-0.006399361918847648,-0.006624357746268545,-0.006355746198657088,0.007621788513472952,0.006614411714162114
7550,0.011057871458957761,0.010775326502941872,-0.013510730993113776,-0.017972839040781435,0.0028966512184397095
7552,-0.00920843415877572,-0.02041495235442093,-0.0018627444350268973,0.008000313765030216,0.014023496982746055
7554,-0.016266743857843696,-0.007695926573213841,0.0020402012727148465,-0.004148119918309159,0.027110259873301512
7556,-0.014410704755679756,0.006588201689348087,-0.004783548829326295,-0.02289111727636286,-0.014705930141225383
7558,-0.014207311692556499,0.004319180437805255,-0.029111733441566562,0.005761971426539884,-0.006474939208175789
7560,0.0004274189463770605,0.007584497266082002,-0.015296915747930639,-0.01153301692002311,0.004194868482452913
7562,-0.012579338591523518,0.010274701114295997,0.010113546094967374,-0.015109921788558097,0.0006138775321057696
7564,-0.007455218189118158,-0.020630883201747656,-0.012385860831016794,0.023662531381732573,-0.002142275711557101
7566,-0.01031119866004074,-0.0032600142868293063,0.010591305367668516,-0.01286794833695656,-0.006919914232649993
7568,-0.019630736704890062,0.0033141937197613486,-0.0105452553867107,0.008650093784908091,0.011755899484883273
7570,-0.0030142160444224376,0.0036269240235113974,0.012184604338205682,-0.02512846305604774,0.032153437189507535
7572,-0.005412269392198187,-0.013639066709453525,-0.0025898793346467936,0.0016567385987608524,5.108444679750816e-05
7574,0.004699683437337843,0.017925954463324026,-0.0075878161771766595,-0.005041564593883176,-8.941136773787164e-05
7576,-0.008898025197346998,-0.01131191797316916,-0.003149833415901925,-0.00016389686310864488,0.005958716410906523
7578,0.00833870848430492,0.0171986289633744,-0.009553611954960373,0.009627027299911536,0.015080335694828664
7580,-0.012077171963324841,0.016024947767048943,0.010682743895633307,-0.0012980243607980905,0.011516909159022851
7582,-0.02601574778986899,-0.009799063614180785,0.023127996715592698,-0.0058797575898920035,-0.00624597523264515
7584,-0.0031843172643758744,-0.0010132961698944016,-0.006666004196860572,-0.004217685808276303,-0.011437792232599144
7586,0.01999141541960342,-0.020653098233161166,-0.0011007101036800795,-0.0006029396366745342,-0.02071320825269311
7588,-0.005808273242372721,-0.025292504985911773,0.015219067446493772,0.011092442725578175,-0.022032785344220773
7590,0.005457050002639972,0.01916264419113794,0.0017239965704335728,0.006989547127263283,0.0017557506790290345
7592,-0.024268503584815346,0.006475744953605251,-0.007263894410587921,-0.014103497532806595,0.015295566174856366
7594,-0.005641267209412624,0.0075250904203063695,0.005423622225196408,0.002153272450574766,7.27506640660848e-05
7596,-0.0182200310013319,-0.018976598009679043,-0.01196049900544151,0.000428061889418507,0.019389557737599004
7598,0.006459685210000753,-0.0004834536414816138,0.017999745960522895,-0.020246244307407613,-0.019504333889273247
7600,-0.009262980765647612,0.019347426320139086,0.0023572241721082987,0.016596625026285707,-0.016056026112490313
7602,-0.00015549173855040424,0.00962647246340519,0.0073145284615060615,-0.010329708404229709,-0.010661520545044208
7604,-0.007520441646186641,0.017460511128615835,0.011140346560690614,-0.033344437960556944,-0.011906294463787558
7606,-0.016969679346748805,0.011505312358463927,0.01022387221414943,0.00778874667262241,-0.019958142081405755
7608,-0.010475493508626487,0.025200283697069545,-0.0005716277863588007,-0.016868597418566878,0.0012392142666487317
7610,-0.026227035775967345,0.005613612571779075,-0.004133508587640874,-0.004580622215792697,0.008817606438086798
7612,0.005380814923433225,-0.004845614570248271,0.024689884502822487,0.00856941368504547,0.0013984500090084516
7614,0.00112478482169823,-0.010056698297383386,0.004046131453078662,-0.006012641930687477,-0.002089265892896069
7616,-0.0015635097857785091,-0.02251470190216344,-0.003931102721863361,-0.006150198496303702,-0.011782302408669797
7618,0.008134987072901946,-0.01822532336891505,0.02233267791003475,-0.012742880880308914,-0.010461231018600817
7620,0.007164746193656565,-0.0029808336062203773,0.021331963413846036,-0.0019814243837500364,0.010650769778102588
7622,0.02489413927450464,0.010643549429738872,-0.006025721192577516,0.010838625011881955,-0.001343849666441727
7624,0.0006387556243802982,-0.012296824576040193,0.0030664689138718195,0.0020916006216746223,0.01735585185725839
7626,-0.008412155143796762,-0.006544944962090414,-0.0005143818711940894,-0.005703607545427223,-0.006242553527322959
7628,0.032439654889623054,-0.016593084558900722,-0.005756895273036357,0.012194956401816196,0.005298606153110466
7630,0.0077954017366355715,0.017842124584988468,-0.0015525890115557818,0.019752158997454257,0.0239374327661715
7632,0.0014225174637872724,-0.006575826770992628,0.0012388598505508254,-0.0030952967645357025,-0.021194509417472064
7634,-0.021475068696874305,0.012867628922656827,0.003980041067552026,0.008984283639413676,-0.0014756444613722853
7636,0.00627297424680001,0.004218665032501935,-0.01496214153071232,0.013981144177308046,0.004297764889687101
7638,0.006370189679188478,0.009732552821379064,-0.007936953704283411,-0.007832429734799189,-0.005888804378879318
7640,-0.003148420733450865,0.020302447550761406,0.03348295255687166,-0.00799558843070708,-0.0007178969476626381
7642,-0.03313650212403421,0.006179972405823917,0.007993982240102943,1.9578461830381126e-05,0.010613255840059788
7644,-0.0006516612066891534,-0.011756945939926464,-0.006789856690314994,0.0030980546768286698,0.014550874467793937
7646,-0.014116483519003308,-0.020482467530365846,-0.007916936176271639,-0.010057773892919616,0.02041556162569006
7648,-0.0001889889887482121,0.01775950097532308,0.02439461333958319,-0.02240503638066188,0.020097199634623846
7650,-0.0018060568273378928,-0.013847780443049159,0.007101275293256395,0.0023315159738905703,0.013488911806972648
7652,-0.0020793913037517836,-0.0004818981418642433,-0.008114196521411723,-0.008134255581219291,-0.003135821446969128
7654,0.0032646408836673507,-0.004647398639258693,-0.013247790601873385,0.014213226775375941,0.011929915675716381
7656,-0.007005351368262663,-0.005810136154844954,-0.002627628345056677,-0.00813561520840242,-0.004922894059889133
7658,0.009563912511106809,0.007339990428453998,-0.009042033847319232,-0.0010170349541575045,-0.02394053472741352
7660,0.007573516948245529,-0.005758657520498802,-0.012469523592785222,-0.005276794344842833,0.009289787495405483
7662,-0.0019470548824095694,0.007901921277654347,-0.0033609297735980137,0.002501479189973465,0.0010352253677603427
7664,-0.013638077030955657,0.036635882878214135,-0.010545154943055442,-0.02150100984518859,-0.029757125468957736
7666,-0.01708406679258387,0.003015523890478035,-0.04003526489796124,0.021422695957669595,-0.013949667297456012
7668,-0.01726368574860026,0.02300218319448743,0.012522517552848833,0.019407713238100734,-0.006832478050221396
7670,0.007789115688738957,-0.016082977859021075,-0.01122646325275394,-0.012871811343321674,0.0010234913963835014
7672,0.016652256843589876,0.01714280988871865,-0.00801237733726611,0.021009693603974495,-0.011050632876907966
7674,-0.005750175839836464,0.008405127803824828,-0.008050006417512428,0.009287628823118068,-0.0009056138333102395
7676,-0.01703345988670209,-0.004110827276027986,0.006477238119087217,0.0045220155147674135,0.012225669990008717
7678,-0.014625596353479434,0.0006819646583189411,-0.01693414342473784,-0.009810038006617698,0.005698250138901167
7680,-0.005324928521224082,0.017578490181141864,-0.0019340477423575454,0.015617203285296158,0.009171351102080434
7682,-0.008032221796936759,0.0222637372127392,0.009643599947556251,0.003341101892210799,0.01296530763197294
7684,0.0015376285065840062,0.03169327785577235,0.016333790969307687,0.00024441288594507707,0.008184652596498879
7686,-0.0022111989835735153,-0.004716981431681767,0.002939762301556808,0.004181807070079673,0.0027507506131193293
7688,-0.016138217322170627,0.016077321621994455,-0.014094592303966778,-0.02704248598311694,-0.009360109424644845
7690,0.003027146335362753,0.002056711988831822,0.004697601107238828,0.014182794023518991,0.017098925716778613
7692,-0.018686075021018822,-0.0019274213546770053,-0.004899919283662335,-0.01916438614528604,-0.02209257576135258
7694,-0.021564733412992844,0.003288626511522529,0.00048807005098346236,0.008261641762402787,0.00026603128954902225
7696,-0.006602680927897336,0.006673653682900178,0.009054915937097884,-0.0226469601019571,0.0023638707646075332
7698,0.007330661309464791,0.00011618189646061451,-0.0012941233818355986,-0.0021246938976272655,0.016459109782762747
7700,0.010806734447368037,0.01127667508100104,0.0013995267192481139,0.003927925249840817,0.016985064667956323
7702,0.0045304266892701684,-0.0014537673747230878,0.007587167630689109,-0.0005943916069437738,0.006230861009927942
7704,-0.005456310276583095,0.003756679844203308,-0.018943643084043185,0.018383544343153795,-0.003971027273631009
7706,0.01946366689599085,-0.003927306548513202,0.0010414314212367568,-0.010550408998781834,0.00021448713750162236
7708,0.007295915688909618,-0.009745710659835155,-0.016705807853437407,-0.02024551410465048,-0.033796626271244495
7710,-0.022308450219774525,-0.006099520491402571,0.012490209053417353,-0.007200488135173635,0.0056609607108904485
7712,0.016769404960670406,-0.015741839017909227,0.014166832541290928,0.004699295022841984,0.007232576516299378
7714,-0.012861098324925468,-0.041845024958234694,0.013267328396476357,0.020904845020534916,-0.008842617013685498
7716,-0.0023605144028617797,-0.025685120608419244,-0.008781657626304359,0.0025817127582124836,0.016385916937403863
7718,-0.014910483606495462,0.01215486542656425,0.0040212009412650815,0.0014911750556932863,0.02821227995240268
7720,-0.01568876891669916,0.004174564154636897,-0.00410098295552418,-0.00757660599216482,-0.0007378568859054163
7722,-0.012184254373335042,0.007780540116433542,-0.016313293899483553,0.0010050172585389198,-0.008798229989509056
7724,0.018058621418520274,0.010589759319447636,-0.026761259018696974,0.026259612153129157,0.013457092455177656
7726,-0.004801437656030886,0.008180791168033325,-0.067389712299403,0.0056880621009742565,-0.007591080393298258
7728,0.001376722578584298,0.007785622996967614,0.0013506097092485351,0.008778381298825041,0.0045902703601623665
7730,-0.008278393690956261,0.011080158745738235,0.014337983154604295,0.0023883848659874717,0.0030757981518162113
7732,0.0007054855389812703,-0.012070131840371708,-0.01670039274369346,0.0017475232796801288,0.004271693880109294
7734,-0.007230314736114693,0.0027667623979179016,0.012511971515581146,-0.024081656428444523,0.0024565175811030646
7736,0.0007356090619708146,-0.014702797917096597,-0.0032827133604212107,-0.013791680477116316,0.017542279804537583
7738,-0.0059347111596891764,0.010980856558498545,-0.007813621170964354,-0.01737331730736783,-0.026192279732178234
7740,-0.0006121752913369095,-0.0014688309882384522,-0.009740958651881714,-0.007141709722149289,0.011064562757902265
7742,0.00013378179373433891,0.00999276580508959,-0.0025228287844657133,-0.013799153970744637,-0.0009032398803662835
7744,0.014157464560304258,0.014573514509557899,0.0032241990975361724,-0.01343853596626862,-0.013331635522839442
7746,0.006491414516631514,-0.0037143868738123685,0.0027222244963254144,0.002779027201667946,0.0016895347133402976
7748,0.0006411141545274125,-0.004393645328357209,0.00922013779848283,0.02034091743534677,0.0171240036597176
7750,-0.016363958016970596,-0.0057194260015676094,0.003957489346772316,0.001561786822698903,-0.005160276188342695
7752,-0.0150009958474607,0.0073104267421744305,0.014005532778894854,0.016342278103326224,-0.0061178256025972485
7754,0.006419852134417309,-0.03255694394456132,-0.024896814440131664,-0.013969123382972393,0.01570587220911749
7756,0.0003448342227468186,0.0011123079606627328,-0.021908955888116435,-0.01519444992777668,0.0004438028559894135
7758,-0.006509963830343173,-0.019529366475597516,0.011436016789807216,-0.0026926732198986275,0.0005739238097254381
7760,-0.021043324913101652,0.007504668861654293,0.001325559917160208,-0.013674118679828769,0.0029502588724395406
7762,0.006602906882613224,-0.013129083780071727,0.0004205933612142897,-0.00011769544781501325,-0.005063653755723041
7764,-0.0007801559115201072,0.02025280870351122,0.012720491631685798,-0.014615047902618606,-0.009248597806082275
7766,-0.0006613188064233246,0.004271160075925041,0.008389011552666718,0.01604258800396562,-0.0003958141027228773
7768,0.030284792597584757,-0.03084792925711846,-0.013239411408195161,-0.009318295189773118,-0.005933266541098879
7770,-0.01040251348596201,-0.0011436336003709127,-0.019694150153789815,0.0077753901237206414,0.013358402294488246
7772,0.01944759049555142,-0.004654817006667042,-0.02122900434314046,-0.00520467405001821,0.026319209660574328
7774,-0.0063389435409091895,-0.007161755035556132,-0.010271815981268192,0.005276491282615391,-0.01928552626274165
7776,-0.018732587339019696,-0.0021224738368976043,0.004104587706836253,0.007765584616465011,-0.008114052096543506
7778,-0.0070053515872395035,-0.015355013711803605,-0.0010889321672009778,-0.006039978212221339,-0.003957710828403027
7780,-0.007644474655670699,-0.024160912621707206,-0.011255675405732022,0.010050599687949665,0.03224077635693702
7782,0.010618740922828275,-0.013909826661948973,-0.009123423566039941,-0.01809451835262808,-0.02615568757098231
7784,-0.009479776319513048,0.008650038450795108,-0.00911471386316907,-0.019076596426447576,0.0019461998216144505
7786,0.0013014008971891215,0.008400607775222339,0.015291511217372971,-0.008226510131345843,0.012680765531976258
7788,-0.013994965374296429,0.007360094727676153,0.016284273107724408,0.013253754325055957,0.006508850852164541
7790,-0.017829065245027607,-0.004872844214082744,-0.014339752317201752,-0.010313195954358334,-0.01734743272768687
7792,-0.008541655134473797,-0.005438001930154572,-0.012836328617229314,0.0017360443487663335,-0.007910935268591188
7794,-0.0026406151495804325,0.0029052734175917653,0.020220746681287368,-0.013928010953236905,0.007919521321158378
7796,0.019857768654179868,-0.021869567008103843,-0.002096318443070078,-0.026560879742708283,0.00939292122253036
7798,-0.0022765254436389296,-0.011203742025855348,-0.005969499605002488,-0.006353686132223118,0.00023221159271110995
7800,0.008324098333708714,-0.014687375862540743,0.009492272928123486,5.0944833969894586e-05,0.003034050536981445
7802,-0.023514539300278643,0.0013417715651160946,0.007953004731183483,0.0308127826811272,0.006909740287640016
7804,0.011234113205849728,-0.0008555714146144578,0.005123677480832602,-0.037343838557056766,-0.026419062831691008
7806,-0.008565877154497113,0.0015233829615902022,0.01753711474490533,-0.02125751901697822,0.0038109606426337066
7808,-0.011686223296039409,0.01982502646553555,0.014768466766868025,-0.0035271169066664206,0.025673697662263042
7810,-0.0018171105148157302,-0.012992536624405974,0.0022575762879133965,0.0046479699309266735,0.012137200976887358
7812,0.009793713578701799,0.005611831640578606,0.011080341811025704,0.008608318547096249,-0.01657852652628355
7814,-0.008229390882389706,-0.008853798766530837,0.00783592276715285,-0.018442439926620664,-0.001174132020963019
7816,-0.0010474976666221246,0.006728718953458182,0.0050590586681639425,-0.011679198726303006,-0.015013043898063037
7818,-0.017535250769258576,0.021607889483257977,0.0017477219331745934,-0.004415545408117684,-0.0018694574765646724
7820,0.005675164717618985,0.012694403860495392,0.02639302163276155,-0.010786254204378013,0.02473707018422315
7822,-0.037476979943873646,-0.004093346142719628,-0.015119439345991558,0.025654968195331293,-0.004936415696322694
7824,-0.015806761785465404,-0.012982072156011161,0.01766447414939766,0.021000140462777015,-0.004208121328067735
7826,-0.005309502856010336,-0.010269294096294257,0.004647047579642094,0.01387908415202514,0.013838254379356967
7828,0.019027071109265267,0.003302001012935614,0.007549206202030939,-0.0014018353848061008,-0.0046608630835298405
7830,0.007725765622699284,0.019782918272037535,-0.004647182495094365,-0.006681450213418521,0.004115379352653784
7832,0.02237668233953219,0.020912555153056747,-0.025417619936979646,0.031786565012655504,-0.0055208340877334755
7834,0.009505641013128951,-0.03443947347986961,0.01187245576625233,-0.0044259773872276685,-0.03897115513553114
7836,-0.003571143156804795,-0.009314191778245566,-0.0051699235249731135,-0.005442359194082751,0.001110192945561986
7838,0.002520113556186965,0.028027064803431558,0.045879012037891825,0.014022796305495749,-0.02668498184300093
7840,-0.008110835108754743,-0.008572555455777247,0.003415391759605946,-0.01289249795208453,0.008734220335906272
7842,-0.007863922943283934,-0.008454085397845493,-0.013207888397164289,-0.007211381124078633,-0.00584625746209111
7844,-0.0015352643294648874,0.031793329863534725,-0.018307980224190987,-0.024042801429244913,-0.010369192748942718
7846,-0.01263501093276499,0.01765327209081744,0.010978585594915187,-0.007229490162987502,-0.022667346382390895
7848,0.0032725638750305043,0.0008836408014592811,-0.0012861454089284432,-0.02453781454324183,-0.004335133619811744
7850,-0.02318408414369903,-0.02352119875609093,0.00711798217057481,-0.027483122472620268,-0.018480193160254954
7852,-0.021176137438172298,0.010432474932462176,0.022611829149244075,0.004324170366928582,0.007943397389210197
7854,0.007096280013488095,-0.003960964354842835,0.0019111015090516154,-0.005234859713900965,0.016190943465978307
7856,-0.007267974976476979,-0.006178445640063105,0.031653101556199645,-0.010230016060762568,-0.016257679767603467
7858,0.000802422081700054,-0.014290440978679366,-0.015553194593358459,-0.014398040556076458,0.003630553110082981
7860,-0.012821162876591689,-0.00024266927335942282,0.011042801919727141,-0.005904056148579829,-0.00719435145274275
7862,0.012674320359064819,0.009467495338142949,0.006920491402648279,-0.03602800960530115,-0.018829960411975724
7864,-0.02943065558484105,-0.0001738569238152646,0.017481269208273115,-0.013343624410875096,0.02593671771036259
7866,-0.0028858571876456225,0.006511087139601115,-0.005248672164940573,-0.0058698091734068645,-0.008809606093073326
7868,-0.004062304734950029,-0.013982170476695255,0.00996191038581281,0.004199726306632353,-0.009119951830345262
7870,-0.006576573605785442,-0.018055891021516408,-0.01440883905986846,0.00759060510220281,-0.026101474108714606
7872,0.01091247186314203,0.01215602471763212,-0.005494256750327225,-0.011616974199759584,-0.0014728285818744519
7874,0.010235157673764825,0.042667020356350116,-0.029586187486603417,-0.007949295697457502,-0.02663064392935926
7876,-0.004937500151481346,-0.0028987565163417165,0.0012239136734636755,-0.008358184522601718,0.024625872580622432
7878,-0.00468806871793704,-0.0026038107305151365,-0.005448534434264802,-0.017635133501405005,0.0002230843406576245
7880,0.016969730033445655,-0.019131476610483658,-0.0009493084713166537,-0.0029739099212089657,-0.007019137967683882
7882,-0.008854808045036988,-0.003569353915898503,-0.003346406282704323,-0.0043279166016532335,0.0007954871478117408
7884,0.0015668293491669005,-0.008138596777858163,-0.007097836294325477,0.005672140569953071,0.017170565452936534
7886,-0.025644016598552238,-0.0049619166878493515,0.009436862130546462,-0.010279574678946893,0.011331802777543126
7888,-0.011891973611578977,0.008832519757651827,-0.02494030989357219,0.003906675005752099,0.011172713110143137
7890,-0.0014824978252593432,0.0039688283423680235,-0.0004105613726402006,0.008527821824823121,0.010026939314243997
7892,-0.00518842402936985,0.0018888261213727555,0.00404813401505447,-0.03677772859569363,0.011730698370684123
7894,0.0007823569894145651,-0.02009001763967059,-0.006542000176523991,0.010464686837561963,0.04148875908637167
7896,-0.014452540547776019,0.018040394760367947,0.011921009709601907,-0.004269070287125061,0.0029384911261959
7898,0.01729491930012542,-0.04295285932667134,0.007230035579495299,-0.007763774644430544,-0.014897726581704213
7900,-0.013381413495534778,-0.0006440070284032963,-0.02275175062931712,0.014866722446095099,0.002403298895440386
7902,-0.0009472873948216373,0.007931119996915202,-0.004394737332868249,-0.0063643675632568,-0.010021171021878206
7904,0.007843297816773554,0.004767995311134223,0.006290128590881025,0.003213724702646228,0.018626408828907436
7906,0.021672350942026148,0.011373418273695481,-0.02290911520991931,-0.003643946366766591,-0.004883527853707494
7908,-0.0027451401178532854,-0.011057787718626318,-0.008114345273237775,0.023897964085293613,0.00894857876638019
7910,-0.017745545019112036,-0.0018465214121540499,0.006982668757999852,0.012175786537347773,0.011546431602309502
7912,0.030010823118637498,0.004689834334499168,-0.00935613108059698,-0.003801523888373012,-0.018928775702141142
7914,-0.010445751905459415,0.011026971803204826,0.0034678284027409123,0.001948868884804257,-0.014101743483348016
7916,-0.025895839866819398,0.004958452471611926,-0.011493278671364019,-0.016447761521531257,-0.006417674190021482
7918,0.017194933372968648,0.006326032855731087,-0.004249888793374127,-0.01010556467290718,0.022364301469045507
7920,0.004954825326777331,0.0028024620538804365,0.008886485320048284,0.00528402617393465,0.0038771556002911464
7922,-0.032031722040594506,0.0096689321096121,-0.029633897871840436,0.004687897397835351,-0.003131879571058829
7924,-0.006021480733361888,-0.022103208574262626,0.006896885937269838,0.003664472369038692,-0.01972215232821044
7926,-0.007367912151070675,0.005417526866315491,0.02120314234009628,0.02223804660155088,0.01651859325083951
7928,0.0017939064865254428,-0.004202426108725615,-0.021077353679914576,0.015342186579248419,-0.008780308551368222
7930,-0.012302344431883336,-0.009983439444236526,0.00714608238930614,-0.01682232682466311,0.00433390815723201
7932,-0.007846664307680388,0.012972242442820785,0.009408393397595595,0.0002829257305788777,-0.010990193059191192
7934,0.006851428180052625,0.02434458635181276,-0.011587167287655445,-0.02060381152120866,0.012525297476230325
7936,0.017547478288284388,0.0028419055920645545,-0.003445389711585562,-0.022183289254908985,-0.0036147911992918413
7938,-0.008206815080247745,0.012125017767023826,-0.011830369303307503,-0.0012083648824344694,-8.373286900215771e-05
7940,0.007508807078937916,-0.01903552957308643,-0.006152572097057465,0.0221646850000404,0.0070835559202832386
7942,-0.0073176303155896875,-0.008770421974953169,-0.00622079681910549,-0.01601153895233546,0.004094396214649636
7944,-0.03043060919976627,-4.304372227092302e-06,0.01805107210322995,-0.01167959682764311,-0.007966311972283488
7946,-0.010186371550108415,-0.01252226717175936,0.027681771248781264,0.002852456167939713,0.012302643720472496
7948,0.019878637283590683,-0.03016661622641756,0.02731365619428693,-0.006117713285643772,0.002157249583080161
7950,0.004502046857356542,-0.005863976064641339,0.019141178287587032,-0.006959333709037075,0.007390484002921372
7952,-0.020939449615549246,-0.007970314601289271,0.030784244633715634,0.025014113698831615,-0.015710497198899533
7954,0.0027139633697753156,0.005155367380302486,-3.6926954861822354e-05,0.009492402185370837,-0.009750021370663357
7956,-0.00854422848400045,-4.8645021023515386e-05,-0.01280605359191749,-0.022061789663909908,0.0029260435333353083
7958,0.0005061668614552168,-0.01951769007933608,0.0006939442614447266,-0.010745813969692928,-0.027316332480131142
7960,0.024110609509303913,0.0014951026618346206,0.025624130621588984,-0.0023474956018589904,-0.010173722040006489
7962,-0.009964249716925425,-0.007833474719762099,0.01811116770816887,0.003551511827170603,0.01255002561904533
7964,0.00901685388918081,0.022190026424037078,0.030747012758591048,-0.02969529026295053,-0.005547051426863601
7966,-0.01292419842735522,0.002369469854500316,0.007110253118693869,-0.027693658933198764,0.01042705327049887
7968,0.004429318649357576,-0.010032382908499955,-0.003501712279483596,-0.0002821235679063585,0.003139355256562023
7970,0.006963981363001876,0.017188037624773004,-0.0007010286436699949,-0.009332458953166454,0.022969803740979972
7972,0.012200540488148719,-0.020791423385254987,-0.011238247871582997,-0.03819638111967257,-0.029194519500448487
7974,0.012865974077297046,-0.0023788836976168753,0.0007518020367289828,-0.007087430160234489,0.005447430977322593
7976,0.01324581832731941,-0.014079951740057862,0.021221968752616248,0.008352924248058698,-0.00298759494238895
7978,0.030517684659699805,-0.005206675694249716,-0.00412026820614056,0.020877513315520662,-0.007219801910310761
7980,-0.012233100792865121,-0.0011490811726740046,-0.00639950635819101,0.0073111336728208295,0.002955306571363367
7982,0.0125225759741637,-0.01565336238602615,-0.01833133037350315,0.008583418709365426,0.021840041245248083
7984,0.004774310148479531,-0.002455251926906146,0.014706417115916151,-0.010760082556853122,-0.0049371869256661155
7986,-0.004095832032562694,-0.004836618023047883,-0.0021453431735620446,0.010363191663496996,-0.016674857831505
7988,-0.021321184035540976,-0.015400665834197167,0.001195027324572366,-0.020567258063458136,0.0009447336998550676
7990,-0.028773086805004237,0.012198688471295226,-0.008413376521414594,0.0013163467158507896,-0.012539977129987665
7992,0.015152560978477793,-0.022535616576584264,-0.014732239021537138,-0.001783903117152301,0.001819594726714403
7994,0.004776016548513997,0.010459385313403896,0.0031053232525746744,-0.016401444586639852,-0.004175336131448347
7996,-0.009501746009939173,-0.0006620607305908216,0.011191221164813627,0.004210872974670275,-0.0035182113158803508
7998,-8.832486914999246e-05,0.012816684494367299,-0.020270617898977383,0.01759390607544926,0.010984787813083515
8000,-0.009567220631506758,0.011129344997050601,0.005569735646014259,-0.00021680252692907182,-0.0029767994116800603
8002,-0.002752393261498738,-0.0019824145879595505,0.0035774769259474017,-0.011274834525661748,0.004347342324379157
8004,-0.011056791270564593,0.027226916183303307,0.004693579104289875,0.004951028512659084,-0.012726293449973594
8006,-0.017965384079659773,-0.0050042157384519795,-0.0032916898542498935,0.005109211337915463,-0.006243804323532937
8008,0.002661462605047834,0.013310419819994078,-0.010349797539332361,-0.005005645572098624,-0.02265590731350858
8010,0.01595951550586698,-0.003018987259449208,0.008679794730509923,0.006051171632211047,-0.008083352085488507
8012,0.0006836503260924387,-0.038755171412734955,-0.003805052714983255,0.005597035254217806,-0.0017836527597709932
8014,0.014481698535749005,-0.013550523189572167,0.012887952742604037,-0.02044073100485111,0.02296045732895598
8016,-0.004509103262553463,0.017507919177481453,0.0031746555315035406,-0.008493843146294828,0.0012923664444913214
8018,-0.021724896529592752,-0.00874139740625241,0.007885716684360533,0.025498410006900923,-0.014698622206430242
8020,-0.018138367997549268,-0.0005175775804006299,0.015799648670830415,0.013580684563776414,-0.03086691913174694
8022,-0.011112001022299431,0.0056136420168072625,0.0041115888013451085,0.005619845798593184,0.005201510202528914
8024,-0.00466936468660693,0.026562611671741537,0.024471721762579373,-0.020260570327810527,0.0155990433549345
8026,-0.010064362527965335,0.00043182299393860953,0.009092265406593572,-0.00978150272690278,0.012044930083919518
8028,0.00907958498087681,0.0026483950695334805,-0.0020688476352538174,0.014047631923737309,-0.0007615860605585457
8030,-0.0033341190314298444,-0.011815715912863187,-0.0022246951101350197,-0.009664303173213009,0.015641989958614013
8032,-0.020517223991639875,0.02518249095273225,0.016887277001298242,0.006106292046418735,0.009085308239210808
8034,-0.0022270991544916215,-0.007438698725210311,0.0019803104681794777,-0.005135167868308981,0.01238020997392446
8036,-0.0015142851492035761,-0.021288797921793657,-0.006267721601206552,0.02164662525764404,-0.0012333925391426975
8038,-0.005667797145192592,0.0026469172997452437,0.02580431498126172,-0.00480361347205484,0.004135955239802329
8040,-0.008222349578352535,0.008749420888289708,-0.0011414646704935643,0.009899237634880785,-0.009081755100393928
8042,-0.0042758712015519736,-0.00884998668181307,-0.020032199214760585,0.0013091378635485713,-0.025625232095115538
8044,-0.02150378178236945,-0.00583338978299428,0.0007288949620991974,0.0039517991884769135,5.5995826351179224e-05
8046,-0.0147056684413463,0.0036153085933317494,0.013390662388132761,-0.010099704764881097,-0.004352997447752128
8048,-0.012754475656854685,0.003196994509551054,0.0014385898050238463,0.03077272571272259,-0.00996236506424535
8050,-0.010092725709752738,-0.017991185092678306,0.007442569067387594,-0.021324404621697556,-0.0010196312396020338
8052,-0.01091509755322422,-0.003338797015596681,-0.02519212293966724,0.002827100519632145,-0.007716783403006185
8054,0.0050717384479149075,0.023802776460388406,0.02287502181908343,-0.019096423714306948,0.01373892881402885
8056,0.003397106475360566,-7.424029876753891e-05,-0.0027563709804491704,0.004764078083815666,0.03154160760039084
8058,0.00015306670248596148,-0.008374024259918678,-0.012958616756679234,0.0023574353409976565,-0.015663932731359465
8060,0.009030348461764245,-0.0050481637640671095,0.010506763581110783,-0.00335160119026134,-0.013001879912045154
8062,-0.004693688488752542,-0.03022489003639986,-0.0025224370938208237,0.001328323643536425,-0.009529468835901347
8064,0.0042170992268076675,0.012542427737083962,0.006694143991768084,-0.006951338577407392,-0.005940623214444149
8066,-0.022733542983139704,-0.008394050446405957,0.010452813305809112,0.029730897687270563,0.0034292400271973868
8068,0.003022974106018136,-0.02983711060064835,-0.006370703472658601,-0.003946487575678406,0.017807459443285586
8070,-0.012987580958662443,-0.005769180567334549,-0.0074018130409317495,-0.0017525948681338653,-0.0053297441484011065
8072,-0.02849533406167034,-0.01079439293279493,-0.0010899685962576706,9.321010682490062e-05,-0.0030941242112822627
8074,-0.02242730781399487,-0.010322958299027792,0.017203254757787906,0.0031785278628243792,0.04095496626283311
8076,0.004242468193620597,-0.014404743276509117,0.0034621615483752,0.0008866765680245188,-0.01549500868831268
8078,0.0051424353870664855,-0.007452588628926929,-0.01993104078415379,0.020362179685459707,-0.0020109715032148585
8080,-0.0026375732955562473,0.00023355153484816982,-0.009104272777486905,-0.01029995174416696,-0.010231692634754439
8082,-0.0035902728926562734,0.001794181777659809,0.009690560682157222,-0.008038214210168973,0.013933248328567476
8084,0.022933566660220183,0.028569845908348997,0.025575429068980138,0.02164018194570252,-0.024832688996210515
8086,0.018378301622870047,0.0163910568669735,-0.0057567060507401875,-0.02703323192911045,-0.010745348714644509
8088,0.009547561345783958,0.004478917803691328,-0.016334208884717902,-0.013989549818070058,0.010813413107208666
8090,0.010169975730983402,-0.0042128512291763065,0.0013348037308116927,0.003635088008236244,-0.013876449831126883
8092,-0.007487019588888153,0.0045776337470267315,0.008707378007902165,-0.013210791504350831,0.011211185272660882
8094,0.005789415793695534,-0.0016178724814190732,0.0019496350713736916,-0.003443958198452298,0.009054835411167701
8096,-0.001813351765391724,-0.022397168540421678,0.030691814163729878,-0.006225172960241278,-0.008485875711654111
8098,0.021782103951078473,0.006399751109479865,0.005330247776269526,-0.023574788036379354,-0.007452645233663759
8100,-0.0002928871490089351,0.00966751410050165,0.022822108821545187,-0.008661240707578914,-0.0014475418005210382
8102,-0.01321515461037775,-0.03880329446310221,0.012500109495513587,0.006510338692154823,0.0061016009513454655
8104,-0.008484988790640628,0.005871158162454087,0.0008954160358075297,-0.01680312539910344,-0.004356916926438992
8106,-0.009253915990412363,-0.008376386803957803,0.007976673525297077,-0.005640281022749449,0.013376795925107883
8108,0.0217335422834134,0.001841940325541308,-0.008561654606264015,-0.008815013246053327,-0.000161111448827758
8110,0.013802026292046568,0.024242218133874987,0.022752703395107602,0.017431454861571525,0.00721309959876806
8112,-0.020858625941148682,0.001817517805530755,-0.00523155830776347,-0.0028913941033591297,0.009510167998860541
8114,-0.017253937574259335,0.01591098035139432,-0.020711878280996462,-0.0011710276831782755,0.016979738603696108
8116,0.00849285009233743,0.008148915381394397,0.004306338707136585,-0.021545225431753204,0.004021700182061764
8118,-0.010917228807539876,0.016820785315361048,0.02084386573179963,0.004770539467609334,0.019381031937030505
8120,0.001553427271306722,-0.0012582672031920326,-0.00452151028262547,-0.0005450095916297312,0.017843362870234546
8122,-0.009260511414649468,-0.005911752838452847,0.02129133260019825,0.015289453290393258,0.010440983921713621
8124,-0.008474602272554602,-0.002635580690498798,0.005322268855209008,-0.02521443531451344,0.005773863590363067
8126,-0.014514308164747044,-0.018406459234051084,-0.007122954991713479,-0.029077628729931627,-0.009161500945057794
8128,0.0043509297294790335,0.012407045075109409,0.021020101647537898,0.018955373561979762,0.005510031309391253
8130,-0.011701480080585216,-0.0008273317341960369,-0.00045246611641412265,-0.0017811677386915482,-0.0027443252267539417
8132,0.0030627598291211116,-0.00829133316846567,-0.02905101055000669,-0.004556156679288429,0.00415889050325519
8134,-0.0043563650884648805,-0.008844119549227883,-0.01853826530579805,0.008335661175207454,0.004008911405880104
8136,-0.011516480117603409,-0.027786195597661753,-0.005345747872562439,-0.007856812163177379,-0.01583137426231894
8138,-0.005196913664592795,0.02999245804500683,0.00551634296056329,0.008107979590828481,-0.027575414495543297
8140,-0.005464718086922638,-0.006863965797685858,0.011675380300662579,-0.02298809344999503,-0.00508627448875924
8142,-0.019261558593031095,0.004391851947167211,0.015581110788083654,0.012025236175085434,-0.016371309697810723
8144,-0.013866052364497086,-0.003792713497165697,-0.009463878393125043,0.015506410485092317,0.0416982129459529
8146,-0.0002626815644389508,0.001982828257255291,-0.026037511064121836,-0.017683626399039486,0.0044185792982776445
8148,0.01169630859209256,-0.0015968687523813978,-0.009144343785851449,-0.0056021182367228545,-0.005459770744635092
8150,-0.020080217833867493,-0.005508852835510257,0.00022247584873410315,0.0034202262885652513,0.015022831245331903
8152,-0.0008905859755480362,0.00038234404558386173,-0.03285635666858033,-0.0042703646965802184,-0.022076464877869725
8154,-0.026960712301440277,-0.002599029174771707,0.022805893268916713,-0.0010468645919153316,-0.00838921466932429
8156,0.0005634371009331516,-0.006639675299238475,-0.01585260066449404,-0.005916706331072089,0.008784847625198048
8158,0.010454529171587427,0.013064348293041771,-0.005853957010017277,-0.013637533633311097,0.020789026087847457
8160,0.007735895410290002,-0.009718156739748005,0.0027657582219565665,-0.009107213811924673,-0.012223646583146326
8162,-0.003965754644866111,0.0347735540032825,0.017537021960025462,0.0014142261406216805,-0.005481959314577431
8164,0.025195401634432582,-0.01524709953452791,-0.0007195010290258031,-0.003522134149850326,-0.005766897497755986
8166,-0.013773397240418686,0.013827775324656543,0.02133406810838256,0.012093889886300753,-0.017489032839906833
8168,0.02718324606827632,0.00888823382764596,0.006187904001374032,-0.016930827278238685,-0.022588080741884335
8170,0.005398993770762957,-0.01263730242192453,-0.0010418781431151786,0.006684457339351514,-0.0017035116023582468
8172,-0.004112169654109646,0.018617617498395037,0.01020238283309751,-0.004167475892863973,-0.010553176358765841
8174,-0.008049914751374237,0.0338244399581336,0.00529743978217953,-0.017831213296957093,-0.017384409706268773
8176,-0.007612225397529897,-0.004843438148243133,0.00398253272374671,0.007224199202076621,0.008017588826816597
8178,-0.011283542900746346,-0.006081329981465197,-0.000965471513356879,-0.0023655859826023414,-0.015262526603952218
8180,-0.023631690057158258,0.00913040974853984,-0.009668567909921365,0.012679462251647738,0.03188729339010618
8182,-0.01967511715177331,0.0005430324445619383,-0.02572651480093473,-0.005036367597667793,0.005610450196198785
8184,-0.003510860461789318,-0.01371895240855433,-0.012220853792869482,-0.00725489611495291,-0.0015541331677530513
8186,0.0008966856607140315,0.019520545425818596,0.009643954879200405,0.016473552272014226,0.014396414861497297
8188,-0.03039313440275126,0.0031164642640037436,0.011522092559807505,0.03348385763589512,0.03032694717776989
8190,0.00045541273707305687,-0.0038827414400773603,0.012171555897154797,-0.006572312780817728,-0.00044142213140596956
8192,0.03380707806435813,0.014666093374540492,0.001245187510431401,-0.018127652252350628,0.020907482524919682
8194,-0.010715872852464227,-0.01842338753579489,0.02545519078622673,-0.0023428242893922336,0.020471983067579476
8196,0.005298492914322504,0.010501328253985365,0.009966686695300134,-0.003000807265698018,0.00808699242914563
8198,-0.011940293961325286,0.004884733363452773,-0.001742623967027298,0.024530623223717508,-0.014927176899800552
8200,-0.0015595814299528814,0.0027038624684982866,0.030883067108098152,-0.0121403238293231,0.011209164637159598
8202,-0.0074626188667503025,-0.003328603928131646,-0.015285156046528803,-0.011500455752736487,-0.0005215183742558674
8204,0.009689699513839694,0.029533844521648554,-0.02555705184127023,-0.012570932547462391,-0.018811081644650625
8206,0.0007708139614373434,-0.007529783659712677,-0.0038244699032062607,-0.014109021771569702,-0.0026830964795396942
8208,0.011549266638131196,0.006640129739806985,0.002867685749315504,0.006908882733860982,-0.016869249873069404
8210,-0.013433655110355006,0.0002609840555710442,0.012685604346462787,-0.012221937333255446,-0.0010836879194943065
8212,-0.012116145356108434,-0.01758941282085976,0.04616141783285528,0.004247258890033807,0.0019301612727586782
8214,-0.02810363496903229,0.0026208218603644274,0.012992561466100944,-0.01148537966748609,0.016014454994814332
8216,-0.017965175657935633,0.025489005091321168,-0.02251273141786469,0.003175218545867499,0.012547707365315956
8218,0.01774638868310311,0.017201303413249533,-0.002830352925559856,-0.000600820541639658,0.0038702394638556624
8220,0.003552135178056406,-0.007713760471675947,-0.0026840185633918846,0.004534013201209002,-0.0001272006974399085
8222,0.014446358766698664,-0.02171681094299642,-0.0012430328886228012,0.002226635048155955,0.004031597484188934
8224,0.010338094104956569,-0.01489774144508835,0.018603742863897856,-0.005616121018177518,-0.01865919192954859
8226,-0.02976168766464773,-0.017454883443555537,0.0034261617505136387,-0.026969044430600775,0.009257878205641038
8228,0.011368987723600949,0.0027954965848388867,-0.012106673282668786,2.1132983823120993e-05,0.02552284899108583
8230,-0.01767129123048539,0.015613794860956045,0.0025711032500663105,-0.006854015104735169,-0.007461219749013392
8232,0.0010461401142817105,0.0041136683793771426,-0.002867078756815063,-0.011709245970792505,-0.003710595478846975
8234,-0.00016178251375216724,-0.007971139774135811,0.004128810284894874,-0.020555814300510736,-0.005171025552900458
8236,-0.024163187760708273,0.03778711958735909,-0.00170910897624937,-0.026668840239044107,0.015755970769394587
8238,0.004449127216558501,-0.008575360995067555,-0.017738494719998277,0.005228071532194436,0.00515847950790183
8240,-0.012836543510745573,-0.007205154713485431,0.024257536117575508,0.027702596364746666,0.031247024697410503
8242,-0.017246123344622923,0.022938325696601494,0.008405569645892027,0.023345078278314165,-0.039083001533150655
8244,-0.010318396641574672,-0.0003398055530550769,0.012510505134833112,0.005215138646748168,-0.009226685343490035
8246,-0.011032157823244475,-0.01418728774393533,0.0064855274908713866,-0.010610168027446212,-0.005132182815307761
8248,0.01875310211672385,0.00560949610506739,0.006846744793495334,-0.01760810188209276,0.01926557712605997
8250,0.015398415057783752,-0.0002714673385655833,0.010979196669981588,-0.00837612975845211,0.012472906379091644
8252,0.022888289322347814,0.00915088952443506,-0.005944849693955944,-0.02036498295661886,-0.003039310164163256
8254,0.007549558709301495,-0.005776228365209487,0.010506714979089352,-0.005165138885513314,-0.026202670320570956
8256,-0.009973294459636121,0.0008726726231491334,0.004830486849737418,-0.008455631009737776,0.001993470862338673
8258,0.014647020536206505,0.0027259331642356527,-0.010411763569055826,0.00969028915447271,0.013900210832886223
8260,0.008644817351436383,-0.00823993350157625,0.01392737534912554,-0.018832170395745328,0.008523236206738073
8262,0.003571449801052165,-0.012165274314303183,-0.005690297841924728,0.005627600299611579,0.0007786678572044954
8264,0.024731461334694883,0.030263763816359486,-0.02380741278235457,0.004805840474869629,-0.004331451187514052
8266,-0.010738787264878716,0.03389816833765909,0.005590280706657895,0.007500032149677387,0.00902081029672934
8268,-0.01723628090856938,-0.0008503440627853783,-0.015234140228608155,-0.008665699589359982,0.008497618573090802
8270,-0.010945629011119375,0.008463662996795879,-0.027170228667755113,0.006662453850057941,-0.03749784682307735
8272,-0.015115152063906106,-0.0361880698021495,0.0018783314397284548,0.014478418227746698,0.007509891296241591
8274,-0.009009038112297063,-0.003982777674178256,0.013036232332171539,-0.018287280739343926,0.009519041212523305
8276,-0.018020877319235636,0.004599079509059136,0.007707587011697551,0.005223534467977293,-0.026078572823211518
8278,-0.014132813063592512,-0.03154460635795855,-0.016682582219566828,0.00290046186734317,-0.00991970828452526
8280,-0.0038646939738994283,0.014276052550308007,0.00034155208872039107,-0.0096425561599544,0.0024289293792806306
8282,0.02334326154010492,0.0071764333939290294,0.02975941611067828,0.01836810939446423,0.01236333309122533
8284,-0.018108452110353387,0.004425774289168701,0.01924503308489487,-0.01798623355308441,0.014096706668693967
8286,-0.0020031692385972777,-0.003351466190406748,-0.009717550384857065,0.00031786399990732804,-0.020094399136547474
8288,-0.01632084444877002,0.016746645713700284,-0.02230712008506441,0.024334142495002053,-0.0032090526203282462
8290,-0.012555193102854894,-0.003453406015551211,0.011409527350388648,-0.019804362287122106,-0.0036860020675039294
8292,0.024600791364525833,-0.005366368308470227,0.022031995191449195,0.01888916241007281,0.008273595273450368
8294,-0.023485902899033458,0.007863427952606073,-0.019799510041473914,-0.025853911265000935,0.010066066026156424
8296,0.0362862041318335,0.031049554435575215,0.004686797985432731,-0.010340334764966475,0.001461803707987735
8298,-0.009325737646062815,-0.002069910066143868,0.00011487164641754291,0.0024715791412185458,0.009609231798253572
8300,0.02221438639637053,-0.02138195921814293,0.00043766227890932626,-0.028243194063658977,0.012421122257710762
8302,-0.004109553125399384,0.008763987118750692,0.00909083270487077,0.017805505905410773,-0.0022906569275230595
8304,-0.023933102361945197,-0.0033177553868791888,-0.0061986469429067236,-0.020260357408645034,-0.02200289405164268
8306,-0.0170755477074794,0.005708533898155967,0.01621236425497331,-0.012127782977985679,0.013879839634118915
8308,0.021661102707344122,-0.0019433908107300754,-0.0005480056420840758,-0.002139574818907449,-0.0035079450382583415
8310,-0.028945673368508902,0.0021373952462236997,-0.010649171836765448,-0.003323860782274406,0.003033246467944161
8312,0.0015463627088292608,0.01958765370429919,-0.00891907320160477,0.009575213508514396,-0.011599871908951363
8314,-0.01061569377821292,0.03752108798756146,-0.0057285940697475255,-0.0042555410002562185,-0.011601942454169607
8316,-0.008112555081497936,0.01560742379216556,0.016639837720636767,-0.0044289157737621215,0.0066106113754831
8318,0.00287660668880533,-0.027001058724867646,0.004317224982548308,-0.00922152620320842,-0.006677950281032674
8320,-0.02829158047657625,-0.011650500017306175,-0.007537819252713109,-0.01053535724000964,-0.002228716529678658
8322,-0.010867520640551319,0.004395605609421921,0.0024305491927101987,-0.014768940927956446,-0.01042429619753656
8324,-0.030195328976428397,-0.018547885765867134,-0.05395259939171108,0.012518907159401252,-0.008497825086843347
8326,0.012700040362064123,0.003208400026454679,-0.010096477930867098,-0.027322278002400256,-0.0006905794174613931
8328,0.000369446686815664,-0.0035193003153581176,-0.016120867807322525,-0.0006010412925517998,-0.0072370498375800086
8330,-0.0036227862644661935,0.006031936947889238,-0.019683440165043472,0.0024446252971669176,-0.012247784270382627
8332,0.013726865324378262,-0.011726674592044326,-0.015253417801518744,0.03521411212283311,-0.020667935423761132
8334,-0.022749246577584745,-0.00878509487480697,0.009348766082872377,-0.010685086912023103,0.01001774281901259
8336,-0.03144941767261631,-0.007814310751065668,0.007048984135362286,0.00380973501676511,0.010112330515161081
8338,0.014962899673898265,-0.0215290899557231,0.0003437911193550916,0.00706799435379628,-0.006720459430058795
8340,0.0031622943128881992,-0.01527912918923648,-0.004990889872376296,0.00371573473637108,0.007945279313318418
8342,-0.019974896737975263,0.018726119278900225,-0.025151847132122925,-0.010880935831945925,0.035111583701964814
8344,-0.0004194902069667234,-0.002930166143410777,0.004823618667697373,0.0048421449593011685,-0.006865549922450223
8346,-0.007239949058649819,-0.005336181658982444,-0.0037691331393780326,-0.009778442945142506,0.004133844539150309
8348,-0.04184255965547622,0.041635552475382524,0.011578789395767706,-0.034972339491017794,-0.027453767750713922
8350,-0.032819827295180515,0.011219601242215582,0.02245691750199076,-0.006782042976408029,0.013837729880297618
8352,-0.018466225653816608,0.0018044322280523926,-0.00220069393457425,0.0043892146790563595,-0.016453104084161434
8354,0.018126252130867933,-0.01305993395465131,0.01991498176555602,-0.013531008999346181,-0.01876349518637635
8356,-0.021195433294538116,0.009235220372482733,0.0022224256324177593,-0.011229595258399179,0.0014717875142196744
8358,0.01271603761790384,-0.005852552156944126,0.005714405036015328,0.001860859250624185,0.007297639469957259
8360,-0.017359081548583975,-0.01497578271230983,0.0007805863155022221,0.021814926652380575,0.0032241548919803645
8362,0.0024661922169394584,-0.026150730283636285,0.003350570226333535,0.003609584310769767,-0.010190986636103258
8364,-0.0012981012576204285,-0.0028523098731967067,-0.006655338627682714,-0.0059574833230442905,0.0022598155902345558
8366,-0.003940583140124794,-0.001616491095128312,-0.0017242051022190814,-0.007472896724778705,0.011252485877768406
8368,-0.00227106442507884,0.008933544382897906,-0.04249433875536344,0.02414316865421696,-0.022833194646997148
8370,-0.0022432048015495164,-0.011035316600299584,0.0019198066810321207,0.006829719790833624,-0.010682375051984399
8372,-0.005287743140493966,-0.007761458644780601,-0.025252526834363912,0.02397430433605658,0.021186037882878966
8374,0.05315691991248443,-0.04308875369199881,-0.0175968026263014,0.013308022549474462,-0.011838085237510437
8376,-0.007182305726991231,-0.0030159376337750153,0.01476005944170795,0.0037033810081284636,-0.009503522048231043
8378,-0.019443218761643875,0.004392248171787294,0.00768087897989217,-0.014976836570180384,0.01691214514856897
8380,-0.005370625536876888,-0.00917299218908018,-0.008404941447668061,-0.004641522192126992,-0.024243115066190698
8382,-0.00090601789293134,-0.0048055892455717815,-0.013283528620662996,0.009500701400649316,0.013213116937967898
8384,-0.003440855651095864,0.015299948337926694,-0.0025263546258208354,-0.025053750421960872,-0.0073534083704066035
8386,-0.04602188169818657,-0.024704638270665536,0.012581921289029453,0.021011950104012796,0.006406151983780693
8388,0.011821131128864692,-0.011013148562651117,0.003188264769838824,0.00946012367796085,-0.012209790333984734
8390,0.005866842968039559,0.020722741326213493,0.015920740890064594,-0.027359898978270573,0.004797997375251557
8392,-0.02147479022837157,0.01580117438587437,0.015454343054826071,0.022554492730026302,0.004723639063377702
8394,-0.0030178565712714583,0.003219054397174883,0.012416643562418256,0.0027022848661996095,-0.0020399909999468057
8396,-0.012230270538482378,0.00906322309169308,0.019969940689715547,-0.003124790429512845,0.015514480886928392
8398,0.009430622193361698,-0.005765821709137459,-0.018708858252925595,-0.015310561533178856,-0.0037313255520899013
8400,-0.014621783138922035,0.004040564748626306,0.00838290357567842,-0.00990720186488625,-0.007460855803644582
8402,0.004082285209545452,0.0060604973720872505,0.003855097084314637,0.007211123060615669,-0.0036235385740324443
8404,0.0008808665593516493,-0.011388269911666433,0.006047327344448292,-0.010880129701172475,0.004505982203458193
8406,0.01911038710175992,0.003858197900615619,-0.0022246074511631645,-0.004478061473248927,-0.006058860327397807
8408,0.013298343051770916,0.0026241704219635733,-0.02251512880708893,0.022418698576147117,0.004512307616422167
8410,-0.011112609846141954,0.013835369039711234,-0.00217814248630575,-0.006631849706750935,0.00041671535996666196
8412,-0.014622729503539052,0.005514533970435779,-0.003973284050861501,0.000664183523648301,-0.008566200246558724
8414,-0.023542025446010757,0.006451622944732141,-0.01681064443046323,-0.0016561138797759976,0.020951039234055988
8416,-0.02397921841366561,-0.016882289005225343,-0.029044063489166466,0.005273423909800193,-0.00908751360994823
8418,0.002012460220557146,-0.00870839582742243,-0.0044370149677172566,0.006841663845778402,0.010969065094984605
8420,-0.015874342802799177,0.011407916154700836,0.005312382126037315,-0.027704802966080338,0.004030347694801313
8422,0.000331716655246735,-0.008827954188967464,0.018049589023550743,-0.005971179207057706,-0.016351521572040312
8424,-0.006051643194099782,0.017882237381281096,0.0015528101126005812,0.002326409082153829,0.0011544385108055125
8426,-0.0006454279656415007,0.00821815186895378,-0.015752373110321186,0.0025865871453535326,-0.016749998662057387
8428,-0.0006361984622487401,0.0011942799995721736,0.01562528262370019,-0.03184301452421285,0.012256213479168186
8430,0.011932880571838864,-0.010950624358515255,-0.00698283573002571,-0.007128188571094418,-0.023614629555116104
8432,0.008166595649689138,0.0005526738377761489,0.007878927748415447,0.02639880743635233,0.039615617529436056
8434,-0.04891908207562651,0.013934645771201813,0.029826490109100014,-0.0006740962727871047,0.00916968677017256
8436,0.007572019727873462,0.011683802369184574,-0.005533092910188401,-0.0009994439547054764,0.009578439594101323
8438,-0.012612541470981575,-0.02666224068180321,-0.008714380869560346,0.015991477061639225,0.0023894320794673506
8440,-0.023400514553582993,-0.01088204939083357,-0.004423479246193395,0.0033363511115019192,-0.01715590912172919
8442,-0.005045758593720431,-0.01003984775908233,-0.005550887200830202,-0.003818476077174716,0.0030746365363202013
8444,0.002462788380516628,0.023662755024480762,-0.014929543222460958,-0.016922155877645433,-0.019388855856360875
8446,-0.008984041754010835,0.017584543464782765,0.003882875551984985,0.00939630709936229,0.0171905195415547
8448,0.0029904946455001653,0.021487264400537043,-0.011472394826419364,0.0027186244719554337,-0.0023282539313995774
8450,0.013706661543180483,-0.014942198674820417,-0.0022651389771217523,0.007419955079686587,0.0009641155563700195
8452,-0.010886175277706914,0.021201165534687604,0.02447240558133627,-0.0002215484470669163,-0.005415057358200429
8454,-0.0204383305236404,-0.005505401128003315,-0.006483376890895979,-0.006899323000708671,0.007880589473521797
8456,-0.012111293690653013,-0.026546307797494173,0.012450862092480258,0.004642162921618568,0.018254310135556725
8458,0.0033142828536235763,0.021964077930945607,-0.04028341526566433,0.014401000444885051,0.025535173382742887
8460,-0.003174071009206325,-0.0016679219231695223,0.021703228440089796,0.007623877613937859,0.0049847894864561175
8462,-0.006590626826990388,0.020147073653216427,-0.019648255727079292,0.03191018706443742,-0.022845658422503263
8464,-0.012292967031575657,0.005705518110911611,0.0050941759396009555,-0.008858242423712555,-0.001241593441053048
8466,-0.014888466858742674,0.004418964797293135,-0.0048965980236141075,0.02011592513040577,0.004563733126549179
8468,0.004673102284256139,-0.020597048759256716,0.012597728338825635,-0.0027008944668347463,0.015715477536540533
8470,0.004447402797176156,-0.009621072690657687,-0.0133493833670359,-0.008968007549937507,-0.017424002816314094
8472,-0.010904836300827298,-0.011800939391298905,0.0022523758497620555,-0.0014176839215975135,-0.004914205830787799
8474,0.010616406279052725,-0.0065243315759682275,-0.0026511499203774823,-0.008639959987996576,-0.01785900671734759
8476,-0.035406564120952326,0.0021549833743913015,-0.006431766628889171,-0.01958257051673698,0.023688108171724485
8478,0.01750483264622246,0.016155395514367683,-0.0037030071781689413,-0.006421741903953681,-0.0023907746670740744
8480,-0.0266764842784253,0.011781551269327601,-0.017348430141595293,-0.00046568803031642837,-0.021191929299519813
8482,-0.022102853728067744,0.002548472732617815,0.02160099673700808,0.027598765866299675,0.010983932249760912
8484,-0.0010901697926786547,0.023094480326635726,0.011562846002933825,0.0046151384483791805,0.015296507162202287
8486,-0.007562598472704968,-0.006382032961867159,0.01772457091582195,-0.015478820822299797,-0.014644124403958847
8488,0.009814413684104045,0.036382875763844316,0.012774320521942962,-0.008480747643430455,0.008633942855312902
8490,-0.015762486136912054,-0.0010753849702595153,0.011354463498690107,-0.00024413970360177302,-0.0071198000391806526
8492,-0.01093996140937626,0.0071218526888279145,0.021140956392522777,0.007772601716480587,0.008895728621339364
8494,0.0018515793097888063,0.004727080786667424,-0.01577537343812343,0.011983264899361967,0.01756164415023988
8496,0.016614404383980368,0.002604323875277649,-0.0054487662545639574,-0.020505686562728342,0.004902396495008713
8498,-0.006152667689256548,-0.010324943227222988,-0.013288846989208666,0.02626568015814159,-0.01004605153877398
8500,-0.007172972161002968,-0.012744289256873037,0.016815684452821292,0.0037655882986584945,-0.018447174381332226
8502,-0.012378568530676738,0.0005070949423150279,-0.006890556535336972,0.017693479361895064,-0.007165741835215777
8504,0.024022179558600462,-0.0004707390668576712,0.01768388808721132,-0.025214494804295964,-0.018344260892323678
8506,-0.01113950286600618,0.02339822211731263,0.0139378710681253,-0.03439505866474348,-0.0009811836253646009
8508,0.012863524690170686,-0.01880437854670057,0.0009308038110315383,-0.011998683480071578,0.009342667129731532
8510,0.019213830485689063,-0.010912311893932393,-0.0036972825784004426,-0.010622938298297729,0.01611048041344482
8512,-0.006976626954095088,0.020238754673106197,0.007515400022342558,0.012515827140381863,-0.008241504715118801
8514,-0.01845766137721049,0.01387845446221578,-0.0118428110118039,-0.0011251282928823698,0.01569043822920394
8516,-0.028927343619159926,0.006824121442670173,-0.0015129190420922302,0.006176805049642452,0.011526084084512096
8518,0.0015361406190283898,-0.010872784664693803,0.003241907404740897,0.013192620710597758,0.025036974703842908
8520,-0.002350285822482117,0.014849702081769896,0.00016843469650917712,-0.0008211768666152183,-0.014814515122063759
8522,0.027390197588103002,0.020654295109964336,-0.008671656845886756,-0.013161442195666673,0.0001560472057948411
8524,0.009624644768814016,0.0035089538776141554,-0.0011007599952129524,-0.01095487180948157,0.0007490684009985003
8526,0.009092507822116685,0.00885952331476224,-0.003879500167102726,0.012312014257340787,-0.008440693152747732
8528,-0.004256364781395483,-0.025564637573228317,-0.0022309102007927765,-0.005211046845223833,0.003193715057393452
8530,0.021068778022141535,0.002825847994545308,0.0019612660860567305,0.004591185204168313,0.01315491227251546
8532,-0.014457672386251988,0.00409139489153149,0.005370441624854965,-0.0017773002254581212,-0.0006373936691471513
8534,-0.012131050168115545,0.026341089861346347,-0.010771252566484734,0.0032146548781809008,0.03303365381644624
8536,-0.004185055039021476,0.006972095611779243,-0.00932983778996476,0.002274089877483724,0.01678816677507358
8538,0.007403511653711104,-0.0005641639439957287,0.006584832416280672,0.007149592883994801,-0.0067587007140359895
8540,-0.025116108292963388,0.007059929100688274,-0.0002979913782704513,-0.012699915556607357,0.007369070092759921
8542,-0.006676927456872923,-0.04364840064582951,0.013848502705154633,-0.007366738268741323,0.010015861215435016
8544,0.005323262299828162,-0.0069940771148914406,0.011197179962335085,-0.015736667549716914,-0.004927613127124744
8546,-0.0091587001156468,0.0012786777522161537,0.011630357583553162,0.033094887455802136,-0.010170580332086938
8548,0.023076467927264907,0.012667810388771503,-0.0039948840657516626,0.0017770670768729162,-0.006128223792314919
8550,0.005789558160381875,0.011861980440917533,0.0030658157836817752,-0.005566911366830259,0.0006459717987514967
8552,0.019222902451550315,-0.008576702050739994,-0.019065310753459266,0.0007510441382768871,0.00014085122529300216
8554,0.01941270439999757,-0.007157267094896376,0.004369010953150543,-0.01500639510099367,0.004949615439292161
8556,0.003901808127666172,0.0009438071452004432,0.003923332851282335,-0.017743865038920874,0.004654325387245979
8558,-0.009639232691809985,-0.030016891444235354,-0.018667622664840317,-0.015441910834856852,-0.024111194824484927
8560,0.01570927810430598,0.01347570513390541,0.00895551945782536,-0.01884446882269555,0.02406682036906617
8562,-0.003917975923581999,0.009376929816320925,-0.00361362675620079,-0.0018472576133183659,0.010369239659190739
8564,-0.006049287280833884,-0.012688983294353784,0.019432457969335397,-0.008808813850145945,-0.03880304374586398
8566,-0.01398485071148038,-0.008181107963941753,-0.015972641247457408,-0.001911890994751581,0.0024515274986438604
8568,0.004427846313415361,-0.003926774267855756,-0.025053128305888434,0.013649320996675929,0.0023177244402022303
8570,-0.026738377776398925,-0.015656982727839254,-0.01316750298043326,0.002007082122158088,0.009194928617696429
8572,0.012869310344281085,0.0035644619178613994,0.024401566118405906,0.0007186023543448922,0.01658357400774512
8574,0.0016051786030767718,0.0037152705770358355,-0.025565593044705494,-0.013042712024113341,0.013506241822027377
8576,-0.019272279993656594,0.011042171352187368,-0.023914499080297594,-0.023384013466142963,0.02544596425873505
8578,0.003190657683820726,0.014712965415398935,-0.02205470938896309,-0.002010520417954516,0.0022127071241352684
8580,-0.0059571001386711855,-0.014875693388898723,-0.004210495723867701,0.00045449752516626816,0.0006014874721647386
8582,-0.004379682653784935,0.025733486062951966,-0.018140306099675027,0.0001439911559776635,0.012707692491547478
8584,-0.005790549439214432,0.00771909607368003,0.005545292962282369,0.006408639833221071,-0.001991651493306239
8586,-0.016770060131660987,-0.011956569648268441,-0.012571234811929106,-0.00326659476551592,-0.008390205921576565
8588,-0.0010886678157774393,-0.005835609800311241,-0.0003851234258349838,0.0026326469972681025,-0.0031499634234492834
8590,0.006226338102469912,0.030630554923245183,-0.01873336885651031,0.0068751893882157585,0.009962703074479844
8592,-0.009216618452454322,-0.0100776615348035,-0.018449599692851794,-0.01165110915526868,-0.006928512076055594
8594,0.0021549562907947763,0.02658694905029207,0.011942624537286133,-0.0028541647749642596,-0.00977095922179062
8596,-0.015410884206280524,-0.0006290025614332494,-0.019427100340011175,0.007228338926941318,0.024377685416168256
8598,-0.007326867225115186,0.016241142695599946,0.01041818575206933,-0.0018764202368267784,-9.896538831728287e-05
8600,0.011289052347135738,0.015355506073604275,-0.002179709028867361,-0.012865297637571257,0.013234880855879653
8602,0.013608906097489342,-0.0013278197345064496,0.005973031029200869,0.0008256968915794121,0.013633738143033586
8604,-0.004323409411332934,0.009190939742649198,0.005751699862717191,-0.008842353047703954,-0.016394859633761687
8606,-0.01506690836385365,-0.023126942094927952,0.009459971269036502,-0.0009970923590495145,-0.015851607441689314
8608,-0.006044611951147526,-0.0066487289972218325,-0.013507038729510768,-0.0077339990445548755,-0.018349904540493837
8610,-0.0016268130548223135,-0.0018880809601198808,-0.002279060435130014,-0.007250393791257685,0.014807939637124939
8612,-0.03607086280468285,0.023752212092525656,-0.018833239356196834,0.006041420756797808,0.005952190177557911
8614,-0.00042229060994502247,0.041458209444743446,-0.013483320420921294,-0.007760774476878278,0.020215192925907212
8616,0.004529867935543025,-0.010406565018111125,0.008440323686473248,0.012262676421997132,-2.804809179061288e-05
8618,0.003963129507568695,-0.0063103034714529745,-0.016822716825093276,-0.01709113163683169,-0.004077646211391775
8620,0.00022794919679375436,0.0048987201035411015,0.01080794872884913,0.0027135390235141295,0.0004480563536600777
8622,0.0061724309049794035,-0.00048431923217316376,-0.008978684062279852,-0.006492006009927068,-0.014925204353265675
8624,0.002256111683242434,0.008484784084630012,0.007501849309762965,-0.0005455561284112691,0.005063038937657138
8626,-0.0007358939969562302,-0.01681149901595344,0.02314325825153317,-0.022693971262498877,-0.026387805243792847
8628,0.0012221180815539683,-0.009209735190561332,-0.017108441607621473,-0.010159269424938173,0.004492392042780277
8630,0.008323852288291808,0.02833768554355661,-0.010814724448135974,-0.0013160169557936347,-0.0037150186981783346
8632,-0.010434778541771531,0.02814186491818321,0.0011006304170687014,-0.04245372139320123,0.0002671029053270058
8634,-0.022930741990312527,-0.01536480198036828,0.008440942921693199,-0.017462803804100098,0.0009205403266808854
8636,-0.004637670038639632,0.017637733059194933,0.01694774637504507,0.02607697573317426,0.02208917229415063
8638,-0.004786091673168558,0.001744668559397545,-0.005217115079997635,0.02842874093018889,-0.009581654364415439
8640,0.009624582109817094,0.002256320051312978,-0.011256233458487282,0.005856717393628519,-0.008327066977891888
8642,-0.0273482789829694,0.0037854227088466768,-0.025430226051820343,0.011093392204114462,-0.006541202322303151
8644,-0.014083622842854053,0.012671388255700083,0.024618090141755523,0.0133128788265462,0.012446935690410525
8646,-0.016579128877217634,0.0034293126393470817,0.011069274416141712,-0.016055075186030207,0.013952264692455916
8648,-0.0011095932672504367,-0.013485631762728947,-0.0032847328686736853,0.0015075509400318005,0.006477153287695231
8650,-0.0038944447302755015,-0.006860714147329568,0.00654812853935162,-0.038570427539674275,-0.00042512353492441977
8652,0.0043347319576589076,-0.014979993092331738,0.008493649487652334,0.007953995399518937,-0.004679404026609905
8654,0.0018481105246246324,0.010488006860559071,0.00632609959810218,-0.006778694543665368,-0.010557673412711157
8656,-0.006705352666205321,0.008418926365020516,-0.013940076370778492,-0.025677552537657296,-0.02728949849678883
8658,0.003329044092257851,0.009748920993362874,0.0005994659506300255,0.015628647428196554,-0.007075925502015101
8660,-0.01844884202497765,-0.00027219639731777725,0.027721991893710204,0.006134317892103126,0.00016687913875883037
8662,0.02637666399125818,-0.03446099711311791,-0.00830467608588701,0.009842646383691532,0.01041470574181999
8664,-0.015945551037776038,-0.012809922823743816,-0.004004251995953846,0.0041675953124115424,0.0011622280642077437
8666,0.003003386759696071,-0.0001516133988281572,0.014079133714647508,-0.03471086204685646,0.02798458074217283
8668,0.025207730840675378,0.022677656542197822,0.0060759993609501555,-0.015045418743236246,-0.00729546078637187
8670,-0.009824213818994778,-0.005729014917842959,0.00425352279414426,-0.008631636853352609,-0.006955732797366671
8672,-0.004233827745249993,-0.00034612265764947706,0.015532733613507349,0.004866983095477641,-0.016082187490884685
8674,0.00010922350980985051,-0.005522709253066368,0.004963159656124043,0.006767252397735062,-0.011656585644061777
8676,-0.003406047999155114,-0.008304845188139908,-0.012219139712009353,-0.0016162254051886136,0.0036933445281652046
8678,0.002001609449945261,0.01746903001503505,-0.014702636931368281,-0.018113438684050787,-0.01513840231506727
8680,-0.004881198603157745,-0.013427470689786294,0.003432470999656056,-0.0058841512268690875,0.006167643081829999
8682,0.004508920037814989,0.00845538175720416,0.0005123766401057454,0.011662046385696373,0.015147335162556778
8684,-0.02745278759106566,0.03340725476027643,0.006391018672633397,0.01348586869676158,-6.874398284608713e-05
8686,-0.0022799750355216295,0.001982950685939516,0.012330488848970799,-0.01057003638409122,0.003922984535009232
8688,0.0010167601431274854,0.00032706900559881154,-0.0014456269973197955,0.0021240448015143374,-0.02083509665664182
8690,0.009014674180359929,-0.00029803455662847695,-0.0019923082904246617,0.006358735541742155,0.012264985354259173
8692,0.011245852244237551,-0.01197324999338039,0.02475040103373184,0.02304531678908944,0.0006349533053997615
8694,0.010652490484617359,0.008829214187044668,-0.006118383303150165,-0.018182567802098263,0.010195446362430163
8696,-0.014058438409147087,0.006316386856905298,0.010062284384628962,-0.007599708654474041,-0.007615202674032806
8698,-0.02336661080114828,0.007140793228063612,-0.012466502182840377,0.005674706049783021,-0.0006779862581763608
8700,0.005027259280354527,-0.0010033099638589497,-0.008213472939210577,0.011854603046800274,-0.004624305004718156
8702,0.003776595833251161,0.0005580843796108776,0.016867882100856026,0.001981136519790984,-0.013497517659636445
8704,-0.015111376504297955,0.020880057170045246,0.0015965627738034403,-0.00420154374669647,0.0003565262130158224
8706,-0.0011697808827272475,-0.02382741854796377,-0.004521646748093548,-0.0009171808277832579,-0.003244017355980911
8708,-0.03689460130833446,0.013575736713725917,0.022005207479468478,-0.0038672942859796226,0.007430076855376562
8710,0.02122518981746411,-0.01045396952480934,0.012342361649512312,-0.010739655081710412,-0.012948331500074208
8712,0.003309321131319692,0.003967312482318687,0.00826266626611609,0.0037599029620993415,-0.00038509828007894377
8714,-0.01673744004737618,-0.03694750828574742,0.009088431642563346,-0.009110734653895497,0.017290958967769537
8716,-0.012056634102745463,0.013595406985420866,-0.015937823052324173,-0.008461447948791638,0.002871985508568838
8718,-0.01778080734345953,0.010134546629845769,-0.022166519766733655,0.010375221983268445,0.004835895328559084
8720,-0.0280207336235331,0.009224226254387229,0.02941763756807926,0.006048096556187683,-0.002166711694415012
8722,0.008077665465029983,-0.0035230471635265426,-0.0033342074543851507,-0.0036069338982538425,-0.0010019676652193085
8724,0.00822457393966974,-0.005767995889282852,0.0002257874042351396,0.02232653586558278,0.010751810606890224
8726,0.004284746586044086,-0.013266059103124847,-0.013488759449953345,-0.004820841982371704,0.006171173996381581
8728,-0.029617522754887927,-0.024659577976819592,-0.008003407516715426,0.023112269232065046,-0.015398913326352282
8730,0.008027749070129835,0.009461565624129423,-0.005239177806141247,0.009271467635391413,0.00258060526528621
8732,0.012335934536408768,0.015057831316755931,0.020283068731151526,0.006667811374645318,0.02886536497860276
8734,-0.008287447614364129,-0.018470034785413807,-0.000509050136849551,-0.020098099415949835,-0.042373518194005796
8736,0.02202364510407863,0.0006845299555694273,0.006078166375052916,-0.021961682326760126,-0.0007850158902329834
8738,-0.013655038439289504,0.018158418071195573,-0.020522888665103316,0.001454341534698746,-0.03249343585519792
8740,-0.013307676932883865,-0.0028962241099563003,-0.012123354497344113,0.01614656819224026,-0.0006159270788296473
8742,-0.00023985923923428726,0.006368002788613316,-0.002081807565171806,-0.01966654489434208,-0.033998284630527446
8744,0.016522400665463975,0.0027502408774822927,0.006880664405253667,-6.979008833989317e-05,0.029715870642320678
8746,0.010018969549386374,-0.003642447082290021,-0.02647652146412992,-0.00491776061612702,0.024872421847363595
8748,-0.004197159781363598,-0.0002936250851307286,0.000961854740478966,0.004618753802491862,-0.00029126354261067915
8750,-0.006261719320075161,0.020355347505822952,0.015480753517535764,-0.0017039832827051608,0.021049640355005256
8752,0.017463029517420087,-0.011789217800151344,0.010447553299746589,0.004488924636695921,0.02012711254365802
8754,-0.002044809797767874,0.0035212490777150078,-0.009969927019533758,-0.027418439002107324,-0.018052266525444765
8756,-0.012790591238260013,-0.02598147204754838,0.01318564359236088,-0.000999394721205663,-0.03167773217993447
8758,0.005897475293354673,0.0272362126035519,-0.03612455377762887,0.04436500243761944,-0.008846362787968541
8760,-0.0041869214802517435,0.006608132643821634,-0.005191441963353725,-0.008083663947643786,-0.010204630160383744
8762,0.029479046025325004,-0.015144079539889771,-0.017594671290726886,0.00861120237433807,0.0061083136677395344
8764,-0.009736635594306002,0.004085713962479967,-0.007808252203623016,-0.032725228981187286,-0.014735706872285639
8766,-0.00809826191911143,-0.007380851145071386,0.002425272425810916,0.005588516255485657,-0.006436252480804241
8768,-0.014886341405820699,0.010434377915402845,0.025065990556639477,-0.009316556974155215,-0.017544428587596236
8770,0.0242854914305376,0.024518428150648468,-0.005983341327322838,-0.026168823699671256,0.025854421909936167
8772,0.00768597340077263,-0.001245839081155372,0.008041989617483475,0.0038290297905710408,-0.008035315357699987
8774,-0.010832558498866919,0.026177362414296818,0.0019049514193253067,-0.026732477055260943,0.03372006166732797
8776,-0.008308960832717411,0.016947069582925547,0.007631063729810393,-0.00805297954004238,-0.015746914114626486
8778,0.00602920764220619,-0.0013465592382077428,-0.005787880103205702,0.0154134095985648,-0.0032408002482052375
8780,-0.03186342696630387,-0.013388083242321902,-0.01907836731200296,0.03069306048765778,0.00032230816058527917
8782,-0.0013052841781053626,0.0034246172716509743,-0.009148147221175172,-0.02231238019157604,0.010539382611541229
8784,-0.005850751453940188,-0.016963734348001545,-0.0022859668584264883,-0.0035052545777693647,-0.0011111291167830854
8786,0.010027003150972758,-0.007858616125337706,0.004378640099733067,0.0023461363817870676,0.020914774873449154
8788,-0.0009353762176896084,-0.013448452024348623,-0.024978943177562832,-0.01655545155064735,-0.0010139219257982726
8790,-0.008267825616422133,-0.004518700854766554,-0.0026255031425164426,0.01273828895473319,0.003333116624847793
8792,0.014342057630842021,-0.002248982476848045,-0.009526187963892992,-0.005020507367111777,-0.0062284662330193375
8794,-0.015554123514861627,-0.03585072615607954,0.0021134833467932354,-0.009006844899048424,0.006387231069949637
8796,0.004002596817537936,-0.022530563592165858,0.0037090074976007803,-0.009652435631490881,0.011505177208728245
8798,0.01226334535103664,-0.008617763088798443,-0.0008574098456070571,0.008007307526918772,0.010139973260840623
8800,-0.010277993674804559,-0.02180434069305241,-0.013846226212375624,-0.005868861942019644,-0.004369639931755128
8802,0.0103199629125251,-0.0007963008605416822,0.021611405076343338,-0.0034363539114522987,0.023357538660644574
8804,-0.0008593344674209616,-0.008360481427734066,0.021368934736999228,0.011340526609645211,0.012658832574923923
8806,-0.019249694098821865,0.00012855189535929872,-0.006986381505765817,-0.003650402616657654,-0.00486398675812107
8808,0.011910137199993091,0.008501709996255241,-0.00500134935104413,-0.00035557746494219877,0.0005586005734303382
8810,-0.002490948822682958,0.006096942634903522,0.006117576606633832,0.004202399517362595,-0.009117291213745382
8812,-0.016298215526361157,0.024380350968407405,0.020007512253063492,0.008134779612971214,0.012866365643008462
8814,-0.007764584299689309,0.010795132934558393,0.00819023799419532,-0.0029814996568682476,0.0026725970474677247
8816,0.005467707403333359,-1.524286563718641e-05,-0.0010939658121353548,0.02422478432553883,-0.025156230887977474
8818,0.0025514506054366685,-0.025856549534609738,-0.04917717953529211,0.015132689083379315,0.014880841014714085
8820,-0.0035444734067771387,0.019249776485333145,0.005650935852828807,-0.008021482990842205,0.0037631333968044184
8822,-0.0027176147820184965,-0.008641729950047332,-0.02719725221239377,0.005413427081908858,-0.006503782909937291
8824,0.003945166324305249,-0.01581512067346985,0.022435066821868337,-0.012209208650840738,0.027816339423287536
8826,-0.019748628803060272,-0.0035793128041196436,0.005401450053338488,0.006552068690705415,-0.004776567595554799
8828,-0.005086987075081057,0.0005676394389358999,-0.01839769826074617,0.0011038015416865322,0.034203139027118856
8830,-0.025154988652956654,0.006147059721223286,-0.01842733749559587,-0.005791080464740128,0.006993735258652592
8832,0.0025945646416641395,0.013302229101977833,-0.0016017313917433037,0.008687831452055728,0.03245789173225867
8834,0.004590692640158424,0.03125647686753458,-0.010050608806984013,0.016568638692088695,0.0022985076122161614
8836,0.009258904206898164,-0.003461356693339835,-0.009202006191757846,-0.025230656850934542,-0.013596584563664279
8838,0.010488245577262398,-0.0021352727192484313,0.0029538286353275097,-0.013142287398684577,-0.001023416400368041
8840,-0.008290013364281198,0.011713944148221203,-0.01981613065592107,-0.02089275201463477,0.021519564109965042
8842,-0.010154907391804758,0.002729357457846162,-0.019778800898156028,0.000864858644380048,0.009651056602806532
8844,0.0037409111288124043,-0.005227043845567912,0.003276655558218041,0.004392719440819072,-0.015123547198400273
8846,0.025781923357107963,-0.015358455089119498,0.025317616901184243,0.024012007660936363,0.02029577453665232
8848,0.018833975052800333,-0.01812345201861792,-0.015340323501621034,0.00016685190240942147,-0.02636270738973225
8850,-0.0058963411700619995,-0.00016751839563772223,0.0003212619922674957,-0.009297888419095315,0.007968883091855916
8852,0.003805286754778511,0.003979570971971024,0.005691360662015813,0.02090158901843927,0.022475178819299616
8854,-0.015200377852930594,-0.016308107853850593,-0.023693696897805705,0.009524079725179255,0.016275582944021476
8856,-0.01265888988213173,0.00977596922669788,-0.0009638031013990541,0.009402478342618991,0.004287439950248049
8858,0.0006735757003093946,0.02185741815533419,0.019167062907488628,0.027381453658834334,0.012102295076882699
8860,0.00652799436068196,0.00010689821575268063,0.01586719782033753,-0.017468605983338624,-0.007667801195275284
8862,0.005360685584159321,-0.0022705421232012447,-0.008423223091251817,0.02174315521583802,-0.017912704388729186
8864,-0.023180240995308205,0.013277141643082694,0.02338954037058231,-0.015144487449351771,0.012657395215231914
8866,-0.007873116767055773,-0.004427073401427545,-0.009273952812932916,-0.008354077389161916,0.030478965968802212
8868,0.009637234812086155,-0.023271567737004544,-0.010117746920664715,-0.0037171519851471623,0.0038000332471954073
8870,-0.0009094564156745048,0.01790961772011734,-0.01312628419996304,0.003100107132050387,-0.028137139796180023
8872,0.008243850475899256,0.0015994027808173678,0.024854092386918724,0.015728759454192505,0.03955097774219522
8874,0.00543939790057266,0.012672430065061607,-0.003662103835529197,-0.011202783279482287,-0.002585334286000697
8876,-0.015122981667225699,0.008464079491206143,0.004385186786101505,0.0022164505539488282,-0.02306813531191285
8878,0.02520342816522667,-0.005529311539888009,-0.002108880898314393,0.0067169835956665935,-0.0022775172390408108
8880,-0.00685064161403717,-0.01170384593383754,-0.010432452586584914,-0.01493411686507076,0.010604017081262605
8882,-0.004304510690394891,0.0015875890553942898,-0.034750634495064235,-0.015848001999833917,0.005842502266152402
8884,-0.02036707974221843,-0.005967258807968089,0.008721613640608824,0.0171850466641199,-0.00859291011207764
8886,-0.018326000844589393,-0.004306420126998544,-0.002358270954526609,-0.01141683965020464,-0.008537354507146875
8888,0.020607349829073727,0.005171814788405236,0.013293406730699243,-0.003365026015030559,0.012667681327568547
8890,0.005099479032613957,0.0036060294841040166,0.00523239129422302,-0.0064526842340034895,-0.015902284358207466
8892,0.0034500026169242306,0.0001075119910408911,-0.009978645644276918,-0.0035832901408612994,0.010785470508557788
8894,-0.009684176688196587,0.020749048248012214,0.001186364537092491,-0.022788074419390413,0.007128145820049307
8896,-0.028115881225466932,0.01877197643190454,0.03800503378613647,0.006865166411447909,-0.0077428206977292234
8898,-0.012071313363250909,-0.01143391114521216,-0.012430348109502751,-0.012782732874520098,-0.011538564016056409
8900,-0.01556401094314782,-0.007687429675107457,-0.016281315637463368,-0.019783906250453558,-0.007719343556076438
8902,1.089937319742034e-05,-0.009752761802135367,0.024577407519623694,-0.008767971091935927,0.008420325428346422
8904,-0.017259984327631473,0.016643461805208624,0.006132954845751683,-0.00496792188105548,-0.00013986504068036148
8906,-0.03562403917790268,0.007493963693968886,0.0004922534639368877,-0.012311893156737119,-0.012259363704813285
8908,0.002229513788951492,-0.025163384766356794,0.010277790331372832,-0.01923688141122353,-0.0037906890165275184
8910,-0.0024343522357239715,-0.0009704413672347255,-0.00758665204479831,0.004528149938118927,-0.003074540001992185
8912,0.014141963668418375,0.0017892681622106049,-0.015793018662731164,0.006046656893194456,0.04145774477561996
8914,-0.012565759966995688,0.013412432316430087,-0.0030299020254850296,-0.00506240612053527,0.02982954738603322
8916,0.005124994593724185,-0.010809697815246188,0.01683561041820115,0.0032711132259207686,-0.00501876177042713
8918,0.00466163848031604,0.000948184369984403,0.010561201947470851,0.0033721937480508325,0.013984941702493028
8920,-0.002664339717703385,-0.017590092055861376,-0.01374221147580318,-0.02072886934993453,0.012185828315367882
8922,0.008189725241848042,4.642201500496154e-05,0.021063778009865426,-0.001807553108738167,0.005685298642563502
8924,-0.01582455709749816,0.0019120518920260282,-0.0015151102588672378,-0.03133288628279803,0.007021399300693275
8926,0.006023937586997077,0.012638276319782617,-0.0006935055160508674,-0.021658421521107647,-0.004569897298001019
8928,-0.008255137135565648,0.00606192397896267,-0.003186799730183744,-0.004226092114832665,0.005079345138485467
8930,0.004849964503962952,0.0034457179335680116,0.00014187114174307874,-0.00894849597045086,-0.01381164357321392
8932,-0.009009189054631439,0.0006128179792508062,-0.021254156109066818,0.018922298670413888,0.0017761526096315766
8934,-0.005580263700034697,0.005001805735240648,0.015847035092441862,-0.022159580713187757,0.01736833032591291
8936,-0.01226660169311977,0.01021880822234737,0.0029873234849034595,0.015031150263297566,0.0058179143724256975
8938,-0.005108015934484741,-0.0073782351272848965,0.02343617852307496,-0.010773339121125472,-0.019016978363487425
8940,-0.0040884818723117815,0.010378141363606295,-0.002046286257508356,0.008188434276514847,-0.001252414661860108
8942,-0.006036418107408695,0.04228512624157344,-0.0005397156161557371,-0.004080922982491212,-0.00507733412196615
8944,-0.04098776748670618,-0.020687410464820418,2.573421313498726e-05,0.006502361061956671,-0.016399926446755572
8946,0.007837506384475173,-0.0076083117352865725,-0.009128391807170594,-0.013453721736393092,-0.0010349046767555543
8948,0.02619626050383774,-0.0024188394911108194,-0.0025637241908750383,0.036972785638307686,0.028706736321428533
8950,-0.007474897608145681,0.005498493672668072,0.006265094823223311,-0.0045171865790139916,-0.0014096539202366877
8952,0.007835220192188474,0.007118423221595278,0.006994770532187501,0.002919795090386708,-0.00044997596128496886
8954,-0.010455500989890495,0.013744380741730051,0.024894647394754204,-0.0022732026794599573,0.002400648680660184
8956,-0.010277098455697692,0.021102127711096673,-0.022719057865776146,0.007059050094313385,-0.017426852650883232
8958,-0.009348347175681625,0.02200473044724518,0.01628568923245244,0.01685186022101872,0.003694436871747859
8960,0.014425708428305378,0.005977240770818999,-0.0031945378909989668,-0.004092586843687595,-0.009268627283400476
8962,0.005439045897323365,0.016345101673571432,-0.013573471224451867,-0.0116908603659195,0.0012211305292035733
8964,-0.022034641759782224,-0.022122034548958894,-0.0015462644282855061,-0.0006567693032168368,-0.0034697984182670903
8966,0.001109734598012608,0.001685065445250606,-0.007643381491324956,-0.014446333096019861,0.003986618487929838
8968,-0.006282038836545363,0.0286355288763551,-0.010453343412370886,-0.00039937810837130323,-0.01782198520973171
8970,-0.00902530569002543,0.010952442846311802,0.003947006627583079,-0.0030865500798049382,0.005348456414387103
8972,0.01379444772364045,0.034159315238789664,9.115182931875044e-05,0.0003082172652256201,0.006790400295725414
8974,0.0011341849762483906,-0.0013171117878163238,0.024363002825238872,-0.006711042806481832,0.02622351002501797
8976,-0.011468712241014818,0.0027207182091285084,0.0010195929392076554,-0.002444939755281334,0.004267928217483572
8978,0.020903570912107948,-0.015089731596919382,0.0028613748538808045,-0.004817113558060872,0.0009987135364554472
8980,-0.0382590279342121,0.01604102982317132,0.006527505970370498,0.007596348973935728,0.0384287076932838
8982,-0.002328205504323502,0.007714577705441911,-0.005514265733966794,0.004169481317197527,0.009504179674295546
8984,-0.02998038389334835,0.031132618971053412,0.002503421649628723,0.022506907314638194,-0.017541198299824704
8986,-0.0052714784881863755,-0.012736360713071332,-0.0056480770890837894,-0.019064688631295894,-0.0033980225306479736
8988,-0.0031896392798463026,0.0007813635034311162,-0.01316393108383961,-0.005418562112149907,0.004160004074665414
8990,0.0048203501619432845,-0.007522246096687517,-0.009709897562914016,0.003959165857471089,0.004066015614906015
8992,0.006366261654825693,-0.021415622046326806,-0.027399382442179987,0.029015631123370626,-0.045391855651226595
8994,0.0015171303520891966,-0.0117957880589344,-0.005297271344266803,-0.008503900037204346,0.00013886591766254728
8996,0.0034787325010763944,-0.011904423300868258,0.000493123917030396,-0.025160278514026104,0.01685199411414139
8998,0.014013298518893373,0.02418318576023369,-0.009422744783024952,0.012245961955949217,-0.006467969973265961
9000,-0.0054925160814601765,-0.014066099702241187,0.00471962470376999,-0.008172771948582009,0.0026545679083990205
9002,0.019454498038662758,-0.027375881678365514,0.018580218949668,-0.0035289867948232337,0.005463696640256499
9004,0.024109356920787115,-0.0018186600069926599,0.01063760489324899,0.011827676241093191,-0.024266342257774638
9006,0.002126883693097009,0.017311321450568542,0.022266859781317063,-0.020650642421412076,0.024926517514471152
9008,0.0034234723572202116,0.004545117477363987,-0.007530981269259163,-0.00992644624027653,-0.035389658525524406
9010,-0.015521507900474999,0.01255088844512613,-0.02063396450343503,-0.010116507115739316,-0.013799981275350535
9012,-0.007177434167014168,-0.00823995538616015,0.01756593915088244,-0.007888259262786494,-0.007187483114086971
9014,0.0003364610988707282,0.02411297459190298,0.009448468380799742,-0.0024248936257189224,-0.0002670142428166547
9016,-0.009297362915852161,0.01144915613441554,0.009152354558763542,-0.03302482111522311,-0.007557629071286266
9018,0.021758333097241282,-0.013533569497016435,0.00033636042363105,-0.0053405372869316505,0.00938626990994477
9020,-0.020700225156198564,0.007021928791797316,0.0007011389662061118,-0.008969050592328694,0.004144202904485843
9022,0.004777108951138319,0.006878904332280073,-0.004910083132770189,0.0001598734312191663,0.015913591026335168
9024,-0.008909816384117438,-0.004810041700601204,0.006530679349591809,0.001673080659937854,-0.01381394532590216
9026,0.015895396479893152,-0.021452610907186555,-0.0022374086539344424,-0.016855888984571923,-0.01703214511114553
9028,0.0016020619334915986,-0.026735441261830018,0.008001357541624749,-0.002814638272651347,-0.031417211779252274
9030,-0.005128361237919547,-0.0017316724781804027,-0.0025743989841109788,-0.000473443780473314,0.006809068072095257
9032,0.0059895588353529525,-0.009401317446393312,-0.008672562632747563,0.01570742060250212,0.010246097688215109
9034,-0.010991775083107787,-0.021148793855913686,-0.008229417856793358,0.004579281198137166,-0.006081013281210766
9036,0.0013473106054248034,0.0018687175378409068,0.002908580074018813,-0.013130110467611799,-0.005690460145928978
9038,-0.005017261214850701,-0.006125518345700667,-0.01884098871349263,-0.017194274600847815,-0.010395588492279177
9040,-0.003546454725851132,-0.011213813267727484,0.019574882376109274,-0.03025186355583902,-0.025061712962144725
9042,-0.001506367984196991,-0.004235494731457755,0.008952209825551324,0.001527556583030656,0.008556767016796656
9044,-0.003033604390888705,0.013588568489981958,0.004929089393346115,0.002955551405625379,-0.0112050192851234
9046,0.001767600031444111,0.00458501892133499,0.016361104996920724,0.008540082430039697,-0.006108220955523637
9048,0.007741616378061005,0.0014221859287031331,-0.0033723554135461475,0.0078141638750303,-0.0007261157289572719
9050,-0.014656187660740977,-0.013197792687417652,-0.011717646903179755,-0.016777975627120512,-0.020919407631386347
9052,-0.009935375875929233,-0.0007004072165845807,0.01844061486456145,-0.0026133491434041393,0.01715308996620184
9054,-0.013576284969866211,-0.0016922333643608538,-0.015176308189169672,-0.0140131556797356,0.0008978507241840325
9056,-0.014755900674191035,0.009103965226338896,-0.002848447278769501,0.002829118408549585,-0.0033482656397757285
9058,0.007279254503457556,-0.009487312400727114,-0.0011051248099201644,-0.012836885349833646,-0.01560807390524237
9060,0.006442478396155263,0.0040981119230473475,0.0007247942863651055,-0.0001431575466550306,-0.0063692857215234535
9062,-0.006541638105500683,0.018903617659541704,-0.016869761656018625,0.0006555811947472458,-0.012244934112770804
9064,0.002903431752506218,0.0008471703353390351,-0.007353659685130813,0.008658499184137284,-0.012345933181409568
9066,-0.012352995858630533,-0.0022427920542990552,0.009115715919160177,0.007854750954259849,0.007850304401576644
9068,0.009951950551878017,0.02223591971995514,-0.002155696709733235,-0.0363945284239486,-0.023619320293538075
9070,-0.008562722700771762,-0.01680715813483908,0.002725329150382174,0.011325627603302604,0.003126054931754333
9072,0.005060620321674484,-0.007195300880850606,0.010780410167409275,0.004731151626060625,-0.0035475498658557383
9074,-0.0187234700640165,0.023862347236964954,0.009392024615053512,0.023413102996904363,-0.005306059481763652
9076,0.007430321623311455,0.010228756619024506,0.020290676467637485,0.023328737729965673,0.012514541485638603
9078,-0.010920811842392492,-0.02046376689792138,-0.013382305288411778,0.0005258089898610139,-0.009679988091815889
9080,-0.022857970710038436,-0.0020716684062302535,0.006064757790904975,0.009468380933087191,-0.0003288425914181977
9082,-0.0017753369730177362,0.00727710178134434,0.029233095215859727,0.02879949632370359,-0.03499621427150112
9084,-0.0018008680602825018,0.006442259630062611,0.0035571771970318244,-0.01393510208024709,0.029774024820778247
9086,-0.015024323658831728,0.01704642919685627,0.02138671736888578,-0.015011888370455424,-0.010519322116645472
9088,-0.030317385169907906,0.019992194591601425,-0.006539372380452824,-0.026583776407275685,0.027452107523072027
9090,-0.008001442274045712,-0.002597074750446201,-0.0034250067857544363,0.004038718183162133,0.007230632073969931
9092,0.007409493535354039,0.020707444332896303,0.023479566379213078,0.03526406294051796,0.02161757937075868
9094,-0.022629480543064538,-0.018408941908188606,5.825627658293519e-05,0.00995021443870392,0.003585285740780817
9096,-0.006402179160791365,-0.007845882292929868,-0.015094648776288373,0.008650755019401971,-0.025568583838869632
9098,-0.01150024922880763,0.004972621888743684,-0.022114615353463363,0.020110391054720872,-0.012332604577407024
9100,0.004067386679410934,-0.003353979701702184,0.003998582734221103,-0.0013802418051564757,-0.00871068885751163
9102,-0.010187404229306198,0.0055025789966503735,-0.011333922251049925,-0.0081023528210338,-0.010735824070321962
9104,-0.016393304319698734,0.016148722599089317,-0.029703162616463313,0.019371020288620908,-0.01650217620284182
9106,0.00605679170526331,-0.016007678633321278,0.009809286285846486,-0.0038328624578470778,-0.009097555318345243
9108,0.003492086009414064,9.446423233000872e-06,0.0066854370415734155,-0.00478505053345438,0.02815875816707423
9110,-0.0064155999177490505,-0.007843327773937231,0.032801540598344205,-0.004640820853006555,0.002644338308600221
9112,-0.014949098928011608,0.0223709527798154,-0.00597916115762993,-0.024942857364603496,-0.014465338385885424
9114,-0.01715605187844416,0.014008564529238888,0.001305104885674687,0.013128619817086223,0.011268598619182951
9116,-0.03010633558577004,-0.005935485775554091,-0.008149941829151302,0.016232328106835243,-0.0034222415912258815
9118,-0.0004976245580031138,-0.007209375684033595,-0.012525870033676258,0.015262844719434607,0.011677576155490055
9120,-0.005652383156898105,-0.0004918829871802576,-0.002785583234974835,0.003715145854478645,-0.0002767770122051017
9122,-0.04379783531635948,-0.002858339594933687,-0.0010076417347134863,0.004566831828009333,0.009205796399795354
9124,0.0046235800277524605,-0.014189689008639306,0.027436023279598976,-0.011167147570044902,0.012856639041663466
9126,0.00167636325207704,-0.012225567506185942,-0.002346025796578007,-0.009403767596885697,0.0033862357825705045
9128,-0.008432124264997051,0.009850629916267036,0.024663758929907627,-0.003492905573233825,0.003990798982172319
9130,-0.013270180519952348,0.013082447270700775,0.01264510267992257,0.006070978933169649,0.003400768214827038
9132,0.005230797920164085,0.02490294574065815,-0.0032440659124847934,-0.014569801212935033,-0.01493853950702785
9134,-0.006628067980173421,0.00860011685169376,0.03145759244284019,-0.013072746107244543,0.009736174386371942
9136,-0.00603339791950206,0.01675384511855262,-0.028542656798583345,-0.02189988097176622,0.01927262560319814
9138,0.006834212379610765,-0.006178319755010825,-0.01996937162989668,-0.009397969286216078,-0.01440375226719115
9140,-0.024136579111692185,-0.009327278818601088,0.01394551033910889,0.006668733943856435,0.012898761084074064
9142,-0.005308289279953396,-0.006112200814270403,0.015316345451649255,3.156245321169856e-05,-0.015669437496509463
9144,0.0064563047590581735,0.01068675448350457,0.013920478078119802,-0.013501369419497002,-0.004647183359944637
9146,0.003218417456274042,0.03257556237506897,-0.0013199489613111269,0.005768058452975017,0.03564920710743361
9148,0.012503079445899215,0.017104910797168953,-0.022451392707254728,0.008443654368139625,0.025769604457185534
9150,-0.003459932786994352,0.015564561966562593,-0.0073869249617401385,-0.009445234999398854,0.003922574454576497
9152,0.007055798002709532,0.0027027214569288593,0.015543792477325371,-0.0024785175519778904,0.009665399031043055
9154,-0.007216050858481675,-0.006786970861273588,0.015290842886630055,0.009482839954778754,0.012056641938221277
9156,-0.027199290584947057,0.01573026749796463,0.005363884586009029,-0.008989262373131615,0.00021616490210658483
9158,0.002450795430990348,0.01206996799183633,0.014327328980902923,0.018684846600981263,-0.018860562640965323
9160,-0.015174555108309186,0.018210926474317744,-0.02266154162547467,-0.021608990934618415,0.007126455518717798
9162,-0.00476391152402243,-0.005414691419560901,-0.013112743817368981,-0.003670899602428786,0.002557444105435419
9164,0.015811441264852344,-0.008408432971285544,-0.009343667563159554,-0.03140094140224373,0.017716974919777508
9166,-0.01507741546626603,0.01629956916723757,0.020531799235913573,-0.01656330291124054,0.0239582286581671
9168,-0.01080775155090737,-0.005579680385296555,-0.006000982539323001,0.03036002290579079,-0.023953016617242348
9170,0.007810901861653832,0.005498896010332536,0.008696856250935381,-0.005872792831178257,0.015854278953352736
9172,0.021527598795930403,0.006845874525631549,0.008533463788285348,-0.024019416661545927,-0.0016294000652679994
9174,-0.0034899425449243736,-0.002164323401260502,-0.012977921691408885,-0.004928209933972395,0.0010097546644969129
9176,0.00034392527034358516,0.013210584654632932,-0.02371514516841118,0.004288754485714691,-0.016896724399512474
9178,0.008601044185596405,0.0035404388721381025,-0.004857841656984982,-0.022892390879938794,-0.011631356157458991
9180,0.0027978975358089694,-0.00012799494429801989,-0.011188523057501515,0.0029115129491090325,0.01098213558885612
9182,0.03476826743235326,-0.02728396120171856,-0.0016927391323095322,0.016408881130968195,0.0006318666478945896
9184,-0.008997765833498837,-0.00588415583724264,0.0056731448817156725,0.008242468775914337,-0.02427471937467035
9186,-0.02680441785961581,-0.006991414318799636,0.0006418173285419352,0.0037210389293264186,-0.0027153273409881986
9188,-0.021268562175629755,-0.0026033323489197064,-0.00992971548621,-0.01174842449721897,0.004288268081767217
9190,-0.010688872346810707,-0.005551786233080396,0.019828889171601114,0.00362785736635235,-0.013638702296492933
9192,-0.00114069306893168,0.015290520471203998,-0.0011213681481012626,-0.008881901451093835,0.00016099419047120093
9194,0.013249104798719815,0.004220340532861181,-0.006289961376187617,-0.015904001420987787,-0.005119558552226674
9196,0.0030934250116872297,0.0011180469629795086,-0.009019420943511856,0.015175158023370192,0.0035772252007448685
9198,-0.0011349011922324804,-0.012315840275989568,-0.00023251918247150865,-0.011845007859628116,-0.006862750309846542
9200,-0.009902661647475344,0.008008122908021614,0.0062041599930366485,0.010270087871466074,0.016615226233710093
9202,0.003147749393429074,-0.0033674269987835036,-0.0008912018979246955,-0.020209294198037613,-0.016536410993067904
9204,-0.02057050557743265,0.0037828784027677375,0.009292642666614639,-0.004579824042265384,0.009126256593842075
9206,-0.004734811825489412,-0.016411348090424174,0.013139245085558868,0.02730880444161679,0.009690764549958762
9208,-0.022889671178920466,0.0032050750833600857,0.0015589256651556088,0.00432273430281519,0.02326000601520879
9210,0.013906957318156036,0.01960727557690891,-0.00044566784508434323,-0.0060143911786203225,-0.0057930942140953946
9212,-0.0055430316752237505,0.008693763484226388,-0.04617755117756966,0.011672775004986192,0.025964840254967855
9214,-0.005563164430222006,-0.017155801465164305,-0.002807243986324946,0.02865392836237497,0.016469852831186474
9216,-0.01747174543369022,-0.014075231769169201,-0.019910149753397055,-0.006529284303826969,0.02669480294223886
9218,-0.0008467393950243465,-0.007128966471655015,-0.003808414218662828,0.01692808614446866,-0.006349776118933798
9220,0.00925754877538765,-0.0014591519950181396,0.008027691847813916,0.004676082907930276,-0.01637119859867662
9222,0.004524278038219647,-0.00522097314712005,-0.009843060923133272,0.014310105425519108,-0.011200922842957706
9224,0.02712258898700673,-0.002826148607872874,0.013577898455961484,0.012406412291145814,-0.018430199168457062
9226,-0.01078091438975103,-0.0007445188760342596,0.015542576523581774,-0.010465551854122337,-0.017094951010896742
9228,-0.0030834703861366405,0.019516189002091677,0.012416912021663718,0.024036723611113482,0.020836299760886284
9230,-0.018567045644295736,0.003200244539651044,-0.00040970857380547487,0.005480033870596437,0.0029180002051392663
9232,0.011685887026046891,0.015725443598375823,0.01902317286433015,0.020493299921041364,0.01613466685363857
9234,-0.007117833959583858,-0.014869074118018003,0.0029507283987564295,-0.003886968794790089,0.0005498837905166378
9236,0.003558230263521545,0.012455562546288206,0.005759457936355285,-0.032625302468886425,-0.017869459053932137
9238,0.007782216968907099,-0.021435997567401856,0.004811372262866263,0.009965893006834408,-0.01020154203849617
9240,-0.01058463225645822,-0.009529313053805548,0.00576286703209702,0.018398799107559836,0.008977849813465482
9242,0.008496939891157932,-0.007743960911881482,-0.010485196519174053,0.004799558267717963,-0.014142815475727658
9244,-0.020367628267033828,-0.033953447809389886,0.010984723013491564,-0.022686538214811747,-0.005993420749256971
9246,0.003075922797687424,-0.001605476793829013,-0.012868646193786153,-0.010195320958120905,-0.0063201264995623885
9248,-0.0012636739598512606,0.015752484467947504,-0.009262649667932842,-0.01908914847301848,-0.010324725004817776
9250,-0.0088386281532871,0.015954001671888544,-0.02032852875645546,0.009910187842991853,0.03801589736353008
9252,-0.006161473271961511,0.0019341289642183623,-0.012621710768526593,-0.008604236755170011,0.004293086216254076
9254,-0.02602672707635441,-0.007442937996037704,-0.006389669589762471,-0.004945093019443547,-0.006337350048228847
9256,-0.0094559733398482,0.01043227503671099,0.0066644984291260355,0.016561444370797797,0.006820458530706843
9258,0.006959191074262323,0.005945505876638427,0.009152196626976276,0.005454301509292682,0.02289185310215144
9260,0.011049191017085049,-0.01164446313017278,0.007414163299552701,0.018311109411884994,-0.006195706408952135
9262,0.004109735785192428,-0.021859998672204586,0.01239127807193599,0.025194596371331812,-0.010775761794486773
9264,0.0011624499176197138,-0.0035261198810202514,-0.0018070066149762688,0.002487839624224307,-0.009039491289842999
9266,0.0048082725468719684,-0.016286089764283095,0.01718209017872423,0.008194989168943068,0.007203414763577271
9268,-0.013229532623391134,0.03484916361917175,-0.0020665164571783586,0.005420070909041324,-0.017045742339098485
9270,0.0072775210458704085,-0.004298130084145874,0.010541495187466212,-0.0159856198541069,0.005706579431827389
9272,0.0067749251502680395,0.001390411132057343,-0.007803819688417375,-0.011451250652167903,0.003818285424103655
9274,-0.023596289549657052,-0.0035420510149211126,0.015391678479754724,-0.015625027957930825,0.0024668603088823867
9276,0.013415471026787938,0.023638503702375246,-0.002749259129699493,0.00683571446152007,-0.015671422660509183
9278,-0.0019038851211943297,0.040711150197257254,0.011134189361243368,-0.010056022793268985,-0.00020032029549935234
9280,0.0027068527526755335,0.012915238714178795,0.01087143770333086,-0.00535803280804373,0.023159358948372455
9282,-0.007593834828740281,-0.010432352712856396,0.0017395007036165367,-0.016597227374568462,0.006770780883333794
9284,-0.011370866819194341,0.0026034415517134676,-0.008039359836862103,0.011612756023368673,0.021833169338437947
9286,-0.03246251317863868,0.003504934900564185,-0.03785294868830823,0.017015260848370642,0.009683936992564353
9288,0.00012602296042772733,0.0019210803454022443,0.004375028945813508,-0.012419519403008365,0.010415523451815447
9290,-0.009734489893563488,-0.009585116363233056,-0.003836808293326708,-0.010743716291058424,0.01652630168598758
9292,-0.01433837398740785,-0.01218716604075375,-0.0007623334320776344,-0.0013890309770772796,-0.0021557460627013273
9294,-0.024073195320435534,-0.0111616344648629,0.0002468278198711203,0.010057089572191619,-0.012201960706770284
9296,-0.0269305361746135,-0.010234226705075001,-0.03732950587086874,-0.0011304919640154035,-0.0014386731662963071
9298,0.0054486108095030865,0.011730834127234824,-0.022347334741145107,-0.015166910101248,0.027785954135772447
9300,-0.012651275830907364,-0.004130864083264107,-0.014160879660382797,-0.0029104507716400173,0.0010749507763534222
9302,-0.006024422027301503,0.03220201946548116,-0.02975205463843863,0.005532081884467751,0.008084745249594245
9304,-0.016900575486003707,-0.031420235276054094,-0.00019875732850855338,-0.003618869129152867,-0.020407520280500645
9306,0.005901427137491248,0.012166488131791687,-0.007306870879151018,-0.01147484592745323,0.01105064359919246
9308,0.015901512565299744,0.015980290681257996,0.019613716103949422,-0.006218488765645119,-0.0001339980439342697
9310,0.022983710516585286,0.0017755664353751007,0.010216174481724743,0.0006759477767436672,-0.003736838512029036
9312,0.02047999113452169,-0.007869941344181558,-0.0065851167075837895,-0.02038903466637856,0.0016387883272230442
9314,-0.028912758287600933,0.021994553917346046,-0.005091184387398265,-0.015538938401809666,0.0007316307147023644
9316,-0.002430380988936574,0.01593512350871615,-0.01335357092520729,-0.019118950322659266,-0.019292039237584414
9318,-0.01700948133468626,-0.018847598662550626,-0.017463042883079122,-0.01614930526994082,0.00461558822200175
9320,0.008552549039442428,0.015990134696298324,0.0026678140994030428,-0.013928622554092678,0.018561920188780067
9322,-0.014145707690796571,-0.013893623731910212,0.017350738484125494,-0.0336501747774927,-0.009790976013742394
9324,-0.0043497392251157455,-0.006487932580562838,0.00011516079588640839,0.006855621632447134,0.00028958920884313797
9326,-0.00036343381610542025,-0.01859688694620467,0.0009546676964984568,-0.018192101436486707,-0.004479872624529646
9328,0.01458914174644283,0.011494913745107112,-0.013986420144462613,-0.005049694984562985,-0.003622846379633317
9330,-0.0033613722925083514,-0.010776484809271363,-0.011468703752125132,0.0033184292926522266,0.0009457252199562957
9332,-0.026762530574450504,-0.013527412989692995,-0.0022507022547974625,-0.001639180773393062,-0.021415805986420844
9334,-0.014622062122605976,-0.02092122878501041,0.013035127413581673,-0.016131656463395976,0.01120353015886259
9336,0.014192137516643335,-0.0014947299317271967,-1.930371039708105e-05,0.014804902174597245,-0.004969954684019892
9338,-0.01656825894731978,-0.010108152082560143,-0.012649859351225992,-0.009867178241750195,-0.020685566898800477
9340,-0.006835955927165598,0.014399483701278167,0.0010180649669859635,-0.008280611004857427,0.012574831920944623
9342,0.007139261348160296,0.00707361929552484,0.011199868359858407,-0.007529299983356642,-0.02491639859738701
9344,-0.01113796569875493,-0.0047325434988725115,-0.0022100292705819514,-0.011115634679644033,0.008905612203164945
9346,-0.017162652515825248,0.028973371473612206,0.010726912192327444,-0.02988733495643001,-0.012590515555992847
9348,0.00397439266333351,0.01278463166514463,0.007976682749441633,0.0032871397505408084,0.0028851371473056814
9350,0.015944713781815667,-0.011279107996885912,-0.0010138700360290038,0.00036196067496886014,0.013172711882118096
9352,0.003994468462163363,0.01673324367955396,0.011308242385081095,0.015460325292479295,0.011406848462190585
9354,0.007808246039617572,0.0005427508321773186,0.014064138302776466,-0.0028975576720724557,-0.00732540851625225
9356,-0.01151982096138975,0.007832814132124156,0.009670261346474147,0.001815699888272218,0.006840595407483705
9358,-0.027875512505159315,-0.015210637288386371,0.0031460886194663307,0.02216282055017185,0.012915965645206367
9360,0.004196185033516596,0.0035690505138070783,-0.009840654659561812,-0.005998642979712574,0.005648079569281265
9362,-0.005885286033445509,-0.010170742673334784,0.0019107090127822228,0.010164285078755093,-0.0071654960825745274
9364,-0.0362261109148982,-0.012051865686781632,-0.014513684871760907,-0.004267458282361143,0.010195655444407654
9366,0.0069825606934299815,0.01452028592858187,-0.008294886196324408,-0.023162250231397813,0.001146320587680635
9368,0.004117310583532547,-0.005727457039514714,0.011371325981431276,0.014107034472302575,0.013479567097588413
9370,0.00873934880526962,-0.011628286814566789,0.00023490400749950284,-0.012192535106143947,-0.004881057364380091
9372,-0.0006584006843832199,0.0029724684374172958,-0.004923716335560564,0.027962376727546603,-0.030128732616953022
9374,-0.013025099268123692,0.010972138414225925,0.016779010131534197,-0.01266522731980068,-0.003667248731678577
9376,-0.00856919710247743,0.00457032591091367,0.002703833563915077,-0.030745800474091433,-0.0012014871370238781
9378,0.004416641707277152,0.009654035077888637,-0.017406643245179206,-0.010057786562760322,0.007602575766774834
9380,0.008729758883158686,0.0006095227279766272,-0.0008139776491752642,0.025154952446698017,0.013092045658945438
9382,-0.0001548887429911907,-0.008153148211505108,-0.008281582023530592,-0.0035914153707577584,0.021978517197558986
9384,-0.008589854142009197,0.011231247827912192,-1.579816624182549e-05,-0.0017229375241739507,-0.005923203921008982
9386,-0.015509482357317004,-0.01138223553588563,0.023174868913597612,0.004075424252319194,-0.022175726268078382
9388,-0.011767812286722964,0.0038582426409951515,-0.019975253543130515,0.011322892689440638,0.004782795669630964
9390,0.012748521030393131,-0.0032031687273188308,-0.010831746582472278,0.003740712932332626,0.005858320399781519
9392,0.016533774252658923,-0.01876545986333209,0.0014829115368521688,-0.01660724761894943,0.0005635384419236975
9394,0.012061659614752829,0.013362258768354217,0.00277756968122671,-0.013335990013390087,0.007883830170359162
9396,0.010158674674691875,0.01069588758798935,0.016693474565948982,0.01339926082977816,-0.0020517035302290714
9398,-0.004462903208364805,0.022059544511122575,0.001912413997728737,-0.011347650626226998,-0.022852382797907234
9400,-0.0011712166465491743,0.01076527602396749,0.015603488839055974,-0.019201666601448633,-0.019869308473645795
9402,0.01970966241512869,0.010324178374972164,-0.002785386666101062,0.008662705985070735,-0.011856128497705976
9404,-0.010820752230279706,0.02615725239572751,-0.03922582337808893,0.004883755581795084,0.008807692869439217
9406,-0.02413229321473481,0.024414898629082964,-0.020218796683918374,-0.0004397180649140344,-0.0030970438864986747
9408,0.01880768373263929,-0.00835618457517173,0.005363423880027028,-0.0076487160704082156,0.01089176472078694
9410,0.018676391432986213,0.033873594406778874,0.021155903528803928,0.010185740115628812,0.009219691839509212
9412,-0.02577161917491231,-0.0014912032226491183,0.0212042095093149,0.01504868002498282,-0.0031477077255899323
9414,-0.02838011150384866,0.006464137951187998,-0.0015972916886238617,-0.005157213756458489,-0.0037777975249895586
9416,-0.00013365786983995744,-0.0036135355651398062,0.014608718228141193,-0.02126415902704814,0.0033062977579114664
9418,0.018856983535077736,0.03149926346425945,0.008789418593125634,0.018150322478545384,0.02678000254725341
9420,-0.0031377700892549288,-0.0017294710201036165,0.007228564419782332,-0.0009843392800483865,-0.0032296096660141046
9422,0.021621633220354607,-0.01044429181850836,-0.023798363325234134,-0.01366649882280889,0.0037596745764723817
9424,-0.0051074515234511815,-0.044708601031428485,0.018106256766084627,0.028190514300668996,0.006088194052708405
9426,-0.006458294916738167,0.002205134796810789,0.004958565369277423,0.007597695412028426,0.013032138999204681
9428,0.026486017836743918,0.009503945928250978,0.017841336880012562,-0.00239354753215713,-0.03163952270058457
9430,-0.003910618819211082,-0.012238686915261705,0.01047442569647287,-0.005076479097983591,0.017964170063344807
9432,-0.015116672152572693,0.005970161288228549,0.027740064514683402,0.004531732698390462,0.010617413341951107
9434,-0.019843948481720792,-0.002745941048857806,-0.039017908921424475,-0.0006554454435977589,0.03242593998847196
9436,0.02746478157173302,-0.019433476947678552,0.01200184945251613,-0.021703345534523275,-0.010234154505449464
9438,-0.013733615511097698,-0.021230242647749822,0.0075760633075526145,0.002612618467185096,-0.0017592865455748246
9440,-0.01639635891240125,-0.01612225233206566,0.006644658503259625,-0.00857856690464243,0.0007040153446387798
9442,-0.03011291771708287,-0.017903170478869655,0.0018879574864514633,0.0061438482731222,0.007349248518611099
9444,-0.0030648587949183,0.01744915369579074,0.008725326076697213,-0.006652130223829263,-0.001565774177959221
9446,-0.02282332268583576,-0.016882763069867957,-0.022595648695304137,-0.02452440185512776,0.02620079963606319
9448,0.01068520841063568,-0.03891034164463777,-0.00013408725382587047,-0.009873082849238737,-4.824068247983001e-05
9450,-0.024378826333208144,0.005076759041603599,0.005552389523298286,5.843850599026338e-05,-0.0013859006468949489
9452,-0.008880585403365199,0.034454170729797805,-0.00926100230677299,-0.006272245664501615,-0.0040901299524493655
9454,-0.00729986073126906,-0.016544274697499414,0.016314994312452542,-0.021311380543037828,0.015597999074183386
9456,-0.009270212215968117,-0.003712235118311991,-0.013073376152441907,0.029821234050294115,-0.006318962043247209
9458,-0.03193749654114637,0.006393290938852774,-0.011288289348747975,-0.024251553629051202,0.01093272719583523
9460,-0.015086683876658541,-0.012035836803171952,0.0003644057868794116,-0.00386014536222257,0.010592954037597547
9462,-0.001133036799100603,-0.013583665594849956,-0.0025828930209678704,0.012647888720945353,0.0075264277339895675
9464,0.012499995538682054,0.022818397465647643,-0.005126006067978155,-0.021655423175584596,0.007705046426933704
9466,-0.0069924807721052145,-0.006605763586056937,-0.010278830456143926,-0.021118660424802458,0.00033247422976125053
9468,0.004272118286433163,0.03357314772882597,0.014325814657967997,-0.0028416050143961237,-0.0009321885987529094
9470,0.00045153603833551737,0.016956069298827762,-0.006694684938872482,-0.018414434490121246,-0.005844874499553171
9472,0.004806817351922275,0.019917763698631553,0.009170048242551429,0.016558761053929942,0.0007916329519779311
9474,0.0023820447670713845,0.011256664656312082,-0.015181549135114113,-0.0018332776644164636,-0.017870200738881938
9476,0.0019494908872805933,-0.013240356889607122,-0.0010840191180071163,-0.019063810925304004,0.010874711879630147
9478,0.01790552217218545,-0.007006630950032908,-0.005263529440758848,0.018838589627005447,0.01629535006807274
9480,0.003186563748599809,-0.0074588726992132655,-0.0031856539289371916,-0.008981080807187803,0.0011092459263340074
9482,-0.010171812029014569,-0.01050823524721577,-0.013316673468700023,-0.011144484069891639,0.023420056163911875
9484,0.011536552527865356,-0.0186493320205634,0.009789505226590592,-0.027334865422322416,-0.01761588649652243
9486,-0.014576183377483797,-0.00667044887983057,-0.005218754044580979,-0.014510830029867186,0.006432478975076791
9488,0.006335813591318462,-0.034830474937294444,0.015306253147468571,0.05253258142883736,-0.009664676218997538
9490,-0.0004354368028679894,-0.02652717420317434,0.017723913578729177,0.010199955095343676,-0.0022556615477431407
9492,-0.0006220953012043914,-0.001591959216971527,-0.02000032660237541,0.020231172769872064,-0.002264047288597846
9494,-0.010713770668379472,9.113568615687026e-05,-0.004158874867672055,-0.0007416959655874292,7.435773319192249e-05
9496,-0.009470244501645486,0.01671014769050178,0.01252587611870325,0.0021455348063995757,-0.005835633710299384
9498,0.010190734472186092,-0.0038134932477670806,-0.009411303876548283,0.012266821303586445,0.0005735890706307467
9500,-0.014292619493975665,-0.022205893494814437,-0.004080508314595969,-0.0006764677792147784,0.015692558855720348
9502,0.0030145678980346494,0.026274816146111515,0.013715780757114415,-0.008734470501958467,-0.021625817344574583
9504,0.002721622214097394,0.02370747546912463,-0.005936535322498369,0.008073461571598026,0.013525738497050601
9506,-0.020332666167950254,-0.028078641093496663,0.01875627883740034,0.018721052523929357,4.249043001953112e-05
9508,-0.011665305434347519,0.01997930308778689,0.008186897948779692,-0.011490093417157494,0.010848866497057838
9510,0.0039894624661109485,0.008202103539634653,0.006176198737630844,0.00016129048469018054,-0.006035556075239232
9512,0.01665280254303551,-0.007899235969130504,0.017127285820474222,0.00914414730675952,0.006201520232662548
9514,0.011717313200298523,-0.024445044995958936,0.008589302648033044,0.005339655868451898,-0.00982245784636288
9516,0.005566540505180337,-0.011862529814619986,-0.004857810466232698,0.01825005070796204,-0.009035268786151183
9518,-0.01964881485088572,-0.004359109790765357,0.015516973650777161,-0.005867229494516784,-0.04716910562497986
9520,0.0017185001055905018,0.0022701296968654114,0.018089163085868477,-0.008790577818057619,0.0010481582006807181
9522,0.007237585718568946,-0.005185751653967857,0.011113713667251503,0.008546724988885701,-0.00873480577023411
9524,0.04492906701483485,0.014554017080242962,-0.006124914532897135,-0.029490861123908436,0.010520352864214412
9526,0.0020998702591375606,-0.013503774667105266,-0.004521842305145719,-0.012877513451159029,0.012825450656443794
9528,-0.02400191476133108,0.005789892060283337,-0.004308697664211631,-0.007916692270068495,-0.010974985944762991
9530,0.024500020937656613,-0.006663118842328794,0.005864668365084799,-0.02366500391178542,-0.005855963938940569
9532,-0.0024901880734016545,-0.02608142061062633,0.0017047666933680255,0.0208564959755439,0.0005232467597047266
9534,-0.0020450550613375362,-0.011233738614555542,-0.0066718326546520166,0.008224502639273512,0.011302464222002212
9536,-0.01693002837999563,0.0037896310487359843,-0.014964381836829315,-0.0020162731233088066,-0.011143888409407764
9538,0.029792228499647185,-0.0008524387419923176,0.009651570731043843,0.011329223473981562,-0.018900667040428074
9540,-0.0005304555539627049,-0.01029319061747479,-0.007962528657402585,-0.0011516390379310317,0.010616582597598557
9542,-0.00932837941850123,-0.01165459869772553,-0.009906015296260963,-0.01759724759886842,0.0026324716024141636
9544,-0.014358303501699964,0.000150836274377053,0.025680537133513134,-0.012331094884368315,0.013224147249566968
9546,-0.007664851807184713,0.005119927707172646,0.00436975111331535,-0.004002995350429477,-0.006682690925546026
9548,0.005028681570207728,0.012630525514491186,-0.015496797297906933,-0.02772445211107231,-0.00681310886850119
9550,0.015998441682539936,0.019641398779924026,0.010087650839070537,-0.007606298671365836,0.007987308229690489
9552,-0.006772153578587879,-0.00018088628864389308,0.0021356903823599796,-0.010454118976161381,0.01352869375945918
9554,-0.008179873132095054,0.02022780680159125,0.014578611671513829,-0.001079810838506897,-0.03364369544698232
9556,0.0037043129929734994,0.003685530881371324,0.012532017476412437,-0.026897330902403392,-0.010204787692965001
9558,-0.01209014522549049,0.0014336012127709387,-0.0015735998110875027,-0.000626312269586791,0.005971979425912858
9560,-0.00764816925635405,0.018143577976941525,-0.006252695563914395,0.016611007963843447,-0.01031375422516
9562,0.017518124965021118,0.007902162741834902,0.02536496295749209,-0.005354943513441519,-0.007995494082968497
9564,0.002465041833922056,-0.018576594564752913,-0.013581915341261392,-0.0016041435732798495,0.027192477230644035
9566,-0.012859146874253491,0.012747114738866808,0.012903557592648265,-0.0031172597684036526,0.005480130679528732
9568,-0.0028417645566254997,-0.01609185309900152,0.007446280375689265,0.0167021928396412,-0.010142043256657103
9570,-0.011452233899943725,-0.005788847621340567,-0.008822257669182827,0.0045885780331367376,-0.0027468199857344803
9572,0.017020913443507972,0.034319226464941475,0.023225003608339904,-0.009013066456506463,-0.010471547355986854
9574,-0.019113507401778394,0.021033844093610574,0.013745885018793877,0.020995691214322952,0.014286670953819282
9576,-0.0006018388539624842,0.007521021402884297,-0.011113630422573139,-0.0031408386819128664,0.002286117507967979
9578,0.01540877094953118,-0.041708080254599496,0.0008178712593670907,0.005043365901982983,-0.026231134243407044
9580,0.00919145233914341,-0.027139152038585992,0.0014555593849183096,-0.00476383053372645,-0.015171390474599955
9582,0.003923960612100009,0.0034842064299626867,-0.0037774446157471395,-0.002436121496387758,0.013932306186173174
9584,0.021657318790160963,0.010455843103315236,0.025001869952837225,-0.0018867740098372741,0.0012729063572235807
9586,-0.015475103431160818,-0.01853449406983173,-0.01102985918581808,0.01096513943481254,0.017643066865745745
9588,-0.006588759872668214,0.011504418272347825,0.0027392202097409188,-0.0034728395139223952,-0.004063040060147791
9590,-0.015626919798133517,-0.0009817114754800157,0.01817394641769317,0.007474687833479681,0.011740444220277818
9592,0.02401863895362939,0.006169936770906326,0.011311536018334442,-0.0035574354948184504,-0.021799586050567938
9594,-0.02169937325474806,-0.005689791232164443,-0.007525206268173313,0.0006846981870241531,0.009061823932669928
9596,-0.013390986059056769,0.01334363005729029,0.028442089592038027,0.006043252240885587,-0.027355956378333133
9598,-0.029869426485296096,0.005580382680132779,-0.016694277479655552,0.023257696745997487,-0.008776240190771301
9600,-0.009076341431236054,0.00441449637547783,0.0061044977771626315,0.0014585131025611085,-0.013930198955422584
9602,-0.0018474169203845615,-0.012304955265561579,-0.02048555617547249,-0.009105694697684078,-0.014587637453420664
9604,0.000401601729277592,-0.014936988067382896,-0.003907445974067977,-0.004899978631736132,0.01509000397765553
9606,-0.010324697954570198,0.0029086104675399693,-0.007583094323689729,0.014594244353585514,0.0008225095511274914
9608,-0.01634314539433603,0.004112954152637721,-0.01906649931091498,-0.021285769339222153,-0.003004556404236542
9610,-0.00715251454562445,-0.0016392032644688237,0.011647714161213758,-0.028747071854115774,0.0005804604997604689
9612,0.005286929072455518,0.02303027251806984,0.0043590351595978755,-0.006853749327822287,-0.002907904926810146
9614,-0.0012107992444227703,0.05148663487821367,0.012661386071255856,0.004207650138486956,0.003345589381481875
9616,-0.005111783850461159,0.0021244794831513382,0.020680606313673064,-0.021775058131683508,0.0033044376192731366
9618,0.006095474924752001,-0.00037883447257274237,0.026176904956801392,0.014383446419331102,0.004958492429281608
9620,0.0034334877548825886,-0.012030253903548362,-0.0022752230374037704,0.01368988365990625,-4.2940580757953805e-05
9622,-0.01496732922403421,-0.009386055729143562,0.0016836259512729539,-0.017817981106055914,0.006538854393250427
9624,-0.0069497040761560235,-0.01927470880208896,-0.026617605744082277,-0.002714836868058995,-0.001151063694839352
9626,-0.0038226443651660624,-0.004559377142786051,0.001643104653253701,-0.028385673671014442,0.002264614682060514
9628,-0.0005589750065698385,0.011283273892476912,0.003222572785513768,-0.010805351915610847,0.025904193072995706
9630,-0.014031982806112118,-0.01227863842440875,-0.009688558040854028,-0.01053291461768867,0.0038228791791578513
9632,-0.0007835835356038564,0.023118208107741407,0.001952278098819944,-0.006446124852638603,0.005191699947424035
9634,-0.013218522743850472,-0.013334466774645646,0.002500790386351805,-0.0023157652199211638,0.015009897501439414
9636,-0.015088650531692654,-0.009318941965584979,-0.011529302281351158,0.005850392830487831,-0.0003090923698885866
9638,-0.003002572425528541,0.02976072895509405,0.030226969558894812,0.003328009040371173,0.009622748606639203
9640,-0.00332191889957025,-0.000804451178541913,0.0001674550274487362,-0.006276029534843103,0.02238592700757133
9642,0.005180238660904331,-0.02459665775355967,-7.947722495638774e-05,-0.017348009457201084,0.011769445747779278
9644,0.02904235269419954,0.017060348388730162,0.0003841298347048168,-0.013601781389064137,-0.015761771761047448
9646,-0.020106125024333437,-0.0013035061717959042,0.006693449708836473,-0.0065630202703060424,-0.0011623301817452075
9648,-0.004387014562579337,0.0010972312524385917,-0.007967332010548308,-0.005903462521818311,-0.0034077249121694216
9650,-0.024406912449882495,-0.020730070261560422,-0.018467624486604522,0.005293203840460495,0.004993366926889232
9652,0.019912036189745883,-0.026523589670940102,-0.00561554695033418,-0.0115012487439004,0.016874883659252823
9654,0.00600028729397294,-0.017892658881558193,0.005578437883752665,-0.01755874988399061,0.018176110387899694
9656,0.016562069069063566,0.012082751225586351,0.00580259113756336,-0.008253705173893532,-0.0025499736088371453
9658,0.027184332037351207,-0.006656760824119023,0.011129706410756317,-0.008441654068673976,-0.005750463241481767
9660,-0.006123827197706411,0.0003625585278159795,0.01751035975854937,-0.008302501734150506,-0.015737268007865353
9662,0.02504181541850488,-0.018569510059208375,-0.02493379109535446,-0.0025582606096952953,-0.03188681766129007
9664,0.003264125710298191,-0.01389062780709448,0.02490808984376873,0.006978385192357606,0.021595919142340943
9666,0.009804494186907943,-0.026056518907675446,-0.011369144628954332,0.004814568965336217,0.016103996091222046
9668,-0.016594754496914096,0.024849239107534504,0.008282016057469435,-0.026077072108742605,0.028198721073290193
9670,-0.013618448581970978,0.013728032905780499,-0.0027251849635466013,-0.009852391615494486,0.010169570678549159
9672,-0.0009486751986605124,-0.0025623281345409075,-0.010683731929426364,-0.006530606491622453,-0.008664607222580136
9674,0.0009356929162252086,-0.006103144898497207,-0.0013972763888074674,-0.0004758024721841166,-0.01854598621635056
9676,-0.00023956131191344373,-0.020467380613376204,0.03550610678188384,0.0030124980305383346,-0.00899876246060185
9678,0.00403878731732778,0.009056311332060711,0.010950560632844636,0.010116377791121914,-0.00457007664607461
9680,0.0025258180593505436,-0.0068071978875200705,-0.004506179510985241,0.016878055417953123,-0.02549934424168749
9682,0.04339717908699055,0.013346879729611806,0.017163348844164834,-0.023561023232726668,0.026269120909111515
9684,-0.01444631778915432,0.00539150805658713,0.012732994034932362,-0.016465341946852008,0.006697626130543819
9686,-0.003361546464565951,0.0006112581179611212,-0.007331561903900606,-0.01978455754908806,-0.01864112138121102
9688,0.006855986732003467,0.016925484213232415,-0.014221641958104261,-0.015291148722693873,-0.009522975264728081
9690,0.007648295679444715,-0.012004932662110732,0.0006791890554381675,-0.008552024725438676,-0.00013153354167704523
9692,0.014491306515512857,-0.02117655603901871,-0.01040394658412161,-0.011867498883826693,-0.012612287939312159
9694,0.019098625525625402,-0.000309669075307247,-0.01621328925518258,0.009401970092284497,0.009227743737962795
9696,-0.0004894391531688043,0.013592189155177134,-0.010080562259349413,-0.017608057127128013,0.005951487977924752
9698,-0.01024051744565053,0.00034373550215514924,-0.03944592497534835,0.01438392735075759,0.006307336934163706
9700,-0.004674901179476799,-0.016810075953798357,0.019876660141696423,0.025387033748928412,-0.0013581946849242342
9702,-0.00421048966393688,0.011178123195358134,0.008978576403058722,0.01698401032931909,0.009607420270616455
9704,-0.017676317703369818,0.005866825547683385,-0.02311618505945078,0.009357925075236001,0.013603360606010853
9706,-0.00473873055556336,0.0056070043885065365,-0.017042952868443158,-0.018973571104870444,-0.023481697765164577
9708,-0.006410122222733891,0.0010130499919696724,0.006643755626092249,0.00031877678257496506,-0.001694552694335851
9710,-0.01674347842407217,-0.0168839005191133,8.660044126477754e-06,0.003275206946411213,0.042468780618710913
9712,-0.0018580068839272059,0.0303060003662577,-0.00037095565580153576,-0.01798200862381937,-0.009420384865805742
9714,-0.023018291045878502,0.002730758396204743,0.003831911572223581,0.00508406726476246,0.019415542199713684
9716,-0.019005048157899294,-0.020104285574228768,0.01746209026719535,-0.020948379437563794,-0.026002712060700022
9718,0.013637933383571206,-0.028705277439504986,0.013924087835899705,0.021190001707154783,0.0013004863913935372
9720,-0.011274117263070094,0.0067052717558959965,0.006201868819097743,0.004892034676858299,0.004166300183597335
9722,0.02727608462844501,-0.010299703354481523,0.0037992238136295097,-0.002078046118556112,0.017854073347901574
9724,-0.006629617008885421,0.00618190259610083,0.02006452637300832,0.021145160464142155,-0.009485280519098027
9726,-0.0047266600330618525,0.0050626273489721065,0.018096321213013584,-0.015746249308135948,-0.01270945625659602
9728,0.016306383607473454,0.004225615278642982,0.007992838078233495,-0.030804359288024944,-0.013386325789730997
9730,0.009205687755876796,0.0195631023607621,0.01407534771958018,-0.022105054216579063,-0.00797628264919532
9732,-0.00643443726920051,0.0029440007049538943,-0.013508934830042759,-0.006462688924928748,0.012519511505767904
9734,-0.01034697221922618,0.005207190691668803,-0.005978114938220266,-0.024253478808611447,0.006640409915428186
9736,-0.0037878512241695463,0.014419496425051595,0.013908206888044904,-0.00535404444121335,-0.003094302626422971
9738,-0.017464341689633924,0.0005456040477868492,-0.01606827297244589,-0.005449746248417427,-0.011789029526463927
9740,0.0017097692587125233,-0.0060713255228938764,-0.011837746996564022,0.00017377377270919446,0.013226323768134523
9742,-0.0027650083173872447,0.021269406251609335,0.012204600679600226,0.0021263339871584424,-0.022857487636937193
9744,0.005553187628609239,0.001436907730764782,-0.012749525673213693,-0.01418773665504972,0.011224897266622952
9746,-0.022425925545202674,0.013671689671068212,-0.0026415239921355766,-0.008913864493250578,-0.030304862079396623
9748,0.023944710065059563,-0.00015862471759102553,0.003743191397796198,-0.02569003663394762,-0.01997652919285856
9750,0.0043613803449029185,0.01759576644037508,0.002050806773895689,-0.0011599352247795081,0.0029592204448266836
9752,-0.011255892111443344,0.014398074391196416,-0.0032620850703090117,0.0028118438813319172,0.013467820668307342
9754,-0.0233842426011015,-0.008770154657162995,0.021304398278847763,-0.018587408653825535,0.014652187231990453
9756,-0.00011439830107768271,0.0013152888712901958,0.003701317177115505,-0.0027078618001085365,0.004291227468943898
9758,0.01117055236688697,-0.006429450867422585,-0.0037499559481366305,0.0030575654538122824,-0.018294431025070564
9760,0.0021448856881300894,-0.000833678395945396,-0.004143818049834156,-0.01863025812462306,0.007798617199805766
9762,-0.008417608869722122,-0.017117458260948154,0.000678139712797153,0.014757058113666106,0.000490814477111391
9764,-0.010331287269507073,0.00852554360114332,-0.0059844515948177844,0.00029214191229668876,0.04464004999562898
9766,-0.013040448946069356,-0.010151486872083648,-0.007042448429564765,0.01897419971874788,0.019318441583036725
9768,0.009944065744736346,-0.007248903777176269,0.0009274204620865375,0.016103237518185463,0.022947722176797563
9770,0.007804316592918995,-0.008110884215362494,-0.003447826200648132,0.027301311346007447,0.004303301190180233
9772,-0.03151785417790738,0.013606293655932135,-0.009668673165967118,0.004875714252576844,0.011381110989664432
9774,0.002386220632104149,0.0010949073639349223,0.01378846332139905,-0.003557026979111702,-0.017653909947595216
9776,-0.001414778139526967,-0.01554736035408988,-0.02442783532147134,0.0012206862161446292,0.018056724858548503
9778,-0.011340762485334934,-0.012326379385078983,0.032574118626768206,0.02626571236617673,0.00902363565096421
9780,-0.005495381931279247,-0.012179334662699935,-0.0013994769995627294,-0.007305315766639192,-0.002630226312097958
9782,0.01378909644352356,0.00700537998328237,0.02116618307725728,0.009783011352481634,0.005236985288105078
9784,-0.005751298045457755,-0.006343486526086199,0.018553133911900447,0.0002587457048755876,0.013930470346900994
9786,0.0018740679494518209,-0.014920645655794334,0.00882521786486224,-0.003665624465092247,0.0001636081674933777
9788,-0.0006588916039206654,-0.003923787616245956,0.025872356176019337,0.02978364766558234,0.005602344339793601
9790,0.007525475491369622,-0.006364997163613463,-0.011566378924095708,0.012625919773589686,-0.033495710503622045
9792,0.002288169920590825,0.0009646633011151311,-0.009366966579585752,0.008561714591422938,-0.0066040641943847615
9794,0.017126699431119566,0.007435858020336277,0.014714866825628501,-0.009873261572880744,0.02209766888279103
9796,-0.028820936122358903,0.019241604784451093,0.0014036037324879262,-0.00012814641712357918,-0.008939676674648926
9798,-0.00943583544172568,0.0024525441245090867,-0.00033269637245305755,-0.002605572805434888,0.02031132263909451
9800,0.0006338251453619728,0.020828175595311076,0.01591691238376262,-0.004029104569141096,-0.00510321850457302
9802,-0.010872504044637528,-0.01703247131427986,0.002743034705636037,-0.007687040179332471,0.0023290111457156693
9804,-0.007959811507731583,0.015187983953017077,-0.0033956610007603743,-0.01017390167450316,-0.0013192876058721042
9806,-0.01490704503867734,-0.02282359263734401,0.00042303790993613184,-0.011275319129178216,0.026576540041703133
9808,0.0033061447835203085,0.02547164583451173,0.017120963024041133,0.009512939244931035,-0.0009119754079349617
9810,0.006113226789987798,0.0016440360474672712,-0.007019665355815985,0.005715506477788978,0.010793897103250604
9812,0.026137787513666424,-0.018094757704983096,-0.02294163834068639,-0.007279565993033637,0.003584938544821421
9814,0.013185221716051066,0.03442053960200706,0.01982408242098752,0.009263279830800192,0.007265141458168892
9816,0.014005814312164381,-0.003357629638617352,-0.007869168281199367,-0.023179567720189868,0.01103775194068064
9818,0.009527505930472033,0.002426955887617209,-0.0013327743351198248,0.005602441785710842,-0.020807306349827644
9820,0.006143807074388226,0.003536648152752513,0.00015187268849016275,-0.024534542947342676,0.04015600001238844
9822,0.005305136677841038,0.009891537783933667,0.018285209800083007,-0.0017524891113287215,-0.004033125032277608
9824,-0.013013729032409284,0.027463626069445118,-0.03058059466786356,-0.005077398348295227,-0.0033214875328559674
9826,-0.0014511762870587214,0.01796979002021404,-0.002058910827062474,-0.0008978276571300466,-0.0013768533185243765
9828,-0.012057271000284892,-0.008430150768689564,-0.006559307653989183,0.0028647495641922678,-0.012647829163612522
9830,-0.010729511014858353,-0.00354086823587043,0.0021905852806447653,-0.012036924768030538,0.011969541705219527
9832,0.023812143550237006,0.010176126292722647,0.006955720069925456,-0.001308606804024804,-0.0026726479193292583
9834,-0.013376923920915707,0.017593445426343984,-0.027343054203043442,0.005455952749227012,-0.005224845655141815
9836,-0.005860210562539431,0.007972088503391957,-0.0041608869928014235,-0.007733112292431346,-0.002862129046149796
9838,-0.01657448201690458,-0.005749223873905742,-0.024530817687438016,0.005475722298708484,0.018492248260522738
9840,-0.0065998603105777605,0.0002910309600322711,0.0029900917914229986,0.002435923462234203,-0.022341993839468537
9842,0.007593043923811829,0.03226210745415693,-0.011312353612207471,0.00939693257729116,0.013510435432325836
9844,0.004676074974856077,0.010979451423685387,-0.017283179127317975,0.019295026862823035,-0.0034704918727611255
9846,0.0018697050550605299,0.013963285758024576,-0.012858898637996793,0.004857727237352901,-0.005212981699496325
9848,-0.008547577210056652,-0.010681123769617629,-0.009978408731911253,0.0031418400867337815,0.010371523575785942
9850,0.018114390519210096,0.005529310566359117,-0.0036126658211049646,0.009540501469841952,-0.0009274092695342427
9852,-0.02648832186561549,-0.014160516441959115,0.011280627723242311,0.0023035665535644507,0.00046793674112823253
9854,-0.018947550807477564,0.025344418831231126,0.02063535618272741,-0.006067248701645192,-0.003141096683615971
9856,-0.01161277062670167,-0.005109384422994343,0.004974250745277776,-0.006353270617732105,0.01565935369720274
9858,0.0024773692011686122,-0.0075696230664864285,-0.011238388177664507,-0.008095764362252044,-0.0068631517604520595
9860,0.0031284637693164523,0.006996953168757988,0.008508599343976837,-0.003559216944824199,-0.014606845876021513
9862,-0.021391327226802325,0.0043062199901390255,0.004038838789273121,0.024682391985657318,0.007618271512478501
9864,-0.014592331082776426,-0.01909597895417949,0.00010650203931338607,0.02552097779379575,-0.006791237127670644
9866,-0.0007080758964058808,-0.005691928960376861,-0.008249294865050582,-0.03618297839349363,-0.005586739842192535
9868,-0.007551144405124691,-0.010189863342025655,-0.010117872437996106,-0.0011033740195676098,0.006116225852166593
9870,-0.00504219305738367,0.0050271586355947456,-0.006254028139767809,0.003452329086647297,-0.01103125423807526
9872,0.009688101052989902,0.03385666767297882,-0.012112983122756799,0.023425517448663735,-0.037474781028264154
9874,0.017153500727893282,-0.010582248108766212,0.011353670447853369,-0.02460268203940903,-0.03256268411871341
9876,0.004188268096536687,-0.012966593273200305,-0.005787733819099766,-0.009038631908734144,-0.003576226147858054
9878,-0.002406202689826477,0.00020657786182742724,0.007607864208478167,0.024253577569074813,0.0213279593341467
9880,-0.0033806012614475216,0.022725909128523555,0.01010153234389622,-0.026422156279757806,0.01501587567450475
9882,0.0034682720868299682,-0.007329865726339148,-0.0024137101787284907,-0.013682944633834885,-0.0026027825944793343
9884,0.0016626974110107884,0.02021092339798792,-0.02080594961402022,-0.007283025118110764,-0.03421371248208153
9886,-0.01168372039769968,-0.0009037269017568317,0.006759296104410667,-0.02326697164697011,-0.0011171244139427442
9888,-0.010396930853029831,0.016186474238264338,-0.0071970501920834255,0.0052246285514077175,0.01441341119490507
9890,0.011229286762511672,0.007281209578372049,-0.010663307763415668,-0.013949739272805652,-0.007682828655079125
9892,0.01672986095400204,0.007431889119320918,0.0011918536836700575,-0.015987484023086435,-0.0070817836325114125
9894,-0.011784371486466836,0.01982096461451355,0.002500768812021016,-0.021105657906302838,0.015108726396400153
9896,0.0013259587983596272,-0.01777136032770149,-0.009679094789827015,0.0008116234382475835,0.0005919422299678559
9898,-0.002188322651257732,-0.0236288158233866,-0.004907765004907668,-0.0017620354305585431,0.01247758701256539
9900,0.005110568497710014,-0.013073727729049047,0.007831289305128001,0.00865174082447814,0.0014384496635501082
9902,-0.01282902917246668,0.009683294127691018,-0.009629667129824262,-0.0020473983772069148,0.014308564842205454
9904,0.003468264274254437,-0.03547910308509447,0.002651932671681722,0.014095234400069153,0.019389173008387894
9906,0.0007787009232518868,0.014873772743371157,0.018302578027528337,0.004723234363261406,0.003295846189081229
9908,-0.0016948265884385607,-0.02143410935104553,0.00378221646175804,-0.011662240860702435,-0.024214530525724386
9910,-0.019464420712672473,-0.011201760116629031,-0.020398251740455786,-0.007609899070953576,0.0007081122111738067
9912,-0.0021733906648722418,-0.01618059816787327,-0.0036791900416851832,0.010779622637754917,-0.020528507050889152
9914,0.0015669405939411425,0.031970806135687785,-0.006179619345137069,-0.013443555415865387,-0.0015612558958872078
9916,-0.003288672837299275,-0.0055208819517373045,-0.010303403230839395,-0.0004287247929824804,0.006965106461627382
9918,-0.01063825427062696,0.006816667666600355,-0.007693978887237313,-0.010951408771599213,0.010691325414228667
9920,-0.015892377891908487,-0.015082007900800035,0.0065424814584380325,-0.008914844782446628,0.025390540950498922
9922,-0.027109345394344102,0.001846796244131854,0.003905464344820567,0.011144396452006586,-0.025169836685331376
9924,0.0034439478342831883,0.015176668543718451,-0.017932336513296225,-0.014634455045357507,-0.008531209007618685
9926,0.0012628213881003727,-0.009341341542791034,-0.036654629722643314,-0.012041934261863773,-0.030508801956709797
9928,0.03214526577800639,0.011922264976392871,0.022898246841196006,0.005753195470395756,-0.019001234567264543
9930,-0.008396602284717305,0.002351106876813665,0.019343922261865508,0.00640704227626598,-0.012171358667629232
9932,0.007619710056045444,-0.025015014692702887,-0.0019461922289605352,-0.0027532390998254008,0.0032609651427781034
9934,-0.019665351753599316,0.01683530865362563,0.01386895191428392,0.009429885951663651,-0.02059144744506116
9936,-0.015998700690794756,0.002965570613908948,-0.0025336480187566133,0.007115115916045013,0.012467256977321555
9938,0.015084020976095572,0.019123452304140844,0.012004577726481426,-0.02314402362472247,0.027590265525491528
9940,-0.001985144710879892,-0.006260613090541803,0.018386544677792313,-0.006618820156267119,-0.0038321313331920056
9942,0.012418307653558665,0.01961215561976371,0.012761081023010898,0.00017637810518273468,0.004259128746264264
9944,-0.032364181535961586,-0.009389899874756615,0.020276917891974333,0.017295168235520963,0.01988263063140888
9946,-0.005671803974920305,-0.00555542357357052,-0.0038604892089313166,0.02046500161843863,0.028786299139292384
9948,0.003993872265492813,0.004118014607121673,0.006028834057725986,0.004368046916115813,-0.0004122224059291537
9950,0.0032206026980292997,0.01347101247534008,0.011036360906697762,-0.0050775445924383005,-0.006885102402763662
9952,-0.037287134179791556,-0.012156611687488356,0.008463922719016295,0.01439405021951363,0.00962876191090924
9954,-0.01068011341261868,0.002895851999272183,0.010646382290787453,0.00652221075960435,-0.004042764412613984
9956,-0.009697195661495699,-0.03361603967022867,0.03272592609593059,-0.0073166862413591455,0.025898507135145746
9958,-0.002428747873037054,-0.032487469828399,-0.006315351706132671,-0.004594419188176798,0.0038972282441687768
9960,-0.009279709784647998,-0.00037443871425708376,-0.00027223327156319677,0.013419067628306903,0.005977864257601346
9962,0.007290710906837215,-0.007087648254640384,-0.01217560554409208,0.007813459737706563,0.012279479969369763
9964,0.026092227586629612,0.023292187656282135,0.012223382288199884,0.003244036429626495,0.012962217269524375
9966,-0.00017612218065036665,0.004784766166414919,0.00732841052833901,0.007582618617329749,0.0035671151104153774
9968,-0.013404965958060526,-0.026868425004511396,0.014114739336833737,-0.0008850370201539476,-0.02542232541360501
9970,-0.008345758911480403,0.000528730833426592,-0.013115168151130596,-0.008131491675922238,0.008719885593340856
9972,-0.004730915392214093,0.011387516879163267,2.6941809716432035e-05,-0.003083123616213947,-0.0035601885181586086
9974,0.00813666130703277,0.030985210728886277,0.009363177884673326,-0.04727672846837424,0.006321096721090436
9976,0.011650435833113185,-0.02093141358831414,-0.014894558415081404,-0.04042670763700493,0.012937658272506007
9978,-0.011033081009471096,-0.00013110298292334376,0.0028180208404357684,-0.000771436801207957,0.01166310638093677
9980,-0.008882726411780456,0.022961189843202723,-0.011832129186313954,0.02981176671578385,0.0002022215619629115
9982,-0.022382053481879147,-0.010964610270331784,-0.003398754568856887,0.0036112596013690872,0.0176698659059116
9984,-0.0026434867615288005,0.00815385243917888,6.0009233149669094e-05,0.010480195108995546,-0.0031218887486439296
9986,-0.015747484862408536,-0.008962128082359156,0.02118600118291747,-0.0036367236989338267,0.0292116428173553
9988,0.016849622943532837,0.0020217418573793156,-0.04665361972785594,-0.012564003824790863,-0.008979851827723918
9990,0.012720183475946112,0.008814557957588466,0.007384148562975313,0.0008612131864520065,-0.008234972131925226
9992,0.023397562142362806,-0.010587782586549462,0.0031726240280091265,-0.007556126885508434,0.0009168657397418691
9994,-0.016937063069006563,0.007887714553173211,0.029379288769798725,0.005968879734004026,0.012416922710418105
9996,-0.027643414166191052,-0.0026758981132128422,0.002223825172105903,-0.005457936027058882,-0.007023593061786795
9998,-0.012982097825408654,-0.008852610937264938,0.023445249950878624,0.0016070913336886548,-0.02831058542654395
10000,-0.008332233793481695,-0.007426304958068806,-0.030385774787594813,0.025511601461147844,0.0027006942234267715
